{"textures":{"0":"modelengine:entity/texture"},"elements":[{"from":[5.714286,16.428572,5.714286],"to":[10.285714,21.0,10.285714],"rotation":{"angle":0.0,"axis":"y","origin":[8.0,16.428572,8.0]},"faces":{"east":{"uv":[0.0,3.25,1.0,4.25],"rotation":0,"texture":"#0","tintindex":0},"south":{"uv":[3.0,3.25,4.0,4.25],"rotation":0,"texture":"#0","tintindex":0},"north":{"uv":[1.0,3.25,2.0,4.25],"rotation":0,"texture":"#0","tintindex":0},"west":{"uv":[2.0,3.25,3.0,4.25],"rotation":0,"texture":"#0","tintindex":0},"up":{"uv":[2.0,3.25,1.0,2.25],"rotation":0,"texture":"#0","tintindex":0},"down":{"uv":[3.0,2.25,2.0,3.25],"rotation":0,"texture":"#0","tintindex":0}}}],"display":{"head":{"translation":[0.0,-6.4,0.0],"scale":[4.0,4.0,4.0]}}}