{"textures":{"0":"modelengine:entity/texture"},"elements":[{"from":[6.857143,2.2857141,8.0],"to":[9.142858,8.0,10.285714],"rotation":{"angle":0.0,"axis":"y","origin":[9.714286,2.2857141,9.142858]},"faces":{"east":{"uv":[1.5,6.0,2.0,7.25],"rotation":0,"texture":"#0","tintindex":0},"south":{"uv":[3.0,6.0,3.5,7.25],"rotation":0,"texture":"#0","tintindex":0},"north":{"uv":[2.0,6.0,2.5,7.25],"rotation":0,"texture":"#0","tintindex":0},"west":{"uv":[2.5,6.0,3.0,7.25],"rotation":0,"texture":"#0","tintindex":0},"up":{"uv":[2.5,6.0,2.0,5.5],"rotation":0,"texture":"#0","tintindex":0},"down":{"uv":[3.0,5.5,2.5,6.0],"rotation":0,"texture":"#0","tintindex":0}}}],"display":{"head":{"translation":[0.0,-6.4,0.0],"scale":[4.0,4.0,4.0]}}}