{"textures":{"0":"modelengine:entity/texture"},"elements":[{"from":[6.857143,2.2857141,6.857143],"to":[9.142858,8.0,9.142858],"rotation":{"angle":0.0,"axis":"y","origin":[9.714286,-3.4285717,8.0]},"faces":{"east":{"uv":[0.0,4.75,0.5,6.0],"rotation":0,"texture":"#0","tintindex":0},"south":{"uv":[1.5,4.75,2.0,6.0],"rotation":0,"texture":"#0","tintindex":0},"north":{"uv":[0.5,4.75,1.0,6.0],"rotation":0,"texture":"#0","tintindex":0},"west":{"uv":[1.0,4.75,1.5,6.0],"rotation":0,"texture":"#0","tintindex":0},"up":{"uv":[1.0,4.75,0.5,4.25],"rotation":0,"texture":"#0","tintindex":0},"down":{"uv":[1.5,4.25,1.0,4.75],"rotation":0,"texture":"#0","tintindex":0}}}],"display":{"head":{"translation":[0.0,-6.4,0.0],"scale":[4.0,4.0,4.0]}}}