{"textures":{"0":"modelengine:entity/texture"},"elements":[{"from":[7.428571,1.1428566,8.0],"to":[8.571428,8.0,10.285714],"rotation":{"angle":0.0,"axis":"y","origin":[8.0,6.857143,9.142858]},"faces":{"east":{"uv":[6.5,1.75,7.0,3.25],"rotation":0,"texture":"#0","tintindex":0},"south":{"uv":[7.75,1.75,8.0,3.25],"rotation":0,"texture":"#0","tintindex":0},"north":{"uv":[7.0,1.75,7.25,3.25],"rotation":0,"texture":"#0","tintindex":0},"west":{"uv":[7.25,1.75,7.75,3.25],"rotation":0,"texture":"#0","tintindex":0},"up":{"uv":[7.25,1.75,7.0,1.25],"rotation":0,"texture":"#0","tintindex":0},"down":{"uv":[7.5,1.25,7.25,1.75],"rotation":0,"texture":"#0","tintindex":0}}}],"display":{"head":{"translation":[0.0,-6.4,0.0],"scale":[4.0,4.0,4.0]}}}