{"textures":{"0":"modelengine:entity/texture"},"elements":[{"from":[7.428571,1.1428566,8.0],"to":[8.571428,8.0,10.285714],"rotation":{"angle":0.0,"axis":"y","origin":[8.0,6.857143,9.142858]},"faces":{"east":{"uv":[0.0,6.5,0.5,8.0],"rotation":0,"texture":"#0","tintindex":0},"south":{"uv":[1.25,6.5,1.5,8.0],"rotation":0,"texture":"#0","tintindex":0},"north":{"uv":[0.5,6.5,0.75,8.0],"rotation":0,"texture":"#0","tintindex":0},"west":{"uv":[0.75,6.5,1.25,8.0],"rotation":0,"texture":"#0","tintindex":0},"up":{"uv":[0.75,6.5,0.5,6.0],"rotation":0,"texture":"#0","tintindex":0},"down":{"uv":[1.0,6.0,0.75,6.5],"rotation":0,"texture":"#0","tintindex":0}}}],"display":{"head":{"translation":[0.0,-6.4,0.0],"scale":[4.0,4.0,4.0]}}}