{"textures":{"0":"modelengine:entity/texture"},"elements":[{"from":[6.857143,2.2857141,6.857143],"to":[9.142858,8.0,9.142858],"rotation":{"angle":0.0,"axis":"y","origin":[6.285714,-3.4285717,8.0]},"faces":{"east":{"uv":[4.5,2.25,5.0,3.5],"rotation":0,"texture":"#0","tintindex":0},"south":{"uv":[6.0,2.25,6.5,3.5],"rotation":0,"texture":"#0","tintindex":0},"north":{"uv":[5.0,2.25,5.5,3.5],"rotation":0,"texture":"#0","tintindex":0},"west":{"uv":[5.5,2.25,6.0,3.5],"rotation":0,"texture":"#0","tintindex":0},"up":{"uv":[5.5,2.25,5.0,1.75],"rotation":0,"texture":"#0","tintindex":0},"down":{"uv":[6.0,1.75,5.5,2.25],"rotation":0,"texture":"#0","tintindex":0}}}],"display":{"head":{"translation":[0.0,-6.4,0.0],"scale":[4.0,4.0,4.0]}}}