{"textures":{"0":"modelengine:entity/texture"},"elements":[{"from":[6.857143,2.2857141,8.0],"to":[9.142858,8.0,10.285714],"rotation":{"angle":0.0,"axis":"y","origin":[6.285714,2.2857141,9.142858]},"faces":{"east":{"uv":[5.0,0.5,5.5,1.75],"rotation":0,"texture":"#0","tintindex":0},"south":{"uv":[6.5,0.5,7.0,1.75],"rotation":0,"texture":"#0","tintindex":0},"north":{"uv":[5.5,0.5,6.0,1.75],"rotation":0,"texture":"#0","tintindex":0},"west":{"uv":[6.0,0.5,6.5,1.75],"rotation":0,"texture":"#0","tintindex":0},"up":{"uv":[6.0,0.5,5.5,0.0],"rotation":0,"texture":"#0","tintindex":0},"down":{"uv":[6.5,0.0,6.0,0.5],"rotation":0,"texture":"#0","tintindex":0}}}],"display":{"head":{"translation":[0.0,-6.4,0.0],"scale":[4.0,4.0,4.0]}}}