{"textures":{"0":"modelengine:entity/texture"},"elements":[{"from":[8.0,0.5714283,6.857143],"to":[9.142858,8.0,9.142858],"rotation":{"angle":0.0,"axis":"y","origin":[8.571428,6.857143,8.571428]},"faces":{"east":{"uv":[3.5,6.0,4.0,7.625],"rotation":0,"texture":"#0","tintindex":0},"south":{"uv":[4.75,6.0,5.0,7.625],"rotation":0,"texture":"#0","tintindex":0},"north":{"uv":[4.0,6.0,4.25,7.625],"rotation":0,"texture":"#0","tintindex":0},"west":{"uv":[4.25,6.0,4.75,7.625],"rotation":0,"texture":"#0","tintindex":0},"up":{"uv":[4.25,6.0,4.0,5.5],"rotation":0,"texture":"#0","tintindex":0},"down":{"uv":[4.5,5.5,4.25,6.0],"rotation":0,"texture":"#0","tintindex":0}}}],"display":{"head":{"translation":[0.0,-6.4,0.0],"scale":[4.0,4.0,4.0]}}}