{"textures":{"0":"modelengine:entity/texture"},"elements":[{"from":[4.0,7.428571,6.285714],"to":[12.0,14.285715,9.714286],"rotation":{"angle":0.0,"axis":"y","origin":[8.0,-9.714287,8.0]},"faces":{"east":{"uv":[0.0,0.75,0.75,2.25],"rotation":0,"texture":"#0","tintindex":0},"south":{"uv":[3.25,0.75,5.0,2.25],"rotation":0,"texture":"#0","tintindex":0},"north":{"uv":[0.75,0.75,2.5,2.25],"rotation":0,"texture":"#0","tintindex":0},"west":{"uv":[2.5,0.75,3.25,2.25],"rotation":0,"texture":"#0","tintindex":0},"up":{"uv":[2.5,0.75,0.75,0.0],"rotation":0,"texture":"#0","tintindex":0},"down":{"uv":[4.25,0.0,2.5,0.75],"rotation":0,"texture":"#0","tintindex":0}}}],"display":{"head":{"translation":[0.0,-6.4,0.0],"scale":[4.0,4.0,4.0]}}}