{"textures":{"0":"modelengine:entity/texture"},"elements":[{"from":[5.142857,3.8095236,6.5714283],"to":[10.857143,9.523809,9.428572],"rotation":{"angle":0.0,"axis":"y","origin":[8.0,3.8095236,8.0]},"faces":{"east":{"uv":[3.375,4.25,4.0,5.5],"rotation":0,"texture":"#0","tintindex":0},"south":{"uv":[5.875,4.25,7.125,5.5],"rotation":0,"texture":"#0","tintindex":0},"north":{"uv":[4.0,4.25,5.25,5.5],"rotation":0,"texture":"#0","tintindex":0},"west":{"uv":[5.25,4.25,5.875,5.5],"rotation":0,"texture":"#0","tintindex":0},"up":{"uv":[5.25,4.25,4.0,3.625],"rotation":0,"texture":"#0","tintindex":0},"down":{"uv":[6.5,3.625,5.25,4.25],"rotation":0,"texture":"#0","tintindex":0}}},{"from":[4.5714283,7.2380953,6.857143],"to":[6.285714,10.095238,9.142858],"rotation":{"angle":22.5,"axis":"z","origin":[5.428571,8.666667,8.0]},"faces":{"east":{"uv":[6.5,7.125,7.0,7.75],"rotation":0,"texture":"#0","tintindex":0},"south":{"uv":[7.875,7.125,8.25,7.75],"rotation":0,"texture":"#0","tintindex":0},"north":{"uv":[7.0,7.125,7.375,7.75],"rotation":0,"texture":"#0","tintindex":0},"west":{"uv":[7.375,7.125,7.875,7.75],"rotation":0,"texture":"#0","tintindex":0},"up":{"uv":[7.375,7.125,7.0,6.625],"rotation":0,"texture":"#0","tintindex":0},"down":{"uv":[7.75,6.625,7.375,7.125],"rotation":0,"texture":"#0","tintindex":0}}},{"from":[9.714286,7.2380953,6.857143],"to":[11.428572,10.095238,9.142858],"rotation":{"angle":-22.5,"axis":"z","origin":[10.571428,8.666667,8.0]},"faces":{"east":{"uv":[6.5,6.0,7.0,6.625],"rotation":0,"texture":"#0","tintindex":0},"south":{"uv":[7.875,6.0,8.25,6.625],"rotation":0,"texture":"#0","tintindex":0},"north":{"uv":[7.0,6.0,7.375,6.625],"rotation":0,"texture":"#0","tintindex":0},"west":{"uv":[7.375,6.0,7.875,6.625],"rotation":0,"texture":"#0","tintindex":0},"up":{"uv":[7.375,6.0,7.0,5.5],"rotation":0,"texture":"#0","tintindex":0},"down":{"uv":[7.75,5.5,7.375,6.0],"rotation":0,"texture":"#0","tintindex":0}}}],"display":{"head":{"translation":[0.0,-6.4,0.0],"scale":[4.0,4.0,4.0]}}}