{"textures":{"0":"modelengine:entity/lunarisstag"},"elements":[{"from":[6.285714,6.5067883,6.667206],"to":[8.857143,7.649646,9.238634],"rotation":{"angle":-22.5,"axis":"x","origin":[8.0,6.5067883,7.3814917]},"faces":{"east":{"uv":[9.5,12.125,10.0,12.375],"rotation":0,"texture":"#0","tintindex":0},"south":{"uv":[11.0,12.125,11.5,12.375],"rotation":0,"texture":"#0","tintindex":0},"north":{"uv":[10.0,12.125,10.5,12.375],"rotation":0,"texture":"#0","tintindex":0},"west":{"uv":[10.5,12.125,11.0,12.375],"rotation":0,"texture":"#0","tintindex":0},"up":{"uv":[10.5,12.125,10.0,11.625],"rotation":0,"texture":"#0","tintindex":0},"down":{"uv":[11.0,11.625,10.5,12.125],"rotation":0,"texture":"#0","tintindex":0}}}],"display":{"head":{"translation":[0.0,-6.4,0.0],"scale":[4.0,4.0,4.0]}}}