{"textures":{"0":"modelengine:entity/lunarisstag"},"elements":[{"from":[6.857143,5.5714283,6.428571],"to":[9.142858,7.857143,13.857143],"rotation":{"angle":22.5,"axis":"x","origin":[8.0,5.714286,9.714286]},"faces":{"east":{"uv":[8.5,4.375,6.875,4.875],"rotation":0,"texture":"#0","tintindex":0},"south":{"uv":[9.0,4.375,8.5,4.875],"rotation":0,"texture":"#0","tintindex":0},"north":{"uv":[6.875,4.375,6.375,4.875],"rotation":0,"texture":"#0","tintindex":0},"west":{"uv":[6.375,4.375,4.75,4.875],"rotation":0,"texture":"#0","tintindex":0},"up":{"uv":[6.375,4.375,6.875,2.75],"rotation":0,"texture":"#0","tintindex":0},"down":{"uv":[6.875,2.75,7.375,4.375],"rotation":0,"texture":"#0","tintindex":0}}}],"display":{"head":{"translation":[0.0,-6.4,0.0],"scale":[4.0,4.0,4.0]}}}