{"textures":{"0":"modelengine:entity/lunarisstag"},"elements":[{"from":[7.142857,0.7275424,6.7770286],"to":[8.857143,8.156115,8.6341715],"rotation":{"angle":-22.5,"axis":"x","origin":[8.0,8.8704,6.9198856]},"faces":{"east":{"uv":[1.125,11.125,0.75,12.75],"rotation":0,"texture":"#0","tintindex":0},"south":{"uv":[1.5,11.125,1.125,12.75],"rotation":0,"texture":"#0","tintindex":0},"north":{"uv":[0.75,11.125,0.375,12.75],"rotation":0,"texture":"#0","tintindex":0},"west":{"uv":[0.375,11.125,0.0,12.75],"rotation":0,"texture":"#0","tintindex":0},"up":{"uv":[0.375,11.125,0.75,10.75],"rotation":0,"texture":"#0","tintindex":0},"down":{"uv":[0.75,10.75,1.125,11.125],"rotation":0,"texture":"#0","tintindex":0}}}],"display":{"head":{"translation":[0.0,-6.4,0.0],"scale":[4.0,4.0,4.0]}}}