{"textures":{"0":"modelengine:entity/lunarisstag"},"elements":[{"from":[6.857143,6.142857,6.428571],"to":[9.142858,8.428572,13.857143],"rotation":{"angle":22.5,"axis":"x","origin":[8.0,6.285714,9.714286]},"faces":{"east":{"uv":[4.75,4.375,6.375,4.875],"rotation":0,"texture":"#0","tintindex":0},"south":{"uv":[8.5,4.375,9.0,4.875],"rotation":0,"texture":"#0","tintindex":0},"north":{"uv":[6.375,4.375,6.875,4.875],"rotation":0,"texture":"#0","tintindex":0},"west":{"uv":[6.875,4.375,8.5,4.875],"rotation":0,"texture":"#0","tintindex":0},"up":{"uv":[6.875,4.375,6.375,2.75],"rotation":0,"texture":"#0","tintindex":0},"down":{"uv":[7.375,2.75,6.875,4.375],"rotation":0,"texture":"#0","tintindex":0}}}],"display":{"head":{"translation":[0.0,-6.4,0.0],"scale":[4.0,4.0,4.0]}}}