{"textures":{"0":"modelengine:entity/lunarisstag"},"elements":[{"from":[7.428571,0.0,6.428571],"to":[10.857143,5.142857,9.714286],"rotation":{"angle":0.0,"axis":"y","origin":[9.428572,4.0,7.285714]},"faces":{"east":{"uv":[11.0,2.0,10.375,3.125],"rotation":0,"texture":"#0","tintindex":0},"south":{"uv":[11.75,2.0,11.0,3.125],"rotation":0,"texture":"#0","tintindex":0},"north":{"uv":[10.375,2.0,9.625,3.125],"rotation":0,"texture":"#0","tintindex":0},"west":{"uv":[9.625,2.0,9.0,3.125],"rotation":0,"texture":"#0","tintindex":0},"up":{"uv":[9.625,2.0,10.375,1.375],"rotation":0,"texture":"#0","tintindex":0},"down":{"uv":[10.375,1.375,11.125,2.0],"rotation":0,"texture":"#0","tintindex":0}}},{"from":[6.5714283,4.678571,6.428571],"to":[9.857143,9.25,9.714286],"rotation":{"angle":45.0,"axis":"z","origin":[9.857143,6.107143,8.142858]},"faces":{"east":{"uv":[4.375,9.875,3.75,10.875],"rotation":0,"texture":"#0","tintindex":0},"south":{"uv":[5.0,9.875,4.375,10.875],"rotation":0,"texture":"#0","tintindex":0},"north":{"uv":[3.75,9.875,3.125,10.875],"rotation":0,"texture":"#0","tintindex":0},"west":{"uv":[3.125,9.875,2.5,10.875],"rotation":0,"texture":"#0","tintindex":0},"up":{"uv":[3.125,9.875,3.75,9.25],"rotation":0,"texture":"#0","tintindex":0},"down":{"uv":[3.75,9.25,4.375,9.875],"rotation":0,"texture":"#0","tintindex":0}}}],"display":{"head":{"translation":[0.0,-6.4,0.0],"scale":[4.0,4.0,4.0]}}}