{"textures":{"0":"modelengine:entity/lunarisstag"},"elements":[{"from":[5.142857,0.0,6.428571],"to":[8.571428,5.142857,9.714286],"rotation":{"angle":0.0,"axis":"y","origin":[6.5714283,4.0,7.285714]},"faces":{"east":{"uv":[9.0,2.0,9.625,3.125],"rotation":0,"texture":"#0","tintindex":0},"south":{"uv":[11.0,2.0,11.75,3.125],"rotation":0,"texture":"#0","tintindex":0},"north":{"uv":[9.625,2.0,10.375,3.125],"rotation":0,"texture":"#0","tintindex":0},"west":{"uv":[10.375,2.0,11.0,3.125],"rotation":0,"texture":"#0","tintindex":0},"up":{"uv":[10.375,2.0,9.625,1.375],"rotation":0,"texture":"#0","tintindex":0},"down":{"uv":[11.125,1.375,10.375,2.0],"rotation":0,"texture":"#0","tintindex":0}}},{"from":[6.142857,4.678571,6.428571],"to":[9.428572,9.25,9.714286],"rotation":{"angle":-45.0,"axis":"z","origin":[6.142857,6.107143,8.142858]},"faces":{"east":{"uv":[2.5,9.875,3.125,10.875],"rotation":0,"texture":"#0","tintindex":0},"south":{"uv":[4.375,9.875,5.0,10.875],"rotation":0,"texture":"#0","tintindex":0},"north":{"uv":[3.125,9.875,3.75,10.875],"rotation":0,"texture":"#0","tintindex":0},"west":{"uv":[3.75,9.875,4.375,10.875],"rotation":0,"texture":"#0","tintindex":0},"up":{"uv":[3.75,9.875,3.125,9.25],"rotation":0,"texture":"#0","tintindex":0},"down":{"uv":[4.375,9.25,3.75,9.875],"rotation":0,"texture":"#0","tintindex":0}}}],"display":{"head":{"translation":[0.0,-6.4,0.0],"scale":[4.0,4.0,4.0]}}}