{"textures":{"0":"modelengine:entity/lunarisstag"},"elements":[{"from":[5.142857,6.262343,3.3885827],"to":[10.857143,12.548058,9.674297],"rotation":{"angle":0.0,"axis":"y","origin":[8.0,9.119486,9.102869]},"faces":{"east":{"uv":[0.0,1.375,1.375,2.75],"rotation":0,"texture":"#0","tintindex":0},"south":{"uv":[4.0,1.375,5.25,2.75],"rotation":0,"texture":"#0","tintindex":0},"north":{"uv":[1.375,1.375,2.625,2.75],"rotation":0,"texture":"#0","tintindex":0},"west":{"uv":[2.625,1.375,4.0,2.75],"rotation":0,"texture":"#0","tintindex":0},"up":{"uv":[2.625,1.375,1.375,0.0],"rotation":0,"texture":"#0","tintindex":0},"down":{"uv":[3.875,0.0,2.625,1.375],"rotation":0,"texture":"#0","tintindex":0}}},{"from":[5.714286,7.690914,-0.6114178],"to":[10.285714,12.548058,5.674297],"rotation":{"angle":45.0,"axis":"x","origin":[8.0,9.4052,2.5314398]},"faces":{"east":{"uv":[0.0,4.125,1.375,5.125],"rotation":0,"texture":"#0","tintindex":0},"south":{"uv":[3.75,4.125,4.75,5.125],"rotation":0,"texture":"#0","tintindex":0},"north":{"uv":[1.375,4.125,2.375,5.125],"rotation":0,"texture":"#0","tintindex":0},"west":{"uv":[2.375,4.125,3.75,5.125],"rotation":0,"texture":"#0","tintindex":0},"up":{"uv":[2.375,4.125,1.375,2.75],"rotation":0,"texture":"#0","tintindex":0},"down":{"uv":[3.375,2.75,2.375,4.125],"rotation":0,"texture":"#0","tintindex":0}}},{"from":[5.714286,6.262343,9.674297],"to":[10.285714,12.548058,13.102869],"rotation":{"angle":0.0,"axis":"y","origin":[8.0,9.119486,17.674297]},"faces":{"east":{"uv":[0.0,7.75,0.75,9.125],"rotation":0,"texture":"#0","tintindex":0},"south":{"uv":[2.5,7.75,3.5,9.125],"rotation":0,"texture":"#0","tintindex":0},"north":{"uv":[0.75,7.75,1.75,9.125],"rotation":0,"texture":"#0","tintindex":0},"west":{"uv":[1.75,7.75,2.5,9.125],"rotation":0,"texture":"#0","tintindex":0},"up":{"uv":[1.75,7.75,0.75,7.0],"rotation":0,"texture":"#0","tintindex":0},"down":{"uv":[2.75,7.0,1.75,7.75],"rotation":0,"texture":"#0","tintindex":0}}},{"from":[5.714286,9.119486,12.388583],"to":[10.285714,11.976628,15.817155],"rotation":{"angle":22.5,"axis":"x","origin":[8.0,10.548058,14.245726]},"faces":{"east":{"uv":[8.25,0.75,9.0,1.375],"rotation":0,"texture":"#0","tintindex":0},"south":{"uv":[10.75,0.75,11.75,1.375],"rotation":0,"texture":"#0","tintindex":0},"north":{"uv":[9.0,0.75,10.0,1.375],"rotation":0,"texture":"#0","tintindex":0},"west":{"uv":[10.0,0.75,10.75,1.375],"rotation":0,"texture":"#0","tintindex":0},"up":{"uv":[10.0,0.75,9.0,0.0],"rotation":0,"texture":"#0","tintindex":0},"down":{"uv":[11.0,0.0,10.0,0.75],"rotation":0,"texture":"#0","tintindex":0}}},{"from":[6.285714,10.548058,14.102869],"to":[9.714286,10.548058,16.960012],"rotation":{"angle":-22.5,"axis":"x","origin":[8.0,10.548058,14.245726]},"faces":{"east":{"uv":[1.5,11.5,2.125,11.5],"rotation":0,"texture":"#0","tintindex":0},"south":{"uv":[3.5,11.5,4.25,11.5],"rotation":0,"texture":"#0","tintindex":0},"north":{"uv":[2.125,11.5,2.875,11.5],"rotation":0,"texture":"#0","tintindex":0},"west":{"uv":[2.875,11.5,3.5,11.5],"rotation":0,"texture":"#0","tintindex":0},"up":{"uv":[2.875,11.5,2.125,10.875],"rotation":0,"texture":"#0","tintindex":0},"down":{"uv":[3.625,10.875,2.875,11.5],"rotation":0,"texture":"#0","tintindex":0}}},{"from":[6.285714,6.548057,16.960012],"to":[9.714286,10.548058,16.960012],"rotation":{"angle":-22.5,"axis":"x","origin":[8.0,10.548058,14.245726]},"faces":{"east":{"uv":[2.75,11.5,2.75,12.375],"rotation":0,"texture":"#0","tintindex":0},"south":{"uv":[3.5,11.5,4.25,12.375],"rotation":0,"texture":"#0","tintindex":0},"north":{"uv":[2.75,11.5,3.5,12.375],"rotation":0,"texture":"#0","tintindex":0},"west":{"uv":[3.5,11.5,3.5,12.375],"rotation":0,"texture":"#0","tintindex":0},"up":{"uv":[3.5,11.5,2.75,11.5],"rotation":0,"texture":"#0","tintindex":0},"down":{"uv":[4.25,11.5,3.5,11.5],"rotation":0,"texture":"#0","tintindex":0}}},{"from":[6.285714,5.690914,16.960012],"to":[8.0,6.548057,16.960012],"rotation":{"angle":-22.5,"axis":"x","origin":[8.0,10.548058,14.245726]},"faces":{"east":{"uv":[2.5,9.125,2.5,9.25],"rotation":0,"texture":"#0","tintindex":0},"south":{"uv":[2.875,9.125,3.25,9.25],"rotation":0,"texture":"#0","tintindex":0},"north":{"uv":[2.5,9.125,2.875,9.25],"rotation":0,"texture":"#0","tintindex":0},"west":{"uv":[2.875,9.125,2.875,9.25],"rotation":0,"texture":"#0","tintindex":0},"up":{"uv":[2.875,9.125,2.5,9.125],"rotation":0,"texture":"#0","tintindex":0},"down":{"uv":[3.25,9.125,2.875,9.125],"rotation":0,"texture":"#0","tintindex":0}}},{"from":[8.857143,5.690914,16.960012],"to":[9.714286,6.548057,16.960012],"rotation":{"angle":-22.5,"axis":"x","origin":[8.0,10.548058,14.245726]},"faces":{"east":{"uv":[8.75,2.5,8.75,2.625],"rotation":0,"texture":"#0","tintindex":0},"south":{"uv":[8.875,2.5,9.0,2.625],"rotation":0,"texture":"#0","tintindex":0},"north":{"uv":[8.75,2.5,8.875,2.625],"rotation":0,"texture":"#0","tintindex":0},"west":{"uv":[8.875,2.5,8.875,2.625],"rotation":0,"texture":"#0","tintindex":0},"up":{"uv":[8.875,2.5,8.75,2.5],"rotation":0,"texture":"#0","tintindex":0},"down":{"uv":[9.0,2.5,8.875,2.5],"rotation":0,"texture":"#0","tintindex":0}}},{"from":[6.285714,5.690914,16.388584],"to":[6.285714,10.548058,16.960012],"rotation":{"angle":-22.5,"axis":"x","origin":[8.0,10.548058,14.245726]},"faces":{"east":{"uv":[4.5,5.25,4.625,6.25],"rotation":0,"texture":"#0","tintindex":0},"south":{"uv":[4.75,5.25,4.75,6.25],"rotation":0,"texture":"#0","tintindex":0},"north":{"uv":[4.625,5.25,4.625,6.25],"rotation":0,"texture":"#0","tintindex":0},"west":{"uv":[4.625,5.25,4.75,6.25],"rotation":0,"texture":"#0","tintindex":0},"up":{"uv":[4.625,5.25,4.625,5.125],"rotation":0,"texture":"#0","tintindex":0},"down":{"uv":[4.625,5.125,4.625,5.25],"rotation":0,"texture":"#0","tintindex":0}}},{"from":[6.285714,6.262343,15.817155],"to":[6.285714,10.548058,16.388584],"rotation":{"angle":-22.5,"axis":"x","origin":[8.0,10.548058,14.245726]},"faces":{"east":{"uv":[9.0,12.75,9.125,13.625],"rotation":0,"texture":"#0","tintindex":0},"south":{"uv":[9.25,12.75,9.25,13.625],"rotation":0,"texture":"#0","tintindex":0},"north":{"uv":[9.125,12.75,9.125,13.625],"rotation":0,"texture":"#0","tintindex":0},"west":{"uv":[9.125,12.75,9.25,13.625],"rotation":0,"texture":"#0","tintindex":0},"up":{"uv":[9.125,12.75,9.125,12.625],"rotation":0,"texture":"#0","tintindex":0},"down":{"uv":[9.125,12.625,9.125,12.75],"rotation":0,"texture":"#0","tintindex":0}}},{"from":[6.285714,7.4052,15.245726],"to":[6.285714,10.548058,15.817155],"rotation":{"angle":-22.5,"axis":"x","origin":[8.0,10.548058,14.245726]},"faces":{"east":{"uv":[9.5,11.0,9.625,11.625],"rotation":0,"texture":"#0","tintindex":0},"south":{"uv":[9.75,11.0,9.75,11.625],"rotation":0,"texture":"#0","tintindex":0},"north":{"uv":[9.625,11.0,9.625,11.625],"rotation":0,"texture":"#0","tintindex":0},"west":{"uv":[9.625,11.0,9.75,11.625],"rotation":0,"texture":"#0","tintindex":0},"up":{"uv":[9.625,11.0,9.625,10.875],"rotation":0,"texture":"#0","tintindex":0},"down":{"uv":[9.625,10.875,9.625,11.0],"rotation":0,"texture":"#0","tintindex":0}}},{"from":[9.714286,7.4052,15.245726],"to":[9.714286,10.548058,15.817155],"rotation":{"angle":-22.5,"axis":"x","origin":[8.0,10.548058,14.245726]},"faces":{"east":{"uv":[9.75,11.0,9.625,11.625],"rotation":0,"texture":"#0","tintindex":0},"south":{"uv":[9.75,11.0,9.75,11.625],"rotation":0,"texture":"#0","tintindex":0},"north":{"uv":[9.625,11.0,9.625,11.625],"rotation":0,"texture":"#0","tintindex":0},"west":{"uv":[9.625,11.0,9.5,11.625],"rotation":0,"texture":"#0","tintindex":0},"up":{"uv":[9.625,11.0,9.625,10.875],"rotation":0,"texture":"#0","tintindex":0},"down":{"uv":[9.625,10.875,9.625,11.0],"rotation":0,"texture":"#0","tintindex":0}}},{"from":[9.714286,5.690914,16.388584],"to":[9.714286,10.548058,16.960012],"rotation":{"angle":-22.5,"axis":"x","origin":[8.0,10.548058,14.245726]},"faces":{"east":{"uv":[4.75,5.25,4.625,6.25],"rotation":0,"texture":"#0","tintindex":0},"south":{"uv":[4.75,5.25,4.75,6.25],"rotation":0,"texture":"#0","tintindex":0},"north":{"uv":[4.625,5.25,4.625,6.25],"rotation":0,"texture":"#0","tintindex":0},"west":{"uv":[4.625,5.25,4.5,6.25],"rotation":0,"texture":"#0","tintindex":0},"up":{"uv":[4.625,5.25,4.625,5.125],"rotation":0,"texture":"#0","tintindex":0},"down":{"uv":[4.625,5.125,4.625,5.25],"rotation":0,"texture":"#0","tintindex":0}}},{"from":[9.714286,6.262343,15.817155],"to":[9.714286,10.548058,16.388584],"rotation":{"angle":-22.5,"axis":"x","origin":[8.0,10.548058,14.245726]},"faces":{"east":{"uv":[9.25,12.75,9.125,13.625],"rotation":0,"texture":"#0","tintindex":0},"south":{"uv":[9.25,12.75,9.25,13.625],"rotation":0,"texture":"#0","tintindex":0},"north":{"uv":[9.125,12.75,9.125,13.625],"rotation":0,"texture":"#0","tintindex":0},"west":{"uv":[9.125,12.75,9.0,13.625],"rotation":0,"texture":"#0","tintindex":0},"up":{"uv":[9.125,12.75,9.125,12.625],"rotation":0,"texture":"#0","tintindex":0},"down":{"uv":[9.125,12.625,9.125,12.75],"rotation":0,"texture":"#0","tintindex":0}}},{"from":[8.0,5.690914,16.960012],"to":[9.714286,6.548057,16.960012],"rotation":{"angle":-22.5,"axis":"x","origin":[8.0,10.548058,14.245726]},"faces":{"east":{"uv":[2.875,9.125,2.875,9.25],"rotation":0,"texture":"#0","tintindex":0},"south":{"uv":[3.25,9.125,2.875,9.25],"rotation":0,"texture":"#0","tintindex":0},"north":{"uv":[2.875,9.125,2.5,9.25],"rotation":0,"texture":"#0","tintindex":0},"west":{"uv":[2.5,9.125,2.5,9.25],"rotation":0,"texture":"#0","tintindex":0},"up":{"uv":[2.5,9.125,2.875,9.125],"rotation":0,"texture":"#0","tintindex":0},"down":{"uv":[2.875,9.125,3.25,9.125],"rotation":0,"texture":"#0","tintindex":0}}},{"from":[6.285714,5.690914,16.960012],"to":[7.142857,6.548057,16.960012],"rotation":{"angle":-22.5,"axis":"x","origin":[8.0,10.548058,14.245726]},"faces":{"east":{"uv":[8.875,2.5,8.875,2.625],"rotation":0,"texture":"#0","tintindex":0},"south":{"uv":[9.0,2.5,8.875,2.625],"rotation":0,"texture":"#0","tintindex":0},"north":{"uv":[8.875,2.5,8.75,2.625],"rotation":0,"texture":"#0","tintindex":0},"west":{"uv":[8.75,2.5,8.75,2.625],"rotation":0,"texture":"#0","tintindex":0},"up":{"uv":[8.75,2.5,8.875,2.5],"rotation":0,"texture":"#0","tintindex":0},"down":{"uv":[8.875,2.5,9.0,2.5],"rotation":0,"texture":"#0","tintindex":0}}}],"display":{"head":{"translation":[0.0,-6.4,0.0],"scale":[4.0,4.0,4.0]}}}