{"textures":{"0":"modelengine:entity/lunarisstag"},"elements":[{"from":[6.285714,6.285714,6.285714],"to":[9.714286,9.714286,9.714286],"rotation":{"angle":-45.0,"axis":"y","origin":[8.0,8.0,8.0]},"faces":{"east":{"uv":[6.25,10.25,7.0,11.0],"rotation":0,"texture":"#0","tintindex":0},"south":{"uv":[8.5,10.25,9.25,11.0],"rotation":0,"texture":"#0","tintindex":0},"north":{"uv":[7.0,10.25,7.75,11.0],"rotation":0,"texture":"#0","tintindex":0},"west":{"uv":[7.75,10.25,8.5,11.0],"rotation":0,"texture":"#0","tintindex":0},"up":{"uv":[7.75,10.25,7.0,9.5],"rotation":0,"texture":"#0","tintindex":0},"down":{"uv":[8.5,9.5,7.75,10.25],"rotation":0,"texture":"#0","tintindex":0}}}],"display":{"head":{"translation":[0.0,-6.4,0.0],"scale":[4.0,4.0,4.0]}}}