{"textures":{"0":"modelengine:entity/lunarisstag"},"elements":[{"from":[5.714286,-5.1428576,2.7142854],"to":[10.285714,-1.1428576,7.285714],"rotation":{"angle":0.0,"axis":"y","origin":[8.0,-3.1428576,5.0]},"faces":{"east":{"uv":[5.5,1.0,6.5,1.875],"rotation":0,"texture":"#0","tintindex":0},"south":{"uv":[8.5,1.0,9.5,1.875],"rotation":0,"texture":"#0","tintindex":0},"north":{"uv":[6.5,1.0,7.5,1.875],"rotation":0,"texture":"#0","tintindex":0},"west":{"uv":[7.5,1.0,8.5,1.875],"rotation":0,"texture":"#0","tintindex":0},"up":{"uv":[7.5,1.0,6.5,0.0],"rotation":0,"texture":"#0","tintindex":0},"down":{"uv":[8.5,0.0,7.5,1.0],"rotation":0,"texture":"#0","tintindex":0}}},{"from":[6.0,-2.0,6.142857],"to":[7.428571,-0.57142925,9.0],"rotation":{"angle":-45.0,"axis":"x","origin":[6.714286,-1.5714293,7.285714]},"faces":{"east":{"uv":[8.25,2.5,8.875,2.75],"rotation":0,"texture":"#0","tintindex":0},"south":{"uv":[9.75,2.5,10.0,2.75],"rotation":0,"texture":"#0","tintindex":0},"north":{"uv":[8.875,2.5,9.125,2.75],"rotation":0,"texture":"#0","tintindex":0},"west":{"uv":[9.125,2.5,9.75,2.75],"rotation":0,"texture":"#0","tintindex":0},"up":{"uv":[9.125,2.5,8.875,1.875],"rotation":0,"texture":"#0","tintindex":0},"down":{"uv":[9.375,1.875,9.125,2.5],"rotation":0,"texture":"#0","tintindex":0}}},{"from":[3.142857,-0.14285755,7.5714283],"to":[6.857143,0.7142854,8.428572],"rotation":{"angle":-22.5,"axis":"z","origin":[4.714286,0.28571415,8.0]},"faces":{"east":{"uv":[12.25,11.125,12.375,11.25],"rotation":0,"texture":"#0","tintindex":0},"south":{"uv":[13.25,11.125,14.0,11.25],"rotation":0,"texture":"#0","tintindex":0},"north":{"uv":[12.375,11.125,13.125,11.25],"rotation":0,"texture":"#0","tintindex":0},"west":{"uv":[13.125,11.125,13.25,11.25],"rotation":0,"texture":"#0","tintindex":0},"up":{"uv":[13.125,11.125,12.375,11.0],"rotation":0,"texture":"#0","tintindex":0},"down":{"uv":[13.875,11.0,13.125,11.125],"rotation":0,"texture":"#0","tintindex":0}}},{"from":[-1.1893358,1.6312909,7.5714283],"to":[4.239236,2.4884334,8.428572],"rotation":{"angle":-45.0,"axis":"z","origin":[1.8106642,1.4884334,8.0]},"faces":{"east":{"uv":[11.5,12.125,11.625,12.25],"rotation":0,"texture":"#0","tintindex":0},"south":{"uv":[12.875,12.125,14.0,12.25],"rotation":0,"texture":"#0","tintindex":0},"north":{"uv":[11.625,12.125,12.75,12.25],"rotation":0,"texture":"#0","tintindex":0},"west":{"uv":[12.75,12.125,12.875,12.25],"rotation":0,"texture":"#0","tintindex":0},"up":{"uv":[12.75,12.125,11.625,12.0],"rotation":0,"texture":"#0","tintindex":0},"down":{"uv":[13.875,12.0,12.75,12.125],"rotation":0,"texture":"#0","tintindex":0}}},{"from":[-4.7912226,2.6127272,7.5714283],"to":[0.92306376,3.46987,8.428572],"rotation":{"angle":22.5,"axis":"z","origin":[-2.0769367,3.6127272,8.0]},"faces":{"east":{"uv":[7.5,11.25,7.625,11.375],"rotation":0,"texture":"#0","tintindex":0},"south":{"uv":[9.0,11.25,10.25,11.375],"rotation":0,"texture":"#0","tintindex":0},"north":{"uv":[7.625,11.25,8.875,11.375],"rotation":0,"texture":"#0","tintindex":0},"west":{"uv":[8.875,11.25,9.0,11.375],"rotation":0,"texture":"#0","tintindex":0},"up":{"uv":[8.875,11.25,7.625,11.125],"rotation":0,"texture":"#0","tintindex":0},"down":{"uv":[10.125,11.125,8.875,11.25],"rotation":0,"texture":"#0","tintindex":0}}},{"from":[2.2392359,1.6312909,7.5714283],"to":[5.9535213,2.4884334,8.428572],"rotation":{"angle":45.0,"axis":"z","origin":[1.8106642,1.4884334,8.0]},"faces":{"east":{"uv":[11.5,12.375,11.625,12.5],"rotation":0,"texture":"#0","tintindex":0},"south":{"uv":[12.5,12.375,13.25,12.5],"rotation":0,"texture":"#0","tintindex":0},"north":{"uv":[11.625,12.375,12.375,12.5],"rotation":0,"texture":"#0","tintindex":0},"west":{"uv":[12.375,12.375,12.5,12.5],"rotation":0,"texture":"#0","tintindex":0},"up":{"uv":[12.375,12.375,11.625,12.25],"rotation":0,"texture":"#0","tintindex":0},"down":{"uv":[13.125,12.25,12.375,12.375],"rotation":0,"texture":"#0","tintindex":0}}},{"from":[4.0084896,4.637238,7.5714283],"to":[6.0084896,5.494381,8.428572],"rotation":{"angle":45.0,"axis":"z","origin":[4.437061,4.922952,8.0]},"faces":{"east":{"uv":[5.5,13.125,5.625,13.25],"rotation":0,"texture":"#0","tintindex":0},"south":{"uv":[6.125,13.125,6.5,13.25],"rotation":0,"texture":"#0","tintindex":0},"north":{"uv":[5.625,13.125,6.0,13.25],"rotation":0,"texture":"#0","tintindex":0},"west":{"uv":[6.0,13.125,6.125,13.25],"rotation":0,"texture":"#0","tintindex":0},"up":{"uv":[6.0,13.125,5.625,13.0],"rotation":0,"texture":"#0","tintindex":0},"down":{"uv":[6.375,13.0,6.0,13.125],"rotation":0,"texture":"#0","tintindex":0}}},{"from":[4.2942038,3.780095,7.5714283],"to":[6.865632,4.637238,8.428572],"rotation":{"angle":-22.5,"axis":"z","origin":[4.437061,4.922952,8.0]},"faces":{"east":{"uv":[12.25,11.875,12.375,12.0],"rotation":0,"texture":"#0","tintindex":0},"south":{"uv":[13.0,11.875,13.5,12.0],"rotation":0,"texture":"#0","tintindex":0},"north":{"uv":[12.375,11.875,12.875,12.0],"rotation":0,"texture":"#0","tintindex":0},"west":{"uv":[12.875,11.875,13.0,12.0],"rotation":0,"texture":"#0","tintindex":0},"up":{"uv":[12.875,11.875,12.375,11.75],"rotation":0,"texture":"#0","tintindex":0},"down":{"uv":[13.375,11.75,12.875,11.875],"rotation":0,"texture":"#0","tintindex":0}}},{"from":[-0.18933582,3.3455763,7.5714283],"to":[0.6678071,8.774148,8.428572],"rotation":{"angle":0.0,"axis":"y","origin":[-1.9036217,2.0598621,8.0]},"faces":{"east":{"uv":[7.0,12.375,7.125,13.5],"rotation":0,"texture":"#0","tintindex":0},"south":{"uv":[7.375,12.375,7.5,13.5],"rotation":0,"texture":"#0","tintindex":0},"north":{"uv":[7.125,12.375,7.25,13.5],"rotation":0,"texture":"#0","tintindex":0},"west":{"uv":[7.25,12.375,7.375,13.5],"rotation":0,"texture":"#0","tintindex":0},"up":{"uv":[7.25,12.375,7.125,12.25],"rotation":0,"texture":"#0","tintindex":0},"down":{"uv":[7.375,12.25,7.25,12.375],"rotation":0,"texture":"#0","tintindex":0}}},{"from":[-1.9036217,6.774148,7.5714283],"to":[-1.0464783,11.059862,8.428572],"rotation":{"angle":45.0,"axis":"z","origin":[0.23923588,10.63129,8.0]},"faces":{"east":{"uv":[12.5,12.625,12.625,13.5],"rotation":0,"texture":"#0","tintindex":0},"south":{"uv":[12.875,12.625,13.0,13.5],"rotation":0,"texture":"#0","tintindex":0},"north":{"uv":[12.625,12.625,12.75,13.5],"rotation":0,"texture":"#0","tintindex":0},"west":{"uv":[12.75,12.625,12.875,13.5],"rotation":0,"texture":"#0","tintindex":0},"up":{"uv":[12.75,12.625,12.625,12.5],"rotation":0,"texture":"#0","tintindex":0},"down":{"uv":[12.875,12.5,12.75,12.625],"rotation":0,"texture":"#0","tintindex":0}}},{"from":[-0.99745846,9.157904,7.5714283],"to":[-0.14031506,13.443619,8.428572],"rotation":{"angle":45.0,"axis":"z","origin":[-0.56888676,9.015047,8.0]},"faces":{"east":{"uv":[2.25,12.875,2.375,13.75],"rotation":0,"texture":"#0","tintindex":0},"south":{"uv":[2.625,12.875,2.75,13.75],"rotation":0,"texture":"#0","tintindex":0},"north":{"uv":[2.375,12.875,2.5,13.75],"rotation":0,"texture":"#0","tintindex":0},"west":{"uv":[2.5,12.875,2.625,13.75],"rotation":0,"texture":"#0","tintindex":0},"up":{"uv":[2.5,12.875,2.375,12.75],"rotation":0,"texture":"#0","tintindex":0},"down":{"uv":[2.625,12.75,2.5,12.875],"rotation":0,"texture":"#0","tintindex":0}}},{"from":[1.0963783,8.20272,7.5714283],"to":[1.9535213,13.917006,8.428572],"rotation":{"angle":-45.0,"axis":"z","origin":[0.23923588,10.059862,8.0]},"faces":{"east":{"uv":[1.25,11.625,1.375,12.875],"rotation":0,"texture":"#0","tintindex":0},"south":{"uv":[1.625,11.625,1.75,12.875],"rotation":0,"texture":"#0","tintindex":0},"north":{"uv":[1.375,11.625,1.5,12.875],"rotation":0,"texture":"#0","tintindex":0},"west":{"uv":[1.5,11.625,1.625,12.875],"rotation":0,"texture":"#0","tintindex":0},"up":{"uv":[1.5,11.625,1.375,11.5],"rotation":0,"texture":"#0","tintindex":0},"down":{"uv":[1.625,11.5,1.5,11.625],"rotation":0,"texture":"#0","tintindex":0}}},{"from":[3.0676627,10.927157,7.5714283],"to":[3.9248056,14.927158,8.428572],"rotation":{"angle":-22.5,"axis":"z","origin":[3.496234,10.927157,8.0]},"faces":{"east":{"uv":[3.25,12.875,3.375,13.75],"rotation":0,"texture":"#0","tintindex":0},"south":{"uv":[3.625,12.875,3.75,13.75],"rotation":0,"texture":"#0","tintindex":0},"north":{"uv":[3.375,12.875,3.5,13.75],"rotation":0,"texture":"#0","tintindex":0},"west":{"uv":[3.5,12.875,3.625,13.75],"rotation":0,"texture":"#0","tintindex":0},"up":{"uv":[3.5,12.875,3.375,12.75],"rotation":0,"texture":"#0","tintindex":0},"down":{"uv":[3.625,12.75,3.5,12.875],"rotation":0,"texture":"#0","tintindex":0}}},{"from":[4.37972,14.094745,7.5714283],"to":[5.236863,18.094746,8.428572],"rotation":{"angle":22.5,"axis":"z","origin":[4.8082914,14.094745,8.0]},"faces":{"east":{"uv":[3.75,12.875,3.875,13.75],"rotation":0,"texture":"#0","tintindex":0},"south":{"uv":[4.125,12.875,4.25,13.75],"rotation":0,"texture":"#0","tintindex":0},"north":{"uv":[3.875,12.875,4.0,13.75],"rotation":0,"texture":"#0","tintindex":0},"west":{"uv":[4.0,12.875,4.125,13.75],"rotation":0,"texture":"#0","tintindex":0},"up":{"uv":[4.0,12.875,3.875,12.75],"rotation":0,"texture":"#0","tintindex":0},"down":{"uv":[4.125,12.75,4.0,12.875],"rotation":0,"texture":"#0","tintindex":0}}},{"from":[6.285714,-1.7142859,4.5714283],"to":[7.428571,1.4285712,5.714286],"rotation":{"angle":-22.5,"axis":"x","origin":[6.857143,0.0,5.142857]},"faces":{"east":{"uv":[4.25,5.75,4.5,6.375],"rotation":0,"texture":"#0","tintindex":0},"south":{"uv":[5.0,5.75,5.25,6.375],"rotation":0,"texture":"#0","tintindex":0},"north":{"uv":[4.5,5.75,4.75,6.375],"rotation":0,"texture":"#0","tintindex":0},"west":{"uv":[4.75,5.75,5.0,6.375],"rotation":0,"texture":"#0","tintindex":0},"up":{"uv":[4.75,5.75,4.5,5.5],"rotation":0,"texture":"#0","tintindex":0},"down":{"uv":[5.0,5.5,4.75,5.75],"rotation":0,"texture":"#0","tintindex":0}}},{"from":[9.714286,-3.000001,5.5714283],"to":[13.142858,-1.0,6.142857],"rotation":{"angle":22.5,"axis":"z","origin":[9.714286,-2.0,5.8571424]},"faces":{"east":{"uv":[12.25,6.0,12.375,6.375],"rotation":0,"texture":"#0","tintindex":0},"south":{"uv":[13.25,6.0,14.0,6.375],"rotation":0,"texture":"#0","tintindex":0},"north":{"uv":[12.375,6.0,13.125,6.375],"rotation":0,"texture":"#0","tintindex":0},"west":{"uv":[13.125,6.0,13.25,6.375],"rotation":0,"texture":"#0","tintindex":0},"up":{"uv":[13.125,6.0,12.375,5.875],"rotation":0,"texture":"#0","tintindex":0},"down":{"uv":[13.875,5.875,13.125,6.0],"rotation":0,"texture":"#0","tintindex":0}}},{"from":[7.0,-5.000001,0.42857122],"to":[9.0,-2.1428576,3.8571424],"rotation":{"angle":-22.5,"axis":"x","origin":[8.0,-3.1428576,0.9999995]},"faces":{"east":{"uv":[10.5,7.625,11.25,8.25],"rotation":0,"texture":"#0","tintindex":0},"south":{"uv":[12.375,7.625,12.75,8.25],"rotation":0,"texture":"#0","tintindex":0},"north":{"uv":[11.25,7.625,11.625,8.25],"rotation":0,"texture":"#0","tintindex":0},"west":{"uv":[11.625,7.625,12.375,8.25],"rotation":0,"texture":"#0","tintindex":0},"up":{"uv":[11.625,7.625,11.25,6.875],"rotation":0,"texture":"#0","tintindex":0},"down":{"uv":[12.0,6.875,11.625,7.625],"rotation":0,"texture":"#0","tintindex":0}}},{"from":[6.857143,-3.5714293,-1.4285717],"to":[9.142858,-1.8571434,0.85714245],"rotation":{"angle":-22.5,"axis":"x","origin":[8.0,-3.1428576,0.9999995]},"faces":{"east":{"uv":[10.25,11.625,10.75,12.0],"rotation":0,"texture":"#0","tintindex":0},"south":{"uv":[11.75,11.625,12.25,12.0],"rotation":0,"texture":"#0","tintindex":0},"north":{"uv":[10.75,11.625,11.25,12.0],"rotation":0,"texture":"#0","tintindex":0},"west":{"uv":[11.25,11.625,11.75,12.0],"rotation":0,"texture":"#0","tintindex":0},"up":{"uv":[11.25,11.625,10.75,11.125],"rotation":0,"texture":"#0","tintindex":0},"down":{"uv":[11.75,11.125,11.25,11.625],"rotation":0,"texture":"#0","tintindex":0}}},{"from":[6.928571,-5.127797,-0.80486107],"to":[9.071428,-2.9849405,1.1951394],"rotation":{"angle":0.0,"axis":"y","origin":[8.0,-4.4135113,-0.94771767]},"faces":{"east":{"uv":[5.5,12.625,5.875,13.0],"rotation":0,"texture":"#0","tintindex":0},"south":{"uv":[6.625,12.625,7.0,13.0],"rotation":0,"texture":"#0","tintindex":0},"north":{"uv":[5.875,12.625,6.25,13.0],"rotation":0,"texture":"#0","tintindex":0},"west":{"uv":[6.25,12.625,6.625,13.0],"rotation":0,"texture":"#0","tintindex":0},"up":{"uv":[6.25,12.625,5.875,12.25],"rotation":0,"texture":"#0","tintindex":0},"down":{"uv":[6.625,12.25,6.25,12.625],"rotation":0,"texture":"#0","tintindex":0}}},{"from":[2.8571424,-3.000001,5.5714283],"to":[6.285714,-1.0,6.142857],"rotation":{"angle":-22.5,"axis":"z","origin":[6.285714,-2.0,5.8571424]},"faces":{"east":{"uv":[12.25,6.5,12.375,6.875],"rotation":0,"texture":"#0","tintindex":0},"south":{"uv":[13.25,6.5,14.0,6.875],"rotation":0,"texture":"#0","tintindex":0},"north":{"uv":[12.375,6.5,13.125,6.875],"rotation":0,"texture":"#0","tintindex":0},"west":{"uv":[13.125,6.5,13.25,6.875],"rotation":0,"texture":"#0","tintindex":0},"up":{"uv":[13.125,6.5,12.375,6.375],"rotation":0,"texture":"#0","tintindex":0},"down":{"uv":[13.875,6.375,13.125,6.5],"rotation":0,"texture":"#0","tintindex":0}}},{"from":[8.571428,-1.7142859,4.5714283],"to":[9.714286,1.4285712,5.714286],"rotation":{"angle":-22.5,"axis":"x","origin":[9.142858,0.0,5.142857]},"faces":{"east":{"uv":[4.25,6.625,4.5,7.25],"rotation":0,"texture":"#0","tintindex":0},"south":{"uv":[5.0,6.625,5.25,7.25],"rotation":0,"texture":"#0","tintindex":0},"north":{"uv":[4.5,6.625,4.75,7.25],"rotation":0,"texture":"#0","tintindex":0},"west":{"uv":[4.75,6.625,5.0,7.25],"rotation":0,"texture":"#0","tintindex":0},"up":{"uv":[4.75,6.625,4.5,6.375],"rotation":0,"texture":"#0","tintindex":0},"down":{"uv":[5.0,6.375,4.75,6.625],"rotation":0,"texture":"#0","tintindex":0}}},{"from":[8.571428,-2.0,6.142857],"to":[10.0,-0.57142925,9.0],"rotation":{"angle":-45.0,"axis":"x","origin":[9.285714,-1.5714293,7.285714]},"faces":{"east":{"uv":[7.5,12.75,8.125,13.0],"rotation":0,"texture":"#0","tintindex":0},"south":{"uv":[9.0,12.75,9.25,13.0],"rotation":0,"texture":"#0","tintindex":0},"north":{"uv":[8.125,12.75,8.375,13.0],"rotation":0,"texture":"#0","tintindex":0},"west":{"uv":[8.375,12.75,9.0,13.0],"rotation":0,"texture":"#0","tintindex":0},"up":{"uv":[8.375,12.75,8.125,12.125],"rotation":0,"texture":"#0","tintindex":0},"down":{"uv":[8.625,12.125,8.375,12.75],"rotation":0,"texture":"#0","tintindex":0}}},{"from":[9.142858,-0.14285755,7.5714283],"to":[12.857143,0.7142854,8.428572],"rotation":{"angle":22.5,"axis":"z","origin":[11.285714,0.28571415,8.0]},"faces":{"east":{"uv":[12.25,11.375,12.375,11.5],"rotation":0,"texture":"#0","tintindex":0},"south":{"uv":[13.25,11.375,14.0,11.5],"rotation":0,"texture":"#0","tintindex":0},"north":{"uv":[12.375,11.375,13.125,11.5],"rotation":0,"texture":"#0","tintindex":0},"west":{"uv":[13.125,11.375,13.25,11.5],"rotation":0,"texture":"#0","tintindex":0},"up":{"uv":[13.125,11.375,12.375,11.25],"rotation":0,"texture":"#0","tintindex":0},"down":{"uv":[13.875,11.25,13.125,11.375],"rotation":0,"texture":"#0","tintindex":0}}},{"from":[9.134368,3.780095,7.5714283],"to":[11.705796,4.637238,8.428572],"rotation":{"angle":22.5,"axis":"z","origin":[11.562939,4.922952,8.0]},"faces":{"east":{"uv":[2.75,9.25,2.875,9.375],"rotation":0,"texture":"#0","tintindex":0},"south":{"uv":[3.5,9.25,4.0,9.375],"rotation":0,"texture":"#0","tintindex":0},"north":{"uv":[2.875,9.25,3.375,9.375],"rotation":0,"texture":"#0","tintindex":0},"west":{"uv":[3.375,9.25,3.5,9.375],"rotation":0,"texture":"#0","tintindex":0},"up":{"uv":[3.375,9.25,2.875,9.125],"rotation":0,"texture":"#0","tintindex":0},"down":{"uv":[3.875,9.125,3.375,9.25],"rotation":0,"texture":"#0","tintindex":0}}},{"from":[15.076937,2.6127272,7.5714283],"to":[20.791222,3.46987,8.428572],"rotation":{"angle":-22.5,"axis":"z","origin":[18.076937,3.6127272,8.0]},"faces":{"east":{"uv":[5.5,2.625,5.625,2.75],"rotation":0,"texture":"#0","tintindex":0},"south":{"uv":[7.0,2.625,8.25,2.75],"rotation":0,"texture":"#0","tintindex":0},"north":{"uv":[5.625,2.625,6.875,2.75],"rotation":0,"texture":"#0","tintindex":0},"west":{"uv":[6.875,2.625,7.0,2.75],"rotation":0,"texture":"#0","tintindex":0},"up":{"uv":[6.875,2.625,5.625,2.5],"rotation":0,"texture":"#0","tintindex":0},"down":{"uv":[8.125,2.5,6.875,2.625],"rotation":0,"texture":"#0","tintindex":0}}},{"from":[10.046478,1.6312909,7.5714283],"to":[13.760764,2.4884334,8.428572],"rotation":{"angle":-45.0,"axis":"z","origin":[14.189336,1.4884334,8.0]},"faces":{"east":{"uv":[12.25,11.625,12.375,11.75],"rotation":0,"texture":"#0","tintindex":0},"south":{"uv":[13.25,11.625,14.0,11.75],"rotation":0,"texture":"#0","tintindex":0},"north":{"uv":[12.375,11.625,13.125,11.75],"rotation":0,"texture":"#0","tintindex":0},"west":{"uv":[13.125,11.625,13.25,11.75],"rotation":0,"texture":"#0","tintindex":0},"up":{"uv":[13.125,11.625,12.375,11.5],"rotation":0,"texture":"#0","tintindex":0},"down":{"uv":[13.875,11.5,13.125,11.625],"rotation":0,"texture":"#0","tintindex":0}}},{"from":[9.99151,4.637238,7.5714283],"to":[11.99151,5.494381,8.428572],"rotation":{"angle":-45.0,"axis":"z","origin":[11.562939,4.922952,8.0]},"faces":{"east":{"uv":[7.5,13.125,7.625,13.25],"rotation":0,"texture":"#0","tintindex":0},"south":{"uv":[8.125,13.125,8.5,13.25],"rotation":0,"texture":"#0","tintindex":0},"north":{"uv":[7.625,13.125,8.0,13.25],"rotation":0,"texture":"#0","tintindex":0},"west":{"uv":[8.0,13.125,8.125,13.25],"rotation":0,"texture":"#0","tintindex":0},"up":{"uv":[8.0,13.125,7.625,13.0],"rotation":0,"texture":"#0","tintindex":0},"down":{"uv":[8.375,13.0,8.0,13.125],"rotation":0,"texture":"#0","tintindex":0}}},{"from":[10.763137,14.094745,7.5714283],"to":[11.620279,18.094746,8.428572],"rotation":{"angle":-22.5,"axis":"z","origin":[11.191709,14.094745,8.0]},"faces":{"east":{"uv":[11.5,12.625,11.625,13.5],"rotation":0,"texture":"#0","tintindex":0},"south":{"uv":[11.875,12.625,12.0,13.5],"rotation":0,"texture":"#0","tintindex":0},"north":{"uv":[11.625,12.625,11.75,13.5],"rotation":0,"texture":"#0","tintindex":0},"west":{"uv":[11.75,12.625,11.875,13.5],"rotation":0,"texture":"#0","tintindex":0},"up":{"uv":[11.75,12.625,11.625,12.5],"rotation":0,"texture":"#0","tintindex":0},"down":{"uv":[11.875,12.5,11.75,12.625],"rotation":0,"texture":"#0","tintindex":0}}},{"from":[16.140316,9.157904,7.5714283],"to":[16.99746,13.443619,8.428572],"rotation":{"angle":-45.0,"axis":"z","origin":[16.568886,9.015047,8.0]},"faces":{"east":{"uv":[12.0,12.625,12.125,13.5],"rotation":0,"texture":"#0","tintindex":0},"south":{"uv":[12.375,12.625,12.5,13.5],"rotation":0,"texture":"#0","tintindex":0},"north":{"uv":[12.125,12.625,12.25,13.5],"rotation":0,"texture":"#0","tintindex":0},"west":{"uv":[12.25,12.625,12.375,13.5],"rotation":0,"texture":"#0","tintindex":0},"up":{"uv":[12.25,12.625,12.125,12.5],"rotation":0,"texture":"#0","tintindex":0},"down":{"uv":[12.375,12.5,12.25,12.625],"rotation":0,"texture":"#0","tintindex":0}}},{"from":[11.760764,1.6312909,7.5714283],"to":[17.189335,2.4884334,8.428572],"rotation":{"angle":45.0,"axis":"z","origin":[14.189336,1.4884334,8.0]},"faces":{"east":{"uv":[12.25,0.125,12.375,0.25],"rotation":0,"texture":"#0","tintindex":0},"south":{"uv":[13.625,0.125,14.75,0.25],"rotation":0,"texture":"#0","tintindex":0},"north":{"uv":[12.375,0.125,13.5,0.25],"rotation":0,"texture":"#0","tintindex":0},"west":{"uv":[13.5,0.125,13.625,0.25],"rotation":0,"texture":"#0","tintindex":0},"up":{"uv":[13.5,0.125,12.375,0.0],"rotation":0,"texture":"#0","tintindex":0},"down":{"uv":[14.625,0.0,13.5,0.125],"rotation":0,"texture":"#0","tintindex":0}}},{"from":[15.332193,3.3455763,7.5714283],"to":[16.189335,8.774148,8.428572],"rotation":{"angle":0.0,"axis":"y","origin":[17.903622,2.0598621,8.0]},"faces":{"east":{"uv":[12.5,8.375,12.625,9.5],"rotation":0,"texture":"#0","tintindex":0},"south":{"uv":[12.875,8.375,13.0,9.5],"rotation":0,"texture":"#0","tintindex":0},"north":{"uv":[12.625,8.375,12.75,9.5],"rotation":0,"texture":"#0","tintindex":0},"west":{"uv":[12.75,8.375,12.875,9.5],"rotation":0,"texture":"#0","tintindex":0},"up":{"uv":[12.75,8.375,12.625,8.25],"rotation":0,"texture":"#0","tintindex":0},"down":{"uv":[12.875,8.25,12.75,8.375],"rotation":0,"texture":"#0","tintindex":0}}},{"from":[17.046478,6.774148,7.5714283],"to":[17.903622,11.059862,8.428572],"rotation":{"angle":-45.0,"axis":"z","origin":[15.760764,10.63129,8.0]},"faces":{"east":{"uv":[2.75,12.875,2.875,13.75],"rotation":0,"texture":"#0","tintindex":0},"south":{"uv":[3.125,12.875,3.25,13.75],"rotation":0,"texture":"#0","tintindex":0},"north":{"uv":[2.875,12.875,3.0,13.75],"rotation":0,"texture":"#0","tintindex":0},"west":{"uv":[3.0,12.875,3.125,13.75],"rotation":0,"texture":"#0","tintindex":0},"up":{"uv":[3.0,12.875,2.875,12.75],"rotation":0,"texture":"#0","tintindex":0},"down":{"uv":[3.125,12.75,3.0,12.875],"rotation":0,"texture":"#0","tintindex":0}}},{"from":[14.046478,8.20272,7.5714283],"to":[14.903622,13.917006,8.428572],"rotation":{"angle":45.0,"axis":"z","origin":[15.760764,10.059862,8.0]},"faces":{"east":{"uv":[1.75,11.625,1.875,12.875],"rotation":0,"texture":"#0","tintindex":0},"south":{"uv":[2.125,11.625,2.25,12.875],"rotation":0,"texture":"#0","tintindex":0},"north":{"uv":[1.875,11.625,2.0,12.875],"rotation":0,"texture":"#0","tintindex":0},"west":{"uv":[2.0,11.625,2.125,12.875],"rotation":0,"texture":"#0","tintindex":0},"up":{"uv":[2.0,11.625,1.875,11.5],"rotation":0,"texture":"#0","tintindex":0},"down":{"uv":[2.125,11.5,2.0,11.625],"rotation":0,"texture":"#0","tintindex":0}}},{"from":[12.075194,10.927157,7.5714283],"to":[12.932337,14.927158,8.428572],"rotation":{"angle":22.5,"axis":"z","origin":[12.503766,10.927157,8.0]},"faces":{"east":{"uv":[4.25,12.875,4.375,13.75],"rotation":0,"texture":"#0","tintindex":0},"south":{"uv":[4.625,12.875,4.75,13.75],"rotation":0,"texture":"#0","tintindex":0},"north":{"uv":[4.375,12.875,4.5,13.75],"rotation":0,"texture":"#0","tintindex":0},"west":{"uv":[4.5,12.875,4.625,13.75],"rotation":0,"texture":"#0","tintindex":0},"up":{"uv":[4.5,12.875,4.375,12.75],"rotation":0,"texture":"#0","tintindex":0},"down":{"uv":[4.625,12.75,4.5,12.875],"rotation":0,"texture":"#0","tintindex":0}}}],"display":{"head":{"translation":[0.0,-6.4,0.0],"scale":[4.0,4.0,4.0]}}}