{"textures":{"0":"modelengine:entity/lunarisstag"},"elements":[{"from":[6.714286,4.5714283,7.428571],"to":[9.285714,8.0,9.714286],"rotation":{"angle":0.0,"axis":"y","origin":[8.0,5.714286,8.285714]},"faces":{"east":{"uv":[5.75,11.375,5.25,12.125],"rotation":0,"texture":"#0","tintindex":0},"south":{"uv":[6.25,11.375,5.75,12.125],"rotation":0,"texture":"#0","tintindex":0},"north":{"uv":[5.25,11.375,4.75,12.125],"rotation":0,"texture":"#0","tintindex":0},"west":{"uv":[4.75,11.375,4.25,12.125],"rotation":0,"texture":"#0","tintindex":0},"up":{"uv":[4.75,11.375,5.25,10.875],"rotation":0,"texture":"#0","tintindex":0},"down":{"uv":[5.25,10.875,5.75,11.375],"rotation":0,"texture":"#0","tintindex":0}}},{"from":[9.285714,3.4285712,7.428571],"to":[9.285714,4.5714283,9.714286],"rotation":{"angle":0.0,"axis":"y","origin":[10.0,2.2857141,8.285714]},"faces":{"east":{"uv":[13.0,7.625,12.5,7.875],"rotation":0,"texture":"#0","tintindex":0},"south":{"uv":[13.0,7.625,13.0,7.875],"rotation":0,"texture":"#0","tintindex":0},"north":{"uv":[12.5,7.625,12.5,7.875],"rotation":0,"texture":"#0","tintindex":0},"west":{"uv":[12.5,7.625,12.0,7.875],"rotation":0,"texture":"#0","tintindex":0},"up":{"uv":[12.5,7.625,12.5,7.125],"rotation":0,"texture":"#0","tintindex":0},"down":{"uv":[12.5,7.125,12.5,7.625],"rotation":0,"texture":"#0","tintindex":0}}},{"from":[6.714286,3.4285712,7.428571],"to":[6.714286,4.5714283,9.714286],"rotation":{"angle":0.0,"axis":"y","origin":[8.0,2.2857141,8.285714]},"faces":{"east":{"uv":[6.25,12.625,5.75,12.875],"rotation":0,"texture":"#0","tintindex":0},"south":{"uv":[6.25,12.625,6.25,12.875],"rotation":0,"texture":"#0","tintindex":0},"north":{"uv":[5.75,12.625,5.75,12.875],"rotation":0,"texture":"#0","tintindex":0},"west":{"uv":[5.75,12.625,5.25,12.875],"rotation":0,"texture":"#0","tintindex":0},"up":{"uv":[5.75,12.625,5.75,12.125],"rotation":0,"texture":"#0","tintindex":0},"down":{"uv":[5.75,12.125,5.75,12.625],"rotation":0,"texture":"#0","tintindex":0}}},{"from":[6.714286,2.2857141,8.0],"to":[6.714286,3.4285712,9.714286],"rotation":{"angle":0.0,"axis":"y","origin":[8.0,1.1428566,8.285714]},"faces":{"east":{"uv":[12.75,12.75,12.375,13.0],"rotation":0,"texture":"#0","tintindex":0},"south":{"uv":[12.75,12.75,12.75,13.0],"rotation":0,"texture":"#0","tintindex":0},"north":{"uv":[12.375,12.75,12.375,13.0],"rotation":0,"texture":"#0","tintindex":0},"west":{"uv":[12.375,12.75,12.0,13.0],"rotation":0,"texture":"#0","tintindex":0},"up":{"uv":[12.375,12.75,12.375,12.375],"rotation":0,"texture":"#0","tintindex":0},"down":{"uv":[12.375,12.375,12.375,12.75],"rotation":0,"texture":"#0","tintindex":0}}},{"from":[9.285714,2.2857141,8.0],"to":[9.285714,3.4285712,9.714286],"rotation":{"angle":0.0,"axis":"y","origin":[10.0,1.1428566,8.285714]},"faces":{"east":{"uv":[9.0,13.0,8.625,13.25],"rotation":0,"texture":"#0","tintindex":0},"south":{"uv":[9.0,13.0,9.0,13.25],"rotation":0,"texture":"#0","tintindex":0},"north":{"uv":[8.625,13.0,8.625,13.25],"rotation":0,"texture":"#0","tintindex":0},"west":{"uv":[8.625,13.0,8.25,13.25],"rotation":0,"texture":"#0","tintindex":0},"up":{"uv":[8.625,13.0,8.625,12.625],"rotation":0,"texture":"#0","tintindex":0},"down":{"uv":[8.625,12.625,8.625,13.0],"rotation":0,"texture":"#0","tintindex":0}}},{"from":[6.714286,3.4285712,9.714286],"to":[9.285714,4.5714283,9.714286],"rotation":{"angle":0.0,"axis":"y","origin":[9.285714,4.0,10.571428]},"faces":{"east":{"uv":[13.25,12.375,13.25,12.625],"rotation":0,"texture":"#0","tintindex":0},"south":{"uv":[13.75,12.375,13.25,12.625],"rotation":0,"texture":"#0","tintindex":0},"north":{"uv":[13.25,12.375,12.75,12.625],"rotation":0,"texture":"#0","tintindex":0},"west":{"uv":[12.75,12.375,12.75,12.625],"rotation":0,"texture":"#0","tintindex":0},"up":{"uv":[12.75,12.375,13.25,12.375],"rotation":0,"texture":"#0","tintindex":0},"down":{"uv":[13.25,12.375,13.75,12.375],"rotation":0,"texture":"#0","tintindex":0}}},{"from":[6.714286,2.2857141,9.714286],"to":[9.285714,3.4285712,9.714286],"rotation":{"angle":0.0,"axis":"y","origin":[9.285714,2.8571424,10.571428]},"faces":{"east":{"uv":[13.25,12.625,13.25,12.875],"rotation":0,"texture":"#0","tintindex":0},"south":{"uv":[13.75,12.625,13.25,12.875],"rotation":0,"texture":"#0","tintindex":0},"north":{"uv":[13.25,12.625,12.75,12.875],"rotation":0,"texture":"#0","tintindex":0},"west":{"uv":[12.75,12.625,12.75,12.875],"rotation":0,"texture":"#0","tintindex":0},"up":{"uv":[12.75,12.625,13.25,12.625],"rotation":0,"texture":"#0","tintindex":0},"down":{"uv":[13.25,12.625,13.75,12.625],"rotation":0,"texture":"#0","tintindex":0}}},{"from":[6.714286,3.4285712,7.428571],"to":[9.285714,4.5714283,7.428571],"rotation":{"angle":0.0,"axis":"y","origin":[9.285714,4.0,8.285714]},"faces":{"east":{"uv":[5.75,12.875,5.75,13.125],"rotation":0,"texture":"#0","tintindex":0},"south":{"uv":[6.25,12.875,5.75,13.125],"rotation":0,"texture":"#0","tintindex":0},"north":{"uv":[5.75,12.875,5.25,13.125],"rotation":0,"texture":"#0","tintindex":0},"west":{"uv":[5.25,12.875,5.25,13.125],"rotation":0,"texture":"#0","tintindex":0},"up":{"uv":[5.25,12.875,5.75,12.875],"rotation":0,"texture":"#0","tintindex":0},"down":{"uv":[5.75,12.875,6.25,12.875],"rotation":0,"texture":"#0","tintindex":0}}},{"from":[7.0,-1.1428576,7.857143],"to":[9.0,4.5714283,9.285714],"rotation":{"angle":0.0,"axis":"y","origin":[8.0,3.4285712,8.285714]},"faces":{"east":{"uv":[9.125,11.125,8.875,12.375],"rotation":0,"texture":"#0","tintindex":0},"south":{"uv":[9.5,11.125,9.125,12.375],"rotation":0,"texture":"#0","tintindex":0},"north":{"uv":[8.875,11.125,8.5,12.375],"rotation":0,"texture":"#0","tintindex":0},"west":{"uv":[8.5,11.125,8.25,12.375],"rotation":0,"texture":"#0","tintindex":0},"up":{"uv":[8.5,11.125,8.875,10.875],"rotation":0,"texture":"#0","tintindex":0},"down":{"uv":[8.875,10.875,9.25,11.125],"rotation":0,"texture":"#0","tintindex":0}}}],"display":{"head":{"translation":[0.0,-6.4,0.0],"scale":[4.0,4.0,4.0]}}}