{"textures":{"0":"modelengine:entity/lunarisstag"},"elements":[{"from":[6.714286,6.857143,6.142857],"to":[9.285714,8.0,8.714286],"rotation":{"angle":0.0,"axis":"y","origin":[8.0,11.428572,6.857143]},"faces":{"east":{"uv":[11.25,11.375,11.75,11.625],"rotation":0,"texture":"#0","tintindex":0},"south":{"uv":[12.75,11.375,13.25,11.625],"rotation":0,"texture":"#0","tintindex":0},"north":{"uv":[11.75,11.375,12.25,11.625],"rotation":0,"texture":"#0","tintindex":0},"west":{"uv":[12.25,11.375,12.75,11.625],"rotation":0,"texture":"#0","tintindex":0},"up":{"uv":[12.25,11.375,11.75,10.875],"rotation":0,"texture":"#0","tintindex":0},"down":{"uv":[12.75,10.875,12.25,11.375],"rotation":0,"texture":"#0","tintindex":0}}}],"display":{"head":{"translation":[0.0,-6.4,0.0],"scale":[4.0,4.0,4.0]}}}