{"textures":{"0":"modelengine:entity/lunarisstag"},"elements":[{"from":[6.714286,6.964286,7.142857],"to":[9.0,10.964286,10.571428],"rotation":{"angle":-45.0,"axis":"z","origin":[6.714286,8.392858,8.857143]},"faces":{"east":{"uv":[9.0,8.625,9.75,9.5],"rotation":0,"texture":"#0","tintindex":0},"south":{"uv":[11.0,8.625,11.5,9.5],"rotation":0,"texture":"#0","tintindex":0},"north":{"uv":[9.75,8.625,10.25,9.5],"rotation":0,"texture":"#0","tintindex":0},"west":{"uv":[10.25,8.625,11.0,9.5],"rotation":0,"texture":"#0","tintindex":0},"up":{"uv":[10.25,8.625,9.75,7.875],"rotation":0,"texture":"#0","tintindex":0},"down":{"uv":[10.75,7.875,10.25,8.625],"rotation":0,"texture":"#0","tintindex":0}}},{"from":[5.714286,0.5714283,7.142857],"to":[8.571428,7.428571,10.571428],"rotation":{"angle":0.0,"axis":"y","origin":[7.142857,6.285714,8.0]},"faces":{"east":{"uv":[3.5,7.75,4.25,9.25],"rotation":0,"texture":"#0","tintindex":0},"south":{"uv":[5.625,7.75,6.25,9.25],"rotation":0,"texture":"#0","tintindex":0},"north":{"uv":[4.25,7.75,4.875,9.25],"rotation":0,"texture":"#0","tintindex":0},"west":{"uv":[4.875,7.75,5.625,9.25],"rotation":0,"texture":"#0","tintindex":0},"up":{"uv":[4.875,7.75,4.25,7.0],"rotation":0,"texture":"#0","tintindex":0},"down":{"uv":[5.5,7.0,4.875,7.75],"rotation":0,"texture":"#0","tintindex":0}}}],"display":{"head":{"translation":[0.0,-6.4,0.0],"scale":[4.0,4.0,4.0]}}}