{"textures":{"0":"modelengine:entity/lunarisstag"},"elements":[{"from":[5.714286,7.160966,6.0358915],"to":[10.285714,11.160966,10.60732],"rotation":{"angle":0.0,"axis":"y","origin":[8.0,9.160966,8.321606]},"faces":{"east":{"uv":[0.0,6.125,1.0,7.0],"rotation":0,"texture":"#0","tintindex":0},"south":{"uv":[3.0,6.125,4.0,7.0],"rotation":0,"texture":"#0","tintindex":0},"north":{"uv":[1.0,6.125,2.0,7.0],"rotation":0,"texture":"#0","tintindex":0},"west":{"uv":[2.0,6.125,3.0,7.0],"rotation":0,"texture":"#0","tintindex":0},"up":{"uv":[2.0,6.125,1.0,5.125],"rotation":0,"texture":"#0","tintindex":0},"down":{"uv":[3.0,5.125,2.0,6.125],"rotation":0,"texture":"#0","tintindex":0}}},{"from":[12.075194,23.230976,10.893034],"to":[12.932337,27.230978,11.750177],"rotation":{"angle":22.5,"axis":"z","origin":[12.503766,23.230976,11.321606]},"faces":{"east":{"uv":[11.5,12.5,11.625,13.375],"rotation":0,"texture":"#0","tintindex":0},"south":{"uv":[11.875,12.5,12.0,13.375],"rotation":0,"texture":"#0","tintindex":0},"north":{"uv":[11.625,12.5,11.75,13.375],"rotation":0,"texture":"#0","tintindex":0},"west":{"uv":[11.75,12.5,11.875,13.375],"rotation":0,"texture":"#0","tintindex":0},"up":{"uv":[11.75,12.5,11.625,12.375],"rotation":0,"texture":"#0","tintindex":0},"down":{"uv":[11.875,12.375,11.75,12.5],"rotation":0,"texture":"#0","tintindex":0}}},{"from":[14.04648,20.506542,10.893034],"to":[14.903624,26.220829,11.750177],"rotation":{"angle":45.0,"axis":"z","origin":[15.760766,22.363686,11.321606]},"faces":{"east":{"uv":[8.25,1.5,8.375,2.75],"rotation":0,"texture":"#0","tintindex":0},"south":{"uv":[8.625,1.5,8.75,2.75],"rotation":0,"texture":"#0","tintindex":0},"north":{"uv":[8.375,1.5,8.5,2.75],"rotation":0,"texture":"#0","tintindex":0},"west":{"uv":[8.5,1.5,8.625,2.75],"rotation":0,"texture":"#0","tintindex":0},"up":{"uv":[8.5,1.5,8.375,1.375],"rotation":0,"texture":"#0","tintindex":0},"down":{"uv":[8.625,1.375,8.5,1.5],"rotation":0,"texture":"#0","tintindex":0}}},{"from":[17.04648,19.077972,10.893034],"to":[17.903624,23.363686,11.750177],"rotation":{"angle":-45.0,"axis":"z","origin":[15.760766,22.935116,11.321606]},"faces":{"east":{"uv":[10.0,12.5,10.125,13.375],"rotation":0,"texture":"#0","tintindex":0},"south":{"uv":[10.375,12.5,10.5,13.375],"rotation":0,"texture":"#0","tintindex":0},"north":{"uv":[10.125,12.5,10.25,13.375],"rotation":0,"texture":"#0","tintindex":0},"west":{"uv":[10.25,12.5,10.375,13.375],"rotation":0,"texture":"#0","tintindex":0},"up":{"uv":[10.25,12.5,10.125,12.375],"rotation":0,"texture":"#0","tintindex":0},"down":{"uv":[10.375,12.375,10.25,12.5],"rotation":0,"texture":"#0","tintindex":0}}},{"from":[15.332194,15.649401,10.893034],"to":[16.189339,21.077972,11.750177],"rotation":{"angle":0.0,"axis":"y","origin":[17.903624,14.363686,11.321606]},"faces":{"east":{"uv":[3.25,12.5,3.375,13.625],"rotation":0,"texture":"#0","tintindex":0},"south":{"uv":[3.625,12.5,3.75,13.625],"rotation":0,"texture":"#0","tintindex":0},"north":{"uv":[3.375,12.5,3.5,13.625],"rotation":0,"texture":"#0","tintindex":0},"west":{"uv":[3.5,12.5,3.625,13.625],"rotation":0,"texture":"#0","tintindex":0},"up":{"uv":[3.5,12.5,3.375,12.375],"rotation":0,"texture":"#0","tintindex":0},"down":{"uv":[3.625,12.375,3.5,12.5],"rotation":0,"texture":"#0","tintindex":0}}},{"from":[11.760766,13.935114,10.893034],"to":[17.189339,14.792257,11.750177],"rotation":{"angle":45.0,"axis":"z","origin":[14.189337,13.792257,11.321606]},"faces":{"east":{"uv":[11.75,0.125,11.875,0.25],"rotation":0,"texture":"#0","tintindex":0},"south":{"uv":[13.125,0.125,14.25,0.25],"rotation":0,"texture":"#0","tintindex":0},"north":{"uv":[11.875,0.125,13.0,0.25],"rotation":0,"texture":"#0","tintindex":0},"west":{"uv":[13.0,0.125,13.125,0.25],"rotation":0,"texture":"#0","tintindex":0},"up":{"uv":[13.0,0.125,11.875,0.0],"rotation":0,"texture":"#0","tintindex":0},"down":{"uv":[14.125,0.0,13.0,0.125],"rotation":0,"texture":"#0","tintindex":0}}},{"from":[16.140316,21.461727,10.893034],"to":[20.42603,22.318869,11.750177],"rotation":{"angle":0.0,"axis":"y","origin":[16.568886,21.318869,11.321606]},"faces":{"east":{"uv":[12.0,4.875,12.125,5.0],"rotation":0,"texture":"#0","tintindex":0},"south":{"uv":[13.125,4.875,14.0,5.0],"rotation":0,"texture":"#0","tintindex":0},"north":{"uv":[12.125,4.875,13.0,5.0],"rotation":0,"texture":"#0","tintindex":0},"west":{"uv":[13.0,4.875,13.125,5.0],"rotation":0,"texture":"#0","tintindex":0},"up":{"uv":[13.0,4.875,12.125,4.75],"rotation":0,"texture":"#0","tintindex":0},"down":{"uv":[13.875,4.75,13.0,4.875],"rotation":0,"texture":"#0","tintindex":0}}},{"from":[10.763138,26.398567,10.893034],"to":[11.62028,30.398567,11.750177],"rotation":{"angle":-22.5,"axis":"z","origin":[11.191709,26.398567,11.321606]},"faces":{"east":{"uv":[3.75,12.5,3.875,13.375],"rotation":0,"texture":"#0","tintindex":0},"south":{"uv":[4.125,12.5,4.25,13.375],"rotation":0,"texture":"#0","tintindex":0},"north":{"uv":[3.875,12.5,4.0,13.375],"rotation":0,"texture":"#0","tintindex":0},"west":{"uv":[4.0,12.5,4.125,13.375],"rotation":0,"texture":"#0","tintindex":0},"up":{"uv":[4.0,12.5,3.875,12.375],"rotation":0,"texture":"#0","tintindex":0},"down":{"uv":[4.125,12.375,4.0,12.5],"rotation":0,"texture":"#0","tintindex":0}}},{"from":[11.134366,16.941057,10.893034],"to":[11.9915085,18.94106,11.750177],"rotation":{"angle":0.0,"axis":"y","origin":[11.562937,17.226772,11.321606]},"faces":{"east":{"uv":[1.5,13.125,1.625,13.5],"rotation":0,"texture":"#0","tintindex":0},"south":{"uv":[1.875,13.125,2.0,13.5],"rotation":0,"texture":"#0","tintindex":0},"north":{"uv":[1.625,13.125,1.75,13.5],"rotation":0,"texture":"#0","tintindex":0},"west":{"uv":[1.75,13.125,1.875,13.5],"rotation":0,"texture":"#0","tintindex":0},"up":{"uv":[1.75,13.125,1.625,13.0],"rotation":0,"texture":"#0","tintindex":0},"down":{"uv":[1.875,13.0,1.75,13.125],"rotation":0,"texture":"#0","tintindex":0}}},{"from":[10.04648,13.935114,10.893034],"to":[13.760766,14.792257,11.750177],"rotation":{"angle":-45.0,"axis":"z","origin":[14.189337,13.792257,11.321606]},"faces":{"east":{"uv":[12.0,6.125,12.125,6.25],"rotation":0,"texture":"#0","tintindex":0},"south":{"uv":[13.0,6.125,13.75,6.25],"rotation":0,"texture":"#0","tintindex":0},"north":{"uv":[12.125,6.125,12.875,6.25],"rotation":0,"texture":"#0","tintindex":0},"west":{"uv":[12.875,6.125,13.0,6.25],"rotation":0,"texture":"#0","tintindex":0},"up":{"uv":[12.875,6.125,12.125,6.0],"rotation":0,"texture":"#0","tintindex":0},"down":{"uv":[13.625,6.0,12.875,6.125],"rotation":0,"texture":"#0","tintindex":0}}},{"from":[15.076937,14.916549,10.893034],"to":[20.791224,15.773691,11.750177],"rotation":{"angle":-22.5,"axis":"z","origin":[18.076939,15.916549,11.321606]},"faces":{"east":{"uv":[11.25,9.625,11.375,9.75],"rotation":0,"texture":"#0","tintindex":0},"south":{"uv":[12.75,9.625,14.0,9.75],"rotation":0,"texture":"#0","tintindex":0},"north":{"uv":[11.375,9.625,12.625,9.75],"rotation":0,"texture":"#0","tintindex":0},"west":{"uv":[12.625,9.625,12.75,9.75],"rotation":0,"texture":"#0","tintindex":0},"up":{"uv":[12.625,9.625,11.375,9.5],"rotation":0,"texture":"#0","tintindex":0},"down":{"uv":[13.875,9.5,12.625,9.625],"rotation":0,"texture":"#0","tintindex":0}}},{"from":[9.134366,16.083916,10.893034],"to":[11.705794,16.941057,11.750177],"rotation":{"angle":22.5,"axis":"z","origin":[11.562937,17.226772,11.321606]},"faces":{"east":{"uv":[7.5,9.375,7.625,9.5],"rotation":0,"texture":"#0","tintindex":0},"south":{"uv":[8.25,9.375,8.75,9.5],"rotation":0,"texture":"#0","tintindex":0},"north":{"uv":[7.625,9.375,8.125,9.5],"rotation":0,"texture":"#0","tintindex":0},"west":{"uv":[8.125,9.375,8.25,9.5],"rotation":0,"texture":"#0","tintindex":0},"up":{"uv":[8.125,9.375,7.625,9.25],"rotation":0,"texture":"#0","tintindex":0},"down":{"uv":[8.625,9.25,8.125,9.375],"rotation":0,"texture":"#0","tintindex":0}}},{"from":[9.142858,12.160966,10.893034],"to":[12.857143,13.018108,11.750177],"rotation":{"angle":22.5,"axis":"z","origin":[11.285714,12.589537,11.321606]},"faces":{"east":{"uv":[12.0,5.625,12.125,5.75],"rotation":0,"texture":"#0","tintindex":0},"south":{"uv":[13.0,5.625,13.75,5.75],"rotation":0,"texture":"#0","tintindex":0},"north":{"uv":[12.125,5.625,12.875,5.75],"rotation":0,"texture":"#0","tintindex":0},"west":{"uv":[12.875,5.625,13.0,5.75],"rotation":0,"texture":"#0","tintindex":0},"up":{"uv":[12.875,5.625,12.125,5.5],"rotation":0,"texture":"#0","tintindex":0},"down":{"uv":[13.625,5.5,12.875,5.625],"rotation":0,"texture":"#0","tintindex":0}}},{"from":[8.571428,10.303823,9.464463],"to":[10.0,11.732394,12.321606],"rotation":{"angle":-45.0,"axis":"x","origin":[9.285714,10.732394,10.60732]},"faces":{"east":{"uv":[11.75,1.75,12.375,2.0],"rotation":0,"texture":"#0","tintindex":0},"south":{"uv":[13.25,1.75,13.5,2.0],"rotation":0,"texture":"#0","tintindex":0},"north":{"uv":[12.375,1.75,12.625,2.0],"rotation":0,"texture":"#0","tintindex":0},"west":{"uv":[12.625,1.75,13.25,2.0],"rotation":0,"texture":"#0","tintindex":0},"up":{"uv":[12.625,1.75,12.375,1.125],"rotation":0,"texture":"#0","tintindex":0},"down":{"uv":[12.875,1.125,12.625,1.75],"rotation":0,"texture":"#0","tintindex":0}}},{"from":[8.571428,10.589538,7.8930345],"to":[9.714286,13.732394,9.035892],"rotation":{"angle":-22.5,"axis":"x","origin":[9.142858,12.303823,8.464463]},"faces":{"east":{"uv":[4.25,12.375,4.5,13.0],"rotation":0,"texture":"#0","tintindex":0},"south":{"uv":[5.0,12.375,5.25,13.0],"rotation":0,"texture":"#0","tintindex":0},"north":{"uv":[4.5,12.375,4.75,13.0],"rotation":0,"texture":"#0","tintindex":0},"west":{"uv":[4.75,12.375,5.0,13.0],"rotation":0,"texture":"#0","tintindex":0},"up":{"uv":[4.75,12.375,4.5,12.125],"rotation":0,"texture":"#0","tintindex":0},"down":{"uv":[5.0,12.125,4.75,12.375],"rotation":0,"texture":"#0","tintindex":0}}},{"from":[2.8571424,9.3038225,8.893034],"to":[6.285714,11.303823,9.464463],"rotation":{"angle":-22.5,"axis":"z","origin":[6.285714,10.303823,9.178749]},"faces":{"east":{"uv":[11.5,12.0,11.625,12.375],"rotation":0,"texture":"#0","tintindex":0},"south":{"uv":[12.5,12.0,13.25,12.375],"rotation":0,"texture":"#0","tintindex":0},"north":{"uv":[11.625,12.0,12.375,12.375],"rotation":0,"texture":"#0","tintindex":0},"west":{"uv":[12.375,12.0,12.5,12.375],"rotation":0,"texture":"#0","tintindex":0},"up":{"uv":[12.375,12.0,11.625,11.875],"rotation":0,"texture":"#0","tintindex":0},"down":{"uv":[13.125,11.875,12.375,12.0],"rotation":0,"texture":"#0","tintindex":0}}},{"from":[6.928571,7.176023,2.5167422],"to":[9.071428,9.31888,4.5167427],"rotation":{"angle":0.0,"axis":"y","origin":[8.0,7.8903084,2.3738852]},"faces":{"east":{"uv":[11.75,3.875,12.125,4.25],"rotation":0,"texture":"#0","tintindex":0},"south":{"uv":[12.875,3.875,13.25,4.25],"rotation":0,"texture":"#0","tintindex":0},"north":{"uv":[12.125,3.875,12.5,4.25],"rotation":0,"texture":"#0","tintindex":0},"west":{"uv":[12.5,3.875,12.875,4.25],"rotation":0,"texture":"#0","tintindex":0},"up":{"uv":[12.5,3.875,12.125,3.5],"rotation":0,"texture":"#0","tintindex":0},"down":{"uv":[12.875,3.5,12.5,3.875],"rotation":0,"texture":"#0","tintindex":0}}},{"from":[6.857143,8.732394,1.893034],"to":[9.142858,10.44668,4.178748],"rotation":{"angle":-22.5,"axis":"x","origin":[8.0,9.160966,4.3216057]},"faces":{"east":{"uv":[11.25,10.5,11.75,10.875],"rotation":0,"texture":"#0","tintindex":0},"south":{"uv":[12.75,10.5,13.25,10.875],"rotation":0,"texture":"#0","tintindex":0},"north":{"uv":[11.75,10.5,12.25,10.875],"rotation":0,"texture":"#0","tintindex":0},"west":{"uv":[12.25,10.5,12.75,10.875],"rotation":0,"texture":"#0","tintindex":0},"up":{"uv":[12.25,10.5,11.75,10.0],"rotation":0,"texture":"#0","tintindex":0},"down":{"uv":[12.75,10.0,12.25,10.5],"rotation":0,"texture":"#0","tintindex":0}}},{"from":[7.428571,9.875252,1.3216052],"to":[8.571428,10.44668,2.4644628],"rotation":{"angle":-22.5,"axis":"x","origin":[8.0,9.160966,3.750177]},"faces":{"east":{"uv":[12.75,11.25,13.0,11.375],"rotation":0,"texture":"#0","tintindex":0},"south":{"uv":[13.5,11.25,13.75,11.375],"rotation":0,"texture":"#0","tintindex":0},"north":{"uv":[13.0,11.25,13.25,11.375],"rotation":0,"texture":"#0","tintindex":0},"west":{"uv":[13.25,11.25,13.5,11.375],"rotation":0,"texture":"#0","tintindex":0},"up":{"uv":[13.25,11.25,13.0,11.0],"rotation":0,"texture":"#0","tintindex":0},"down":{"uv":[13.5,11.0,13.25,11.25],"rotation":0,"texture":"#0","tintindex":0}}},{"from":[7.0,7.303823,3.750177],"to":[9.0,10.160966,7.1787486],"rotation":{"angle":-22.5,"axis":"x","origin":[8.0,9.160966,4.3216057]},"faces":{"east":{"uv":[7.5,10.25,8.25,10.875],"rotation":0,"texture":"#0","tintindex":0},"south":{"uv":[9.375,10.25,9.75,10.875],"rotation":0,"texture":"#0","tintindex":0},"north":{"uv":[8.25,10.25,8.625,10.875],"rotation":0,"texture":"#0","tintindex":0},"west":{"uv":[8.625,10.25,9.375,10.875],"rotation":0,"texture":"#0","tintindex":0},"up":{"uv":[8.625,10.25,8.25,9.5],"rotation":0,"texture":"#0","tintindex":0},"down":{"uv":[9.0,9.5,8.625,10.25],"rotation":0,"texture":"#0","tintindex":0}}},{"from":[9.714286,9.3038225,8.893034],"to":[13.142858,11.303823,9.464463],"rotation":{"angle":22.5,"axis":"z","origin":[9.714286,10.303823,9.178749]},"faces":{"east":{"uv":[12.5,12.0,12.375,12.375],"rotation":0,"texture":"#0","tintindex":0},"south":{"uv":[13.25,12.0,12.5,12.375],"rotation":0,"texture":"#0","tintindex":0},"north":{"uv":[12.375,12.0,11.625,12.375],"rotation":0,"texture":"#0","tintindex":0},"west":{"uv":[11.625,12.0,11.5,12.375],"rotation":0,"texture":"#0","tintindex":0},"up":{"uv":[11.625,12.0,12.375,11.875],"rotation":0,"texture":"#0","tintindex":0},"down":{"uv":[12.375,11.875,13.125,12.0],"rotation":0,"texture":"#0","tintindex":0}}},{"from":[6.285714,10.589538,7.8930345],"to":[7.428571,13.732394,9.035892],"rotation":{"angle":-22.5,"axis":"x","origin":[6.857143,12.303823,8.464463]},"faces":{"east":{"uv":[5.0,12.375,4.75,13.0],"rotation":0,"texture":"#0","tintindex":0},"south":{"uv":[5.25,12.375,5.0,13.0],"rotation":0,"texture":"#0","tintindex":0},"north":{"uv":[4.75,12.375,4.5,13.0],"rotation":0,"texture":"#0","tintindex":0},"west":{"uv":[4.5,12.375,4.25,13.0],"rotation":0,"texture":"#0","tintindex":0},"up":{"uv":[4.5,12.375,4.75,12.125],"rotation":0,"texture":"#0","tintindex":0},"down":{"uv":[4.75,12.125,5.0,12.375],"rotation":0,"texture":"#0","tintindex":0}}},{"from":[4.3797197,26.398567,10.893034],"to":[5.2368627,30.398567,11.750177],"rotation":{"angle":22.5,"axis":"z","origin":[4.8082914,26.398567,11.321606]},"faces":{"east":{"uv":[4.125,12.5,4.0,13.375],"rotation":0,"texture":"#0","tintindex":0},"south":{"uv":[4.25,12.5,4.125,13.375],"rotation":0,"texture":"#0","tintindex":0},"north":{"uv":[4.0,12.5,3.875,13.375],"rotation":0,"texture":"#0","tintindex":0},"west":{"uv":[3.875,12.5,3.75,13.375],"rotation":0,"texture":"#0","tintindex":0},"up":{"uv":[3.875,12.5,4.0,12.375],"rotation":0,"texture":"#0","tintindex":0},"down":{"uv":[4.0,12.375,4.125,12.5],"rotation":0,"texture":"#0","tintindex":0}}},{"from":[3.0676627,23.230976,10.893034],"to":[3.9248056,27.230978,11.750177],"rotation":{"angle":-22.5,"axis":"z","origin":[3.496234,23.230976,11.321606]},"faces":{"east":{"uv":[11.875,12.5,11.75,13.375],"rotation":0,"texture":"#0","tintindex":0},"south":{"uv":[12.0,12.5,11.875,13.375],"rotation":0,"texture":"#0","tintindex":0},"north":{"uv":[11.75,12.5,11.625,13.375],"rotation":0,"texture":"#0","tintindex":0},"west":{"uv":[11.625,12.5,11.5,13.375],"rotation":0,"texture":"#0","tintindex":0},"up":{"uv":[11.625,12.5,11.75,12.375],"rotation":0,"texture":"#0","tintindex":0},"down":{"uv":[11.75,12.375,11.875,12.5],"rotation":0,"texture":"#0","tintindex":0}}},{"from":[1.0963769,20.506542,10.893034],"to":[1.9535198,26.220829,11.750177],"rotation":{"angle":-45.0,"axis":"z","origin":[0.23923397,22.363686,11.321606]},"faces":{"east":{"uv":[8.625,1.5,8.5,2.75],"rotation":0,"texture":"#0","tintindex":0},"south":{"uv":[8.75,1.5,8.625,2.75],"rotation":0,"texture":"#0","tintindex":0},"north":{"uv":[8.5,1.5,8.375,2.75],"rotation":0,"texture":"#0","tintindex":0},"west":{"uv":[8.375,1.5,8.25,2.75],"rotation":0,"texture":"#0","tintindex":0},"up":{"uv":[8.375,1.5,8.5,1.375],"rotation":0,"texture":"#0","tintindex":0},"down":{"uv":[8.5,1.375,8.625,1.5],"rotation":0,"texture":"#0","tintindex":0}}},{"from":[-4.426029,21.461727,10.893034],"to":[-0.14031506,22.318869,11.750177],"rotation":{"angle":0.0,"axis":"y","origin":[-0.5688858,21.318869,11.321606]},"faces":{"east":{"uv":[13.125,4.875,13.0,5.0],"rotation":0,"texture":"#0","tintindex":0},"south":{"uv":[14.0,4.875,13.125,5.0],"rotation":0,"texture":"#0","tintindex":0},"north":{"uv":[13.0,4.875,12.125,5.0],"rotation":0,"texture":"#0","tintindex":0},"west":{"uv":[12.125,4.875,12.0,5.0],"rotation":0,"texture":"#0","tintindex":0},"up":{"uv":[12.125,4.875,13.0,4.75],"rotation":0,"texture":"#0","tintindex":0},"down":{"uv":[13.0,4.75,13.875,4.875],"rotation":0,"texture":"#0","tintindex":0}}},{"from":[-1.9036236,19.077972,10.893034],"to":[-1.0464802,23.363686,11.750177],"rotation":{"angle":45.0,"axis":"z","origin":[0.23923397,22.935116,11.321606]},"faces":{"east":{"uv":[10.375,12.5,10.25,13.375],"rotation":0,"texture":"#0","tintindex":0},"south":{"uv":[10.5,12.5,10.375,13.375],"rotation":0,"texture":"#0","tintindex":0},"north":{"uv":[10.25,12.5,10.125,13.375],"rotation":0,"texture":"#0","tintindex":0},"west":{"uv":[10.125,12.5,10.0,13.375],"rotation":0,"texture":"#0","tintindex":0},"up":{"uv":[10.125,12.5,10.25,12.375],"rotation":0,"texture":"#0","tintindex":0},"down":{"uv":[10.25,12.375,10.375,12.5],"rotation":0,"texture":"#0","tintindex":0}}},{"from":[-0.18933773,15.649401,10.893034],"to":[0.6678057,21.077972,11.750177],"rotation":{"angle":0.0,"axis":"y","origin":[-1.9036236,14.363686,11.321606]},"faces":{"east":{"uv":[3.625,12.5,3.5,13.625],"rotation":0,"texture":"#0","tintindex":0},"south":{"uv":[3.75,12.5,3.625,13.625],"rotation":0,"texture":"#0","tintindex":0},"north":{"uv":[3.5,12.5,3.375,13.625],"rotation":0,"texture":"#0","tintindex":0},"west":{"uv":[3.375,12.5,3.25,13.625],"rotation":0,"texture":"#0","tintindex":0},"up":{"uv":[3.375,12.5,3.5,12.375],"rotation":0,"texture":"#0","tintindex":0},"down":{"uv":[3.5,12.375,3.625,12.5],"rotation":0,"texture":"#0","tintindex":0}}},{"from":[4.2942057,16.083916,10.893034],"to":[6.865634,16.941057,11.750177],"rotation":{"angle":-22.5,"axis":"z","origin":[4.4370627,17.226772,11.321606]},"faces":{"east":{"uv":[8.25,9.375,8.125,9.5],"rotation":0,"texture":"#0","tintindex":0},"south":{"uv":[8.75,9.375,8.25,9.5],"rotation":0,"texture":"#0","tintindex":0},"north":{"uv":[8.125,9.375,7.625,9.5],"rotation":0,"texture":"#0","tintindex":0},"west":{"uv":[7.625,9.375,7.5,9.5],"rotation":0,"texture":"#0","tintindex":0},"up":{"uv":[7.625,9.375,8.125,9.25],"rotation":0,"texture":"#0","tintindex":0},"down":{"uv":[8.125,9.25,8.625,9.375],"rotation":0,"texture":"#0","tintindex":0}}},{"from":[4.0084915,16.941057,10.893034],"to":[4.865634,18.94106,11.750177],"rotation":{"angle":0.0,"axis":"y","origin":[4.4370627,17.226772,11.321606]},"faces":{"east":{"uv":[1.875,13.125,1.75,13.5],"rotation":0,"texture":"#0","tintindex":0},"south":{"uv":[2.0,13.125,1.875,13.5],"rotation":0,"texture":"#0","tintindex":0},"north":{"uv":[1.75,13.125,1.625,13.5],"rotation":0,"texture":"#0","tintindex":0},"west":{"uv":[1.625,13.125,1.5,13.5],"rotation":0,"texture":"#0","tintindex":0},"up":{"uv":[1.625,13.125,1.75,13.0],"rotation":0,"texture":"#0","tintindex":0},"down":{"uv":[1.75,13.0,1.875,13.125],"rotation":0,"texture":"#0","tintindex":0}}},{"from":[2.239234,13.935114,10.893034],"to":[5.95352,14.792257,11.750177],"rotation":{"angle":45.0,"axis":"z","origin":[1.8106627,13.792257,11.321606]},"faces":{"east":{"uv":[13.0,6.125,12.875,6.25],"rotation":0,"texture":"#0","tintindex":0},"south":{"uv":[13.75,6.125,13.0,6.25],"rotation":0,"texture":"#0","tintindex":0},"north":{"uv":[12.875,6.125,12.125,6.25],"rotation":0,"texture":"#0","tintindex":0},"west":{"uv":[12.125,6.125,12.0,6.25],"rotation":0,"texture":"#0","tintindex":0},"up":{"uv":[12.125,6.125,12.875,6.0],"rotation":0,"texture":"#0","tintindex":0},"down":{"uv":[12.875,6.0,13.625,6.125],"rotation":0,"texture":"#0","tintindex":0}}},{"from":[-4.7912235,14.916549,10.893034],"to":[0.9230628,15.773691,11.750177],"rotation":{"angle":22.5,"axis":"z","origin":[-2.0769377,15.916549,11.321606]},"faces":{"east":{"uv":[12.75,9.625,12.625,9.75],"rotation":0,"texture":"#0","tintindex":0},"south":{"uv":[14.0,9.625,12.75,9.75],"rotation":0,"texture":"#0","tintindex":0},"north":{"uv":[12.625,9.625,11.375,9.75],"rotation":0,"texture":"#0","tintindex":0},"west":{"uv":[11.375,9.625,11.25,9.75],"rotation":0,"texture":"#0","tintindex":0},"up":{"uv":[11.375,9.625,12.625,9.5],"rotation":0,"texture":"#0","tintindex":0},"down":{"uv":[12.625,9.5,13.875,9.625],"rotation":0,"texture":"#0","tintindex":0}}},{"from":[-1.1893377,13.935114,10.893034],"to":[4.239234,14.792257,11.750177],"rotation":{"angle":-45.0,"axis":"z","origin":[1.8106627,13.792257,11.321606]},"faces":{"east":{"uv":[13.125,0.125,13.0,0.25],"rotation":0,"texture":"#0","tintindex":0},"south":{"uv":[14.25,0.125,13.125,0.25],"rotation":0,"texture":"#0","tintindex":0},"north":{"uv":[13.0,0.125,11.875,0.25],"rotation":0,"texture":"#0","tintindex":0},"west":{"uv":[11.875,0.125,11.75,0.25],"rotation":0,"texture":"#0","tintindex":0},"up":{"uv":[11.875,0.125,13.0,0.0],"rotation":0,"texture":"#0","tintindex":0},"down":{"uv":[13.0,0.0,14.125,0.125],"rotation":0,"texture":"#0","tintindex":0}}},{"from":[3.142857,12.160966,10.893034],"to":[6.857143,13.018108,11.750177],"rotation":{"angle":-22.5,"axis":"z","origin":[4.714286,12.589537,11.321606]},"faces":{"east":{"uv":[13.0,5.625,12.875,5.75],"rotation":0,"texture":"#0","tintindex":0},"south":{"uv":[13.75,5.625,13.0,5.75],"rotation":0,"texture":"#0","tintindex":0},"north":{"uv":[12.875,5.625,12.125,5.75],"rotation":0,"texture":"#0","tintindex":0},"west":{"uv":[12.125,5.625,12.0,5.75],"rotation":0,"texture":"#0","tintindex":0},"up":{"uv":[12.125,5.625,12.875,5.5],"rotation":0,"texture":"#0","tintindex":0},"down":{"uv":[12.875,5.5,13.625,5.625],"rotation":0,"texture":"#0","tintindex":0}}},{"from":[6.0,10.303823,9.464463],"to":[7.428571,11.732394,12.321606],"rotation":{"angle":-45.0,"axis":"x","origin":[6.714286,10.732394,10.60732]},"faces":{"east":{"uv":[13.25,1.75,12.625,2.0],"rotation":0,"texture":"#0","tintindex":0},"south":{"uv":[13.5,1.75,13.25,2.0],"rotation":0,"texture":"#0","tintindex":0},"north":{"uv":[12.625,1.75,12.375,2.0],"rotation":0,"texture":"#0","tintindex":0},"west":{"uv":[12.375,1.75,11.75,2.0],"rotation":0,"texture":"#0","tintindex":0},"up":{"uv":[12.375,1.75,12.625,1.125],"rotation":0,"texture":"#0","tintindex":0},"down":{"uv":[12.625,1.125,12.875,1.75],"rotation":0,"texture":"#0","tintindex":0}}}],"display":{"head":{"translation":[0.0,-6.4,0.0],"scale":[4.0,4.0,4.0]}}}