{"textures":{"0":"modelengine:entity/lunarisstag"},"elements":[{"from":[6.285714,6.285714,6.285714],"to":[9.714286,9.714286,9.714286],"rotation":{"angle":45.0,"axis":"y","origin":[8.0,8.0,8.0]},"faces":{"east":{"uv":[11.25,5.625,10.5,6.375],"rotation":0,"texture":"#0","tintindex":0},"south":{"uv":[12.0,5.625,11.25,6.375],"rotation":0,"texture":"#0","tintindex":0},"north":{"uv":[10.5,5.625,9.75,6.375],"rotation":0,"texture":"#0","tintindex":0},"west":{"uv":[9.75,5.625,9.0,6.375],"rotation":0,"texture":"#0","tintindex":0},"up":{"uv":[9.75,5.625,10.5,4.875],"rotation":0,"texture":"#0","tintindex":0},"down":{"uv":[10.5,4.875,11.25,5.625],"rotation":0,"texture":"#0","tintindex":0}}}],"display":{"head":{"translation":[0.0,-6.4,0.0],"scale":[4.0,4.0,4.0]}}}