{"textures":{"0":"modelengine:entity/lunarisstag"},"elements":[{"from":[6.285714,6.285714,6.142857],"to":[9.714286,15.428572,9.857143],"rotation":{"angle":0.0,"axis":"y","origin":[8.0,8.571428,7.857143]},"faces":{"east":{"uv":[5.25,0.75,6.0,2.75],"rotation":0,"texture":"#0","tintindex":0},"south":{"uv":[7.5,0.75,8.25,2.75],"rotation":0,"texture":"#0","tintindex":0},"north":{"uv":[6.0,0.75,6.75,2.75],"rotation":0,"texture":"#0","tintindex":0},"west":{"uv":[6.75,0.75,7.5,2.75],"rotation":0,"texture":"#0","tintindex":0},"up":{"uv":[6.75,0.75,6.0,0.0],"rotation":0,"texture":"#0","tintindex":0},"down":{"uv":[7.5,0.0,6.75,0.75],"rotation":0,"texture":"#0","tintindex":0}}}],"display":{"head":{"translation":[0.0,-6.4,0.0],"scale":[4.0,4.0,4.0]}}}