{"textures":{"0":"modelengine:entity/arcanegolem"},"elements":[{"from":[4.5714283,9.142858,4.0],"to":[11.428572,15.428572,10.857143],"rotation":{"angle":0.0,"axis":"y","origin":[8.0,9.142858,7.428571]},"faces":{"east":{"uv":[6.125,0.75,6.875,1.4375],"rotation":0,"texture":"#0","tintindex":0},"south":{"uv":[8.375,0.75,9.125,1.4375],"rotation":0,"texture":"#0","tintindex":0},"north":{"uv":[6.875,0.75,7.625,1.4375],"rotation":0,"texture":"#0","tintindex":0},"west":{"uv":[7.625,0.75,8.375,1.4375],"rotation":0,"texture":"#0","tintindex":0},"up":{"uv":[7.625,0.75,6.875,0.0],"rotation":0,"texture":"#0","tintindex":0},"down":{"uv":[8.375,0.0,7.625,0.75],"rotation":0,"texture":"#0","tintindex":0}}}],"display":{"head":{"translation":[0.0,-6.4,0.0],"scale":[4.0,4.0,4.0]}}}