{"textures":{"0":"modelengine:entity/arcanegolem"},"elements":[{"from":[6.214286,6.214286,7.285714],"to":[9.785714,9.785714,18.714287],"rotation":{"angle":0.0,"axis":"y","origin":[8.357142,7.642857,8.0]},"faces":{"east":{"uv":[0.0,5.9375,1.25,6.3125],"rotation":0,"texture":"#0","tintindex":0},"south":{"uv":[2.875,5.9375,3.25,6.3125],"rotation":0,"texture":"#0","tintindex":0},"north":{"uv":[1.25,5.9375,1.625,6.3125],"rotation":0,"texture":"#0","tintindex":0},"west":{"uv":[1.625,5.9375,2.875,6.3125],"rotation":0,"texture":"#0","tintindex":0},"up":{"uv":[1.625,5.9375,1.25,4.6875],"rotation":0,"texture":"#0","tintindex":0},"down":{"uv":[2.0,4.6875,1.625,5.9375],"rotation":0,"texture":"#0","tintindex":0}}}],"display":{"head":{"translation":[0.0,-6.4,0.0],"scale":[4.0,4.0,4.0]}}}