{"textures":{"0":"modelengine:entity/arcanegolem"},"elements":[{"from":[6.5714283,-2.8571434,5.714286],"to":[9.428572,8.0,10.285714],"rotation":{"angle":0.0,"axis":"y","origin":[9.428572,4.5714283,8.0]},"faces":{"east":{"uv":[9.125,0.5,9.625,1.6875],"rotation":0,"texture":"#0","tintindex":0},"south":{"uv":[10.4375,0.5,10.75,1.6875],"rotation":0,"texture":"#0","tintindex":0},"north":{"uv":[9.625,0.5,9.9375,1.6875],"rotation":0,"texture":"#0","tintindex":0},"west":{"uv":[9.9375,0.5,10.4375,1.6875],"rotation":0,"texture":"#0","tintindex":0},"up":{"uv":[9.9375,0.5,9.625,0.0],"rotation":0,"texture":"#0","tintindex":0},"down":{"uv":[10.25,0.0,9.9375,0.5],"rotation":0,"texture":"#0","tintindex":0}}},{"from":[6.0,-10.285715,5.142857],"to":[10.0,-2.8571434,10.857143],"rotation":{"angle":0.0,"axis":"y","origin":[7.714286,-4.000001,8.0]},"faces":{"east":{"uv":[7.75,3.0,8.375,3.8125],"rotation":0,"texture":"#0","tintindex":0},"south":{"uv":[9.4375,3.0,9.875,3.8125],"rotation":0,"texture":"#0","tintindex":0},"north":{"uv":[8.375,3.0,8.8125,3.8125],"rotation":0,"texture":"#0","tintindex":0},"west":{"uv":[8.8125,3.0,9.4375,3.8125],"rotation":0,"texture":"#0","tintindex":0},"up":{"uv":[8.8125,3.0,8.375,2.375],"rotation":0,"texture":"#0","tintindex":0},"down":{"uv":[9.25,2.375,8.8125,3.0],"rotation":0,"texture":"#0","tintindex":0}}}],"display":{"head":{"translation":[0.0,-6.4,0.0],"scale":[4.0,4.0,4.0]}}}