{"textures":{"0":"modelengine:entity/arcanegolem"},"elements":[{"from":[5.0,-1.2857151,5.0],"to":[11.0,3.4285712,11.0],"rotation":{"angle":0.0,"axis":"y","origin":[8.0,-0.8571434,8.0]},"faces":{"east":{"uv":[6.5,5.3125,7.125,5.8125],"rotation":0,"texture":"#0","tintindex":0},"south":{"uv":[8.375,5.3125,9.0,5.8125],"rotation":0,"texture":"#0","tintindex":0},"north":{"uv":[7.125,5.3125,7.75,5.8125],"rotation":0,"texture":"#0","tintindex":0},"west":{"uv":[7.75,5.3125,8.375,5.8125],"rotation":0,"texture":"#0","tintindex":0},"up":{"uv":[7.75,5.3125,7.125,4.6875],"rotation":0,"texture":"#0","tintindex":0},"down":{"uv":[8.375,4.6875,7.75,5.3125],"rotation":0,"texture":"#0","tintindex":0}}},{"from":[5.428571,3.4285712,5.428571],"to":[10.571428,7.714286,10.571428],"rotation":{"angle":0.0,"axis":"y","origin":[8.0,3.4285712,8.0]},"faces":{"east":{"uv":[2.5,10.25,3.0625,10.6875],"rotation":0,"texture":"#0","tintindex":0},"south":{"uv":[4.1875,10.25,4.75,10.6875],"rotation":0,"texture":"#0","tintindex":0},"north":{"uv":[3.0625,10.25,3.625,10.6875],"rotation":0,"texture":"#0","tintindex":0},"west":{"uv":[3.625,10.25,4.1875,10.6875],"rotation":0,"texture":"#0","tintindex":0},"up":{"uv":[3.625,10.25,3.0625,9.6875],"rotation":0,"texture":"#0","tintindex":0},"down":{"uv":[4.1875,9.6875,3.625,10.25],"rotation":0,"texture":"#0","tintindex":0}}}],"display":{"head":{"translation":[0.0,-6.4,0.0],"scale":[4.0,4.0,4.0]}}}