{"textures":{"0":"modelengine:entity/arcanegolem"},"elements":[{"from":[5.142857,5.142857,8.0],"to":[10.857143,10.857143,13.714286],"rotation":{"angle":0.0,"axis":"y","origin":[8.0,7.285714,8.714286]},"faces":{"east":{"uv":[3.0,6.9375,3.625,7.5625],"rotation":0,"texture":"#0","tintindex":0},"south":{"uv":[4.875,6.9375,5.5,7.5625],"rotation":0,"texture":"#0","tintindex":0},"north":{"uv":[3.625,6.9375,4.25,7.5625],"rotation":0,"texture":"#0","tintindex":0},"west":{"uv":[4.25,6.9375,4.875,7.5625],"rotation":0,"texture":"#0","tintindex":0},"up":{"uv":[4.25,6.9375,3.625,6.3125],"rotation":0,"texture":"#0","tintindex":0},"down":{"uv":[4.875,6.3125,4.25,6.9375],"rotation":0,"texture":"#0","tintindex":0}}}],"display":{"head":{"translation":[0.0,-6.4,0.0],"scale":[4.0,4.0,4.0]}}}