{"textures":{"0":"modelengine:entity/arcanegolem"},"elements":[{"from":[-1.8571434,-1.7142859,2.4285712],"to":[4.142857,0.0,6.714286],"rotation":{"angle":0.0,"axis":"y","origin":[1.1428566,-1.7142859,8.0]},"faces":{"east":{"uv":[9.0,5.625,9.4375,5.8125],"rotation":0,"texture":"#0","tintindex":0},"south":{"uv":[10.5,5.625,11.125,5.8125],"rotation":0,"texture":"#0","tintindex":0},"north":{"uv":[9.4375,5.625,10.0625,5.8125],"rotation":0,"texture":"#0","tintindex":0},"west":{"uv":[10.0625,5.625,10.5,5.8125],"rotation":0,"texture":"#0","tintindex":0},"up":{"uv":[10.0625,5.625,9.4375,5.1875],"rotation":0,"texture":"#0","tintindex":0},"down":{"uv":[10.6875,5.1875,10.0625,5.625],"rotation":0,"texture":"#0","tintindex":0}}},{"from":[-1.8571434,0.0,3.7142854],"to":[4.142857,0.5714283,6.714286],"rotation":{"angle":0.0,"axis":"y","origin":[1.1428566,0.0,8.0]},"faces":{"east":{"uv":[5.5,2.6875,5.8125,2.75],"rotation":0,"texture":"#0","tintindex":0},"south":{"uv":[6.75,2.6875,7.375,2.75],"rotation":0,"texture":"#0","tintindex":0},"north":{"uv":[5.8125,2.6875,6.4375,2.75],"rotation":0,"texture":"#0","tintindex":0},"west":{"uv":[6.4375,2.6875,6.75,2.75],"rotation":0,"texture":"#0","tintindex":0},"up":{"uv":[6.4375,2.6875,5.8125,2.375],"rotation":0,"texture":"#0","tintindex":0},"down":{"uv":[7.0625,2.375,6.4375,2.6875],"rotation":0,"texture":"#0","tintindex":0}}},{"from":[-2.285715,-1.7142859,4.142857],"to":[4.5714283,0.0,11.0],"rotation":{"angle":0.0,"axis":"y","origin":[1.1428566,-1.7142859,8.0]},"faces":{"east":{"uv":[5.5,2.1875,6.25,2.375],"rotation":0,"texture":"#0","tintindex":0},"south":{"uv":[7.75,2.1875,8.5,2.375],"rotation":0,"texture":"#0","tintindex":0},"north":{"uv":[6.25,2.1875,7.0,2.375],"rotation":0,"texture":"#0","tintindex":0},"west":{"uv":[7.0,2.1875,7.75,2.375],"rotation":0,"texture":"#0","tintindex":0},"up":{"uv":[7.0,2.1875,6.25,1.4375],"rotation":0,"texture":"#0","tintindex":0},"down":{"uv":[7.75,1.4375,7.0,2.1875],"rotation":0,"texture":"#0","tintindex":0}}},{"from":[-1.8571434,-1.7142859,9.285714],"to":[4.142857,0.0,11.428572],"rotation":{"angle":0.0,"axis":"y","origin":[1.1428566,-1.7142859,8.428572]},"faces":{"east":{"uv":[6.125,10.875,6.3125,11.0625],"rotation":0,"texture":"#0","tintindex":0},"south":{"uv":[7.125,10.875,7.75,11.0625],"rotation":0,"texture":"#0","tintindex":0},"north":{"uv":[6.3125,10.875,6.9375,11.0625],"rotation":0,"texture":"#0","tintindex":0},"west":{"uv":[6.9375,10.875,7.125,11.0625],"rotation":0,"texture":"#0","tintindex":0},"up":{"uv":[6.9375,10.875,6.3125,10.6875],"rotation":0,"texture":"#0","tintindex":0},"down":{"uv":[7.5625,10.6875,6.9375,10.875],"rotation":0,"texture":"#0","tintindex":0}}},{"from":[-1.8571434,0.0,5.0],"to":[4.142857,3.8571424,11.0],"rotation":{"angle":0.0,"axis":"y","origin":[1.1428566,0.0,8.0]},"faces":{"east":{"uv":[2.5,9.3125,3.125,9.6875],"rotation":0,"texture":"#0","tintindex":0},"south":{"uv":[4.375,9.3125,5.0,9.6875],"rotation":0,"texture":"#0","tintindex":0},"north":{"uv":[3.125,9.3125,3.75,9.6875],"rotation":0,"texture":"#0","tintindex":0},"west":{"uv":[3.75,9.3125,4.375,9.6875],"rotation":0,"texture":"#0","tintindex":0},"up":{"uv":[3.75,9.3125,3.125,8.6875],"rotation":0,"texture":"#0","tintindex":0},"down":{"uv":[4.375,8.6875,3.75,9.3125],"rotation":0,"texture":"#0","tintindex":0}}},{"from":[-1.4285717,3.8571424,5.428571],"to":[3.7142854,7.714286,10.571428],"rotation":{"angle":0.0,"axis":"y","origin":[1.1428566,3.8571424,8.0]},"faces":{"east":{"uv":[0.0,10.3125,0.5625,10.6875],"rotation":0,"texture":"#0","tintindex":0},"south":{"uv":[1.6875,10.3125,2.25,10.6875],"rotation":0,"texture":"#0","tintindex":0},"north":{"uv":[0.5625,10.3125,1.125,10.6875],"rotation":0,"texture":"#0","tintindex":0},"west":{"uv":[1.125,10.3125,1.6875,10.6875],"rotation":0,"texture":"#0","tintindex":0},"up":{"uv":[1.125,10.3125,0.5625,9.75],"rotation":0,"texture":"#0","tintindex":0},"down":{"uv":[1.6875,9.75,1.125,10.3125],"rotation":0,"texture":"#0","tintindex":0}}}],"display":{"head":{"translation":[0.0,-6.4,0.0],"scale":[4.0,4.0,4.0]}}}