{"textures":{"0":"modelengine:entity/arcanegolem"},"elements":[{"from":[7.428571,-3.4285736,6.857143],"to":[8.571428,-0.57143116,9.142858],"rotation":{"angle":0.0,"axis":"y","origin":[8.0,-3.4285736,8.0]},"faces":{"east":{"uv":[11.125,3.8125,11.375,4.125],"rotation":0,"texture":"#0","tintindex":0},"south":{"uv":[11.75,3.8125,11.875,4.125],"rotation":0,"texture":"#0","tintindex":0},"north":{"uv":[11.375,3.8125,11.5,4.125],"rotation":0,"texture":"#0","tintindex":0},"west":{"uv":[11.5,3.8125,11.75,4.125],"rotation":0,"texture":"#0","tintindex":0},"up":{"uv":[11.5,3.8125,11.375,3.5625],"rotation":0,"texture":"#0","tintindex":0},"down":{"uv":[11.625,3.5625,11.5,3.8125],"rotation":0,"texture":"#0","tintindex":0}}},{"from":[6.857143,-0.57143116,3.4285712],"to":[9.142858,0.5714264,12.571428],"rotation":{"angle":0.0,"axis":"y","origin":[8.0,-0.57143116,8.0]},"faces":{"east":{"uv":[5.0,8.5625,6.0,8.6875],"rotation":0,"texture":"#0","tintindex":0},"south":{"uv":[7.25,8.5625,7.5,8.6875],"rotation":0,"texture":"#0","tintindex":0},"north":{"uv":[6.0,8.5625,6.25,8.6875],"rotation":0,"texture":"#0","tintindex":0},"west":{"uv":[6.25,8.5625,7.25,8.6875],"rotation":0,"texture":"#0","tintindex":0},"up":{"uv":[6.25,8.5625,6.0,7.5625],"rotation":0,"texture":"#0","tintindex":0},"down":{"uv":[6.5,7.5625,6.25,8.5625],"rotation":0,"texture":"#0","tintindex":0}}},{"from":[6.857143,0.5714264,6.285714],"to":[9.142858,19.999998,9.714286],"rotation":{"angle":0.0,"axis":"y","origin":[8.0,0.5714264,8.0]},"faces":{"east":{"uv":[0.0,7.625,0.375,9.75],"rotation":0,"texture":"#0","tintindex":0},"south":{"uv":[1.0,7.625,1.25,9.75],"rotation":0,"texture":"#0","tintindex":0},"north":{"uv":[0.375,7.625,0.625,9.75],"rotation":0,"texture":"#0","tintindex":0},"west":{"uv":[0.625,7.625,1.0,9.75],"rotation":0,"texture":"#0","tintindex":0},"up":{"uv":[0.625,7.625,0.375,7.25],"rotation":0,"texture":"#0","tintindex":0},"down":{"uv":[0.875,7.25,0.625,7.625],"rotation":0,"texture":"#0","tintindex":0}}},{"from":[6.857143,19.999998,7.0],"to":[9.142858,29.714283,9.0],"rotation":{"angle":0.0,"axis":"y","origin":[8.0,11.42857,8.0]},"faces":{"east":{"uv":[3.0,10.875,3.1875,11.9375],"rotation":0,"texture":"#0","tintindex":0},"south":{"uv":[3.625,10.875,3.875,11.9375],"rotation":0,"texture":"#0","tintindex":0},"north":{"uv":[3.1875,10.875,3.4375,11.9375],"rotation":0,"texture":"#0","tintindex":0},"west":{"uv":[3.4375,10.875,3.625,11.9375],"rotation":0,"texture":"#0","tintindex":0},"up":{"uv":[3.4375,10.875,3.1875,10.6875],"rotation":0,"texture":"#0","tintindex":0},"down":{"uv":[3.6875,10.6875,3.4375,10.875],"rotation":0,"texture":"#0","tintindex":0}}},{"from":[7.0,29.714283,7.142857],"to":[9.0,30.285713,8.857143],"rotation":{"angle":0.0,"axis":"y","origin":[8.0,17.142855,8.0]},"faces":{"east":{"uv":[6.5,6.0,6.6875,6.0625],"rotation":0,"texture":"#0","tintindex":0},"south":{"uv":[7.0625,6.0,7.25,6.0625],"rotation":0,"texture":"#0","tintindex":0},"north":{"uv":[6.6875,6.0,6.875,6.0625],"rotation":0,"texture":"#0","tintindex":0},"west":{"uv":[6.875,6.0,7.0625,6.0625],"rotation":0,"texture":"#0","tintindex":0},"up":{"uv":[6.875,6.0,6.6875,5.8125],"rotation":0,"texture":"#0","tintindex":0},"down":{"uv":[7.0625,5.8125,6.875,6.0],"rotation":0,"texture":"#0","tintindex":0}}},{"from":[7.142857,30.285713,7.285714],"to":[8.857143,30.857143,8.714286],"rotation":{"angle":0.0,"axis":"y","origin":[8.0,17.714285,8.0]},"faces":{"east":{"uv":[7.25,5.9375,7.375,6.0],"rotation":0,"texture":"#0","tintindex":0},"south":{"uv":[7.6875,5.9375,7.875,6.0],"rotation":0,"texture":"#0","tintindex":0},"north":{"uv":[7.375,5.9375,7.5625,6.0],"rotation":0,"texture":"#0","tintindex":0},"west":{"uv":[7.5625,5.9375,7.6875,6.0],"rotation":0,"texture":"#0","tintindex":0},"up":{"uv":[7.5625,5.9375,7.375,5.8125],"rotation":0,"texture":"#0","tintindex":0},"down":{"uv":[7.75,5.8125,7.5625,5.9375],"rotation":0,"texture":"#0","tintindex":0}}},{"from":[7.285714,30.857143,7.428571],"to":[8.714286,31.42857,8.571428],"rotation":{"angle":0.0,"axis":"y","origin":[8.0,18.285713,8.0]},"faces":{"east":{"uv":[2.5,7.375,2.625,7.4375],"rotation":0,"texture":"#0","tintindex":0},"south":{"uv":[2.875,7.375,3.0,7.4375],"rotation":0,"texture":"#0","tintindex":0},"north":{"uv":[2.625,7.375,2.75,7.4375],"rotation":0,"texture":"#0","tintindex":0},"west":{"uv":[2.75,7.375,2.875,7.4375],"rotation":0,"texture":"#0","tintindex":0},"up":{"uv":[2.75,7.375,2.625,7.25],"rotation":0,"texture":"#0","tintindex":0},"down":{"uv":[2.875,7.25,2.75,7.375],"rotation":0,"texture":"#0","tintindex":0}}},{"from":[7.428571,31.42857,7.5714283],"to":[8.571428,32.0,8.428572],"rotation":{"angle":0.0,"axis":"y","origin":[8.0,18.857141,8.0]},"faces":{"east":{"uv":[7.25,6.25,7.3125,6.3125],"rotation":0,"texture":"#0","tintindex":0},"south":{"uv":[7.5,6.25,7.625,6.3125],"rotation":0,"texture":"#0","tintindex":0},"north":{"uv":[7.3125,6.25,7.4375,6.3125],"rotation":0,"texture":"#0","tintindex":0},"west":{"uv":[7.4375,6.25,7.5,6.3125],"rotation":0,"texture":"#0","tintindex":0},"up":{"uv":[7.4375,6.25,7.3125,6.1875],"rotation":0,"texture":"#0","tintindex":0},"down":{"uv":[7.5625,6.1875,7.4375,6.25],"rotation":0,"texture":"#0","tintindex":0}}},{"from":[7.142857,19.999998,8.857143],"to":[8.857143,29.142857,9.428572],"rotation":{"angle":0.0,"axis":"y","origin":[8.0,11.42857,10.0]},"faces":{"east":{"uv":[7.75,10.75,7.8125,11.75],"rotation":0,"texture":"#0","tintindex":0},"south":{"uv":[8.0625,10.75,8.25,11.75],"rotation":0,"texture":"#0","tintindex":0},"north":{"uv":[7.8125,10.75,8.0,11.75],"rotation":0,"texture":"#0","tintindex":0},"west":{"uv":[8.0,10.75,8.0625,11.75],"rotation":0,"texture":"#0","tintindex":0},"up":{"uv":[8.0,10.75,7.8125,10.6875],"rotation":0,"texture":"#0","tintindex":0},"down":{"uv":[8.1875,10.6875,8.0,10.75],"rotation":0,"texture":"#0","tintindex":0}}},{"from":[7.142857,19.999998,6.5714283],"to":[8.857143,29.142857,7.142857],"rotation":{"angle":0.0,"axis":"y","origin":[8.0,11.42857,7.714286]},"faces":{"east":{"uv":[8.25,10.75,8.3125,11.75],"rotation":0,"texture":"#0","tintindex":0},"south":{"uv":[8.5625,10.75,8.75,11.75],"rotation":0,"texture":"#0","tintindex":0},"north":{"uv":[8.3125,10.75,8.5,11.75],"rotation":0,"texture":"#0","tintindex":0},"west":{"uv":[8.5,10.75,8.5625,11.75],"rotation":0,"texture":"#0","tintindex":0},"up":{"uv":[8.5,10.75,8.3125,10.6875],"rotation":0,"texture":"#0","tintindex":0},"down":{"uv":[8.6875,10.6875,8.5,10.75],"rotation":0,"texture":"#0","tintindex":0}}},{"from":[7.428571,-12.571432,6.857143],"to":[8.571428,-9.14286,9.142858],"rotation":{"angle":0.0,"axis":"y","origin":[8.0,-16.000004,8.0]},"faces":{"east":{"uv":[7.75,4.0625,8.0,4.4375],"rotation":0,"texture":"#0","tintindex":0},"south":{"uv":[8.375,4.0625,8.5,4.4375],"rotation":0,"texture":"#0","tintindex":0},"north":{"uv":[8.0,4.0625,8.125,4.4375],"rotation":0,"texture":"#0","tintindex":0},"west":{"uv":[8.125,4.0625,8.375,4.4375],"rotation":0,"texture":"#0","tintindex":0},"up":{"uv":[8.125,4.0625,8.0,3.8125],"rotation":0,"texture":"#0","tintindex":0},"down":{"uv":[8.25,3.8125,8.125,4.0625],"rotation":0,"texture":"#0","tintindex":0}}},{"from":[6.5714283,-15.428574,6.285714],"to":[9.428572,-12.571432,9.714286],"rotation":{"angle":0.0,"axis":"y","origin":[8.0,-18.857147,8.0]},"faces":{"east":{"uv":[8.5,2.0625,8.875,2.375],"rotation":0,"texture":"#0","tintindex":0},"south":{"uv":[9.5625,2.0625,9.875,2.375],"rotation":0,"texture":"#0","tintindex":0},"north":{"uv":[8.875,2.0625,9.1875,2.375],"rotation":0,"texture":"#0","tintindex":0},"west":{"uv":[9.1875,2.0625,9.5625,2.375],"rotation":0,"texture":"#0","tintindex":0},"up":{"uv":[9.1875,2.0625,8.875,1.6875],"rotation":0,"texture":"#0","tintindex":0},"down":{"uv":[9.5,1.6875,9.1875,2.0625],"rotation":0,"texture":"#0","tintindex":0}}}],"display":{"head":{"translation":[0.0,50.742867,0.0],"scale":[4.0,4.0,4.0]}}}