{"textures":{"0":"modelengine:entity/arcanegolem"},"elements":[{"from":[5.8571424,5.8571424,6.107143],"to":[10.142858,10.142858,19.964287],"rotation":{"angle":0.0,"axis":"y","origin":[8.0,7.285714,8.535714]},"faces":{"east":{"uv":[0.0,4.25,1.5,4.6875],"rotation":0,"texture":"#0","tintindex":0},"south":{"uv":[3.4375,4.25,3.875,4.6875],"rotation":0,"texture":"#0","tintindex":0},"north":{"uv":[1.5,4.25,1.9375,4.6875],"rotation":0,"texture":"#0","tintindex":0},"west":{"uv":[1.9375,4.25,3.4375,4.6875],"rotation":0,"texture":"#0","tintindex":0},"up":{"uv":[1.9375,4.25,1.5,2.75],"rotation":0,"texture":"#0","tintindex":0},"down":{"uv":[2.375,2.75,1.9375,4.25],"rotation":0,"texture":"#0","tintindex":0}}},{"from":[5.142857,5.142857,19.964287],"to":[10.857143,10.857143,22.82143],"rotation":{"angle":0.0,"axis":"y","origin":[8.0,7.285714,20.678572]},"faces":{"east":{"uv":[9.875,2.9375,10.1875,3.5625],"rotation":0,"texture":"#0","tintindex":0},"south":{"uv":[11.125,2.9375,11.75,3.5625],"rotation":0,"texture":"#0","tintindex":0},"north":{"uv":[10.1875,2.9375,10.8125,3.5625],"rotation":0,"texture":"#0","tintindex":0},"west":{"uv":[10.8125,2.9375,11.125,3.5625],"rotation":0,"texture":"#0","tintindex":0},"up":{"uv":[10.8125,2.9375,10.1875,2.625],"rotation":0,"texture":"#0","tintindex":0},"down":{"uv":[11.4375,2.625,10.8125,2.9375],"rotation":0,"texture":"#0","tintindex":0}}}],"display":{"head":{"translation":[0.0,-6.4,0.0],"scale":[4.0,4.0,4.0]}}}