{"textures":{"0":"modelengine:entity/arcanegolem"},"elements":[{"from":[-1.8571434,4.5714283,5.0],"to":[17.857143,11.428572,11.0],"rotation":{"angle":0.0,"axis":"y","origin":[8.0,4.5714283,8.0]},"faces":{"east":{"uv":[0.0,2.0,0.625,2.75],"rotation":0,"texture":"#0","tintindex":0},"south":{"uv":[3.375,2.0,5.5,2.75],"rotation":0,"texture":"#0","tintindex":0},"north":{"uv":[0.625,2.0,2.75,2.75],"rotation":0,"texture":"#0","tintindex":0},"west":{"uv":[2.75,2.0,3.375,2.75],"rotation":0,"texture":"#0","tintindex":0},"up":{"uv":[2.75,2.0,0.625,1.375],"rotation":0,"texture":"#0","tintindex":0},"down":{"uv":[4.875,1.375,2.75,2.0],"rotation":0,"texture":"#0","tintindex":0}}}],"display":{"head":{"translation":[0.0,-6.4,0.0],"scale":[4.0,4.0,4.0]}}}