{"textures":{"0":"modelengine:entity/arcanegolem"},"elements":[{"from":[6.5714283,-2.8571434,5.714286],"to":[9.428572,8.0,10.285714],"rotation":{"angle":0.0,"axis":"y","origin":[9.428572,4.5714283,8.0]},"faces":{"east":{"uv":[9.625,9.1875,10.125,10.375],"rotation":0,"texture":"#0","tintindex":0},"south":{"uv":[10.9375,9.1875,11.25,10.375],"rotation":0,"texture":"#0","tintindex":0},"north":{"uv":[10.125,9.1875,10.4375,10.375],"rotation":0,"texture":"#0","tintindex":0},"west":{"uv":[10.4375,9.1875,10.9375,10.375],"rotation":0,"texture":"#0","tintindex":0},"up":{"uv":[10.4375,9.1875,10.125,8.6875],"rotation":0,"texture":"#0","tintindex":0},"down":{"uv":[10.75,8.6875,10.4375,9.1875],"rotation":0,"texture":"#0","tintindex":0}}},{"from":[6.0,-10.285715,5.142857],"to":[10.0,-2.8571434,10.857143],"rotation":{"angle":0.0,"axis":"y","origin":[7.714286,-4.000001,8.0]},"faces":{"east":{"uv":[8.0,6.4375,8.625,7.25],"rotation":0,"texture":"#0","tintindex":0},"south":{"uv":[9.6875,6.4375,10.125,7.25],"rotation":0,"texture":"#0","tintindex":0},"north":{"uv":[8.625,6.4375,9.0625,7.25],"rotation":0,"texture":"#0","tintindex":0},"west":{"uv":[9.0625,6.4375,9.6875,7.25],"rotation":0,"texture":"#0","tintindex":0},"up":{"uv":[9.0625,6.4375,8.625,5.8125],"rotation":0,"texture":"#0","tintindex":0},"down":{"uv":[9.5,5.8125,9.0625,6.4375],"rotation":0,"texture":"#0","tintindex":0}}}],"display":{"head":{"translation":[0.0,-6.4,0.0],"scale":[4.0,4.0,4.0]}}}