{"textures":{"0":"modelengine:entity/arcanegolem"},"elements":[{"from":[5.142857,5.142857,8.0],"to":[10.857143,10.857143,13.714286],"rotation":{"angle":0.0,"axis":"y","origin":[8.0,7.285714,8.714286]},"faces":{"east":{"uv":[5.5,6.9375,6.125,7.5625],"rotation":0,"texture":"#0","tintindex":0},"south":{"uv":[7.375,6.9375,8.0,7.5625],"rotation":0,"texture":"#0","tintindex":0},"north":{"uv":[6.125,6.9375,6.75,7.5625],"rotation":0,"texture":"#0","tintindex":0},"west":{"uv":[6.75,6.9375,7.375,7.5625],"rotation":0,"texture":"#0","tintindex":0},"up":{"uv":[6.75,6.9375,6.125,6.3125],"rotation":0,"texture":"#0","tintindex":0},"down":{"uv":[7.375,6.3125,6.75,6.9375],"rotation":0,"texture":"#0","tintindex":0}}}],"display":{"head":{"translation":[0.0,-6.4,0.0],"scale":[4.0,4.0,4.0]}}}