{"textures":{"0":"modelengine:entity/arcanegolem"},"elements":[{"from":[4.428571,-1.8668289,2.1785655],"to":[10.428572,-0.15254307,6.46428],"rotation":{"angle":0.0,"axis":"y","origin":[7.428571,-1.8668289,7.7499943]},"faces":{"east":{"uv":[7.0,10.5,7.4375,10.6875],"rotation":0,"texture":"#0","tintindex":0},"south":{"uv":[8.5,10.5,9.125,10.6875],"rotation":0,"texture":"#0","tintindex":0},"north":{"uv":[7.4375,10.5,8.0625,10.6875],"rotation":0,"texture":"#0","tintindex":0},"west":{"uv":[8.0625,10.5,8.5,10.6875],"rotation":0,"texture":"#0","tintindex":0},"up":{"uv":[8.0625,10.5,7.4375,10.0625],"rotation":0,"texture":"#0","tintindex":0},"down":{"uv":[8.6875,10.0625,8.0625,10.5],"rotation":0,"texture":"#0","tintindex":0}}},{"from":[4.428571,-0.15254307,3.4642797],"to":[10.428572,0.4188857,6.46428],"rotation":{"angle":0.0,"axis":"y","origin":[7.428571,-0.15254307,7.7499943]},"faces":{"east":{"uv":[10.0,8.5,10.3125,8.5625],"rotation":0,"texture":"#0","tintindex":0},"south":{"uv":[11.25,8.5,11.875,8.5625],"rotation":0,"texture":"#0","tintindex":0},"north":{"uv":[10.3125,8.5,10.9375,8.5625],"rotation":0,"texture":"#0","tintindex":0},"west":{"uv":[10.9375,8.5,11.25,8.5625],"rotation":0,"texture":"#0","tintindex":0},"up":{"uv":[10.9375,8.5,10.3125,8.1875],"rotation":0,"texture":"#0","tintindex":0},"down":{"uv":[11.5625,8.1875,10.9375,8.5],"rotation":0,"texture":"#0","tintindex":0}}},{"from":[4.0,-1.8668289,3.8928514],"to":[10.857143,-0.15254307,10.749994],"rotation":{"angle":0.0,"axis":"y","origin":[7.428571,-1.8668289,7.7499943]},"faces":{"east":{"uv":[0.0,7.0625,0.75,7.25],"rotation":0,"texture":"#0","tintindex":0},"south":{"uv":[2.25,7.0625,3.0,7.25],"rotation":0,"texture":"#0","tintindex":0},"north":{"uv":[0.75,7.0625,1.5,7.25],"rotation":0,"texture":"#0","tintindex":0},"west":{"uv":[1.5,7.0625,2.25,7.25],"rotation":0,"texture":"#0","tintindex":0},"up":{"uv":[1.5,7.0625,0.75,6.3125],"rotation":0,"texture":"#0","tintindex":0},"down":{"uv":[2.25,6.3125,1.5,7.0625],"rotation":0,"texture":"#0","tintindex":0}}},{"from":[4.428571,-1.8668289,9.035708],"to":[10.428572,-0.15254307,11.178566],"rotation":{"angle":0.0,"axis":"y","origin":[7.428571,-1.8668289,8.178566]},"faces":{"east":{"uv":[10.75,0.1875,10.9375,0.375],"rotation":0,"texture":"#0","tintindex":0},"south":{"uv":[11.75,0.1875,12.375,0.375],"rotation":0,"texture":"#0","tintindex":0},"north":{"uv":[10.9375,0.1875,11.5625,0.375],"rotation":0,"texture":"#0","tintindex":0},"west":{"uv":[11.5625,0.1875,11.75,0.375],"rotation":0,"texture":"#0","tintindex":0},"up":{"uv":[11.5625,0.1875,10.9375,0.0],"rotation":0,"texture":"#0","tintindex":0},"down":{"uv":[12.1875,0.0,11.5625,0.1875],"rotation":0,"texture":"#0","tintindex":0}}},{"from":[4.428571,-0.15254307,4.7499943],"to":[10.428572,3.7045999,10.749994],"rotation":{"angle":0.0,"axis":"y","origin":[7.428571,-0.15254307,7.7499943]},"faces":{"east":{"uv":[5.0,9.3125,5.625,9.6875],"rotation":0,"texture":"#0","tintindex":0},"south":{"uv":[6.875,9.3125,7.5,9.6875],"rotation":0,"texture":"#0","tintindex":0},"north":{"uv":[5.625,9.3125,6.25,9.6875],"rotation":0,"texture":"#0","tintindex":0},"west":{"uv":[6.25,9.3125,6.875,9.6875],"rotation":0,"texture":"#0","tintindex":0},"up":{"uv":[6.25,9.3125,5.625,8.6875],"rotation":0,"texture":"#0","tintindex":0},"down":{"uv":[6.875,8.6875,6.25,9.3125],"rotation":0,"texture":"#0","tintindex":0}}},{"from":[4.8571424,3.7045999,5.1785655],"to":[10.0,7.561743,10.321423],"rotation":{"angle":0.0,"axis":"y","origin":[7.428571,3.7045999,7.7499943]},"faces":{"east":{"uv":[9.875,2.25,10.4375,2.625],"rotation":0,"texture":"#0","tintindex":0},"south":{"uv":[11.5625,2.25,12.125,2.625],"rotation":0,"texture":"#0","tintindex":0},"north":{"uv":[10.4375,2.25,11.0,2.625],"rotation":0,"texture":"#0","tintindex":0},"west":{"uv":[11.0,2.25,11.5625,2.625],"rotation":0,"texture":"#0","tintindex":0},"up":{"uv":[11.0,2.25,10.4375,1.6875],"rotation":0,"texture":"#0","tintindex":0},"down":{"uv":[11.5625,1.6875,11.0,2.25],"rotation":0,"texture":"#0","tintindex":0}}}],"display":{"head":{"translation":[0.0,-6.4,0.0],"scale":[4.0,4.0,4.0]}}}