{"textures":{"0":"modelengine:entity/arcanegolem"},"elements":[{"from":[5.0,-0.71428585,5.0],"to":[11.0,4.0,11.0],"rotation":{"angle":0.0,"axis":"y","origin":[8.0,-0.2857151,8.0]},"faces":{"east":{"uv":[2.5,8.1875,3.125,8.6875],"rotation":0,"texture":"#0","tintindex":0},"south":{"uv":[4.375,8.1875,5.0,8.6875],"rotation":0,"texture":"#0","tintindex":0},"north":{"uv":[3.125,8.1875,3.75,8.6875],"rotation":0,"texture":"#0","tintindex":0},"west":{"uv":[3.75,8.1875,4.375,8.6875],"rotation":0,"texture":"#0","tintindex":0},"up":{"uv":[3.75,8.1875,3.125,7.5625],"rotation":0,"texture":"#0","tintindex":0},"down":{"uv":[4.375,7.5625,3.75,8.1875],"rotation":0,"texture":"#0","tintindex":0}}},{"from":[5.428571,4.0,5.428571],"to":[10.571428,8.285714,10.571428],"rotation":{"angle":0.0,"axis":"y","origin":[8.0,4.0,8.0]},"faces":{"east":{"uv":[4.75,10.25,5.3125,10.6875],"rotation":0,"texture":"#0","tintindex":0},"south":{"uv":[6.4375,10.25,7.0,10.6875],"rotation":0,"texture":"#0","tintindex":0},"north":{"uv":[5.3125,10.25,5.875,10.6875],"rotation":0,"texture":"#0","tintindex":0},"west":{"uv":[5.875,10.25,6.4375,10.6875],"rotation":0,"texture":"#0","tintindex":0},"up":{"uv":[5.875,10.25,5.3125,9.6875],"rotation":0,"texture":"#0","tintindex":0},"down":{"uv":[6.4375,9.6875,5.875,10.25],"rotation":0,"texture":"#0","tintindex":0}}}],"display":{"head":{"translation":[0.0,-6.4,0.0],"scale":[4.0,4.0,4.0]}}}