{"textures":{"0":"modelengine:entity/arcanegolem"},"elements":[{"from":[7.428571,-12.57143,6.857143],"to":[8.571428,-9.14286,9.142858],"rotation":{"angle":0.0,"axis":"y","origin":[8.0,-12.57143,8.0]},"faces":{"east":{"uv":[6.125,11.3125,6.375,11.6875],"rotation":0,"texture":"#0","tintindex":0},"south":{"uv":[6.75,11.3125,6.875,11.6875],"rotation":0,"texture":"#0","tintindex":0},"north":{"uv":[6.375,11.3125,6.5,11.6875],"rotation":0,"texture":"#0","tintindex":0},"west":{"uv":[6.5,11.3125,6.75,11.6875],"rotation":0,"texture":"#0","tintindex":0},"up":{"uv":[6.5,11.3125,6.375,11.0625],"rotation":0,"texture":"#0","tintindex":0},"down":{"uv":[6.625,11.0625,6.5,11.3125],"rotation":0,"texture":"#0","tintindex":0}}},{"from":[6.857143,-0.5714302,3.4285712],"to":[9.142858,0.5714264,12.571428],"rotation":{"angle":0.0,"axis":"y","origin":[8.0,-0.5714302,8.0]},"faces":{"east":{"uv":[7.5,8.5625,8.5,8.6875],"rotation":0,"texture":"#0","tintindex":0},"south":{"uv":[9.75,8.5625,10.0,8.6875],"rotation":0,"texture":"#0","tintindex":0},"north":{"uv":[8.5,8.5625,8.75,8.6875],"rotation":0,"texture":"#0","tintindex":0},"west":{"uv":[8.75,8.5625,9.75,8.6875],"rotation":0,"texture":"#0","tintindex":0},"up":{"uv":[8.75,8.5625,8.5,7.5625],"rotation":0,"texture":"#0","tintindex":0},"down":{"uv":[9.0,7.5625,8.75,8.5625],"rotation":0,"texture":"#0","tintindex":0}}},{"from":[7.428571,-3.7142878,6.857143],"to":[8.571428,-0.5714302,9.142858],"rotation":{"angle":0.0,"axis":"y","origin":[8.0,-1.1428595,8.0]},"faces":{"east":{"uv":[11.125,4.375,11.375,4.6875],"rotation":0,"texture":"#0","tintindex":0},"south":{"uv":[11.75,4.375,11.875,4.6875],"rotation":0,"texture":"#0","tintindex":0},"north":{"uv":[11.375,4.375,11.5,4.6875],"rotation":0,"texture":"#0","tintindex":0},"west":{"uv":[11.5,4.375,11.75,4.6875],"rotation":0,"texture":"#0","tintindex":0},"up":{"uv":[11.5,4.375,11.375,4.125],"rotation":0,"texture":"#0","tintindex":0},"down":{"uv":[11.625,4.125,11.5,4.375],"rotation":0,"texture":"#0","tintindex":0}}},{"from":[6.857143,0.5714264,6.285714],"to":[9.142858,19.999998,9.714286],"rotation":{"angle":0.0,"axis":"y","origin":[8.0,0.5714264,8.0]},"faces":{"east":{"uv":[1.25,7.625,1.625,9.75],"rotation":0,"texture":"#0","tintindex":0},"south":{"uv":[2.25,7.625,2.5,9.75],"rotation":0,"texture":"#0","tintindex":0},"north":{"uv":[1.625,7.625,1.875,9.75],"rotation":0,"texture":"#0","tintindex":0},"west":{"uv":[1.875,7.625,2.25,9.75],"rotation":0,"texture":"#0","tintindex":0},"up":{"uv":[1.875,7.625,1.625,7.25],"rotation":0,"texture":"#0","tintindex":0},"down":{"uv":[2.125,7.25,1.875,7.625],"rotation":0,"texture":"#0","tintindex":0}}},{"from":[6.857143,19.999998,7.0],"to":[9.142858,29.714287,9.0],"rotation":{"angle":0.0,"axis":"y","origin":[8.0,11.42857,8.0]},"faces":{"east":{"uv":[3.875,10.875,4.0625,11.9375],"rotation":0,"texture":"#0","tintindex":0},"south":{"uv":[4.5,10.875,4.75,11.9375],"rotation":0,"texture":"#0","tintindex":0},"north":{"uv":[4.0625,10.875,4.3125,11.9375],"rotation":0,"texture":"#0","tintindex":0},"west":{"uv":[4.3125,10.875,4.5,11.9375],"rotation":0,"texture":"#0","tintindex":0},"up":{"uv":[4.3125,10.875,4.0625,10.6875],"rotation":0,"texture":"#0","tintindex":0},"down":{"uv":[4.5625,10.6875,4.3125,10.875],"rotation":0,"texture":"#0","tintindex":0}}},{"from":[7.0,29.714287,7.142857],"to":[9.0,30.285713,8.857143],"rotation":{"angle":0.0,"axis":"y","origin":[8.0,17.142857,8.0]},"faces":{"east":{"uv":[6.5,6.25,6.6875,6.3125],"rotation":0,"texture":"#0","tintindex":0},"south":{"uv":[7.0625,6.25,7.25,6.3125],"rotation":0,"texture":"#0","tintindex":0},"north":{"uv":[6.6875,6.25,6.875,6.3125],"rotation":0,"texture":"#0","tintindex":0},"west":{"uv":[6.875,6.25,7.0625,6.3125],"rotation":0,"texture":"#0","tintindex":0},"up":{"uv":[6.875,6.25,6.6875,6.0625],"rotation":0,"texture":"#0","tintindex":0},"down":{"uv":[7.0625,6.0625,6.875,6.25],"rotation":0,"texture":"#0","tintindex":0}}},{"from":[7.142857,30.285713,7.285714],"to":[8.857143,30.857143,8.714286],"rotation":{"angle":0.0,"axis":"y","origin":[8.0,17.714285,8.0]},"faces":{"east":{"uv":[7.25,6.125,7.375,6.1875],"rotation":0,"texture":"#0","tintindex":0},"south":{"uv":[7.6875,6.125,7.875,6.1875],"rotation":0,"texture":"#0","tintindex":0},"north":{"uv":[7.375,6.125,7.5625,6.1875],"rotation":0,"texture":"#0","tintindex":0},"west":{"uv":[7.5625,6.125,7.6875,6.1875],"rotation":0,"texture":"#0","tintindex":0},"up":{"uv":[7.5625,6.125,7.375,6.0],"rotation":0,"texture":"#0","tintindex":0},"down":{"uv":[7.75,6.0,7.5625,6.125],"rotation":0,"texture":"#0","tintindex":0}}},{"from":[7.285714,30.857143,7.428571],"to":[8.714286,31.42857,8.571428],"rotation":{"angle":0.0,"axis":"y","origin":[8.0,18.285713,8.0]},"faces":{"east":{"uv":[7.75,4.5625,7.875,4.625],"rotation":0,"texture":"#0","tintindex":0},"south":{"uv":[8.125,4.5625,8.25,4.625],"rotation":0,"texture":"#0","tintindex":0},"north":{"uv":[7.875,4.5625,8.0,4.625],"rotation":0,"texture":"#0","tintindex":0},"west":{"uv":[8.0,4.5625,8.125,4.625],"rotation":0,"texture":"#0","tintindex":0},"up":{"uv":[8.0,4.5625,7.875,4.4375],"rotation":0,"texture":"#0","tintindex":0},"down":{"uv":[8.125,4.4375,8.0,4.5625],"rotation":0,"texture":"#0","tintindex":0}}},{"from":[7.428571,31.42857,7.5714283],"to":[8.571428,32.0,8.428572],"rotation":{"angle":0.0,"axis":"y","origin":[8.0,18.857141,8.0]},"faces":{"east":{"uv":[7.375,2.4375,7.4375,2.5],"rotation":0,"texture":"#0","tintindex":0},"south":{"uv":[7.625,2.4375,7.75,2.5],"rotation":0,"texture":"#0","tintindex":0},"north":{"uv":[7.4375,2.4375,7.5625,2.5],"rotation":0,"texture":"#0","tintindex":0},"west":{"uv":[7.5625,2.4375,7.625,2.5],"rotation":0,"texture":"#0","tintindex":0},"up":{"uv":[7.5625,2.4375,7.4375,2.375],"rotation":0,"texture":"#0","tintindex":0},"down":{"uv":[7.6875,2.375,7.5625,2.4375],"rotation":0,"texture":"#0","tintindex":0}}},{"from":[7.142857,19.999998,8.857143],"to":[8.857143,29.142857,9.428572],"rotation":{"angle":0.0,"axis":"y","origin":[8.0,11.42857,10.0]},"faces":{"east":{"uv":[10.75,0.4375,10.8125,1.4375],"rotation":0,"texture":"#0","tintindex":0},"south":{"uv":[11.0625,0.4375,11.25,1.4375],"rotation":0,"texture":"#0","tintindex":0},"north":{"uv":[10.8125,0.4375,11.0,1.4375],"rotation":0,"texture":"#0","tintindex":0},"west":{"uv":[11.0,0.4375,11.0625,1.4375],"rotation":0,"texture":"#0","tintindex":0},"up":{"uv":[11.0,0.4375,10.8125,0.375],"rotation":0,"texture":"#0","tintindex":0},"down":{"uv":[11.1875,0.375,11.0,0.4375],"rotation":0,"texture":"#0","tintindex":0}}},{"from":[7.142857,19.999998,6.5714283],"to":[8.857143,29.142857,7.142857],"rotation":{"angle":0.0,"axis":"y","origin":[8.0,11.42857,7.714286]},"faces":{"east":{"uv":[10.75,10.4375,10.8125,11.4375],"rotation":0,"texture":"#0","tintindex":0},"south":{"uv":[11.0625,10.4375,11.25,11.4375],"rotation":0,"texture":"#0","tintindex":0},"north":{"uv":[10.8125,10.4375,11.0,11.4375],"rotation":0,"texture":"#0","tintindex":0},"west":{"uv":[11.0,10.4375,11.0625,11.4375],"rotation":0,"texture":"#0","tintindex":0},"up":{"uv":[11.0,10.4375,10.8125,10.375],"rotation":0,"texture":"#0","tintindex":0},"down":{"uv":[11.1875,10.375,11.0,10.4375],"rotation":0,"texture":"#0","tintindex":0}}},{"from":[7.428571,-9.14286,6.857143],"to":[8.571428,-5.7142878,9.142858],"rotation":{"angle":0.0,"axis":"y","origin":[8.0,-12.57143,8.0]},"faces":{"east":{"uv":[6.875,11.3125,7.125,11.6875],"rotation":0,"texture":"#0","tintindex":0},"south":{"uv":[7.5,11.3125,7.625,11.6875],"rotation":0,"texture":"#0","tintindex":0},"north":{"uv":[7.125,11.3125,7.25,11.6875],"rotation":0,"texture":"#0","tintindex":0},"west":{"uv":[7.25,11.3125,7.5,11.6875],"rotation":0,"texture":"#0","tintindex":0},"up":{"uv":[7.25,11.3125,7.125,11.0625],"rotation":0,"texture":"#0","tintindex":0},"down":{"uv":[7.375,11.0625,7.25,11.3125],"rotation":0,"texture":"#0","tintindex":0}}},{"from":[6.5714283,-15.428574,6.285714],"to":[9.428572,-12.57143,9.714286],"rotation":{"angle":0.0,"axis":"y","origin":[8.0,-14.000004,8.0]},"faces":{"east":{"uv":[4.75,11.0625,5.125,11.375],"rotation":0,"texture":"#0","tintindex":0},"south":{"uv":[5.8125,11.0625,6.125,11.375],"rotation":0,"texture":"#0","tintindex":0},"north":{"uv":[5.125,11.0625,5.4375,11.375],"rotation":0,"texture":"#0","tintindex":0},"west":{"uv":[5.4375,11.0625,5.8125,11.375],"rotation":0,"texture":"#0","tintindex":0},"up":{"uv":[5.4375,11.0625,5.125,10.6875],"rotation":0,"texture":"#0","tintindex":0},"down":{"uv":[5.75,10.6875,5.4375,11.0625],"rotation":0,"texture":"#0","tintindex":0}}}],"display":{"head":{"translation":[0.0,39.314293,0.0],"scale":[4.0,4.0,4.0]}}}