{"textures":{"0":"modelengine:entity/arcanegolem"},"elements":[{"from":[5.8571424,5.8571424,6.107143],"to":[10.142858,10.142858,19.964287],"rotation":{"angle":0.0,"axis":"y","origin":[8.0,7.285714,8.535714]},"faces":{"east":{"uv":[3.875,4.25,5.375,4.6875],"rotation":0,"texture":"#0","tintindex":0},"south":{"uv":[7.3125,4.25,7.75,4.6875],"rotation":0,"texture":"#0","tintindex":0},"north":{"uv":[5.375,4.25,5.8125,4.6875],"rotation":0,"texture":"#0","tintindex":0},"west":{"uv":[5.8125,4.25,7.3125,4.6875],"rotation":0,"texture":"#0","tintindex":0},"up":{"uv":[5.8125,4.25,5.375,2.75],"rotation":0,"texture":"#0","tintindex":0},"down":{"uv":[6.25,2.75,5.8125,4.25],"rotation":0,"texture":"#0","tintindex":0}}},{"from":[5.142857,5.142857,19.964287],"to":[10.857143,10.857143,22.82143],"rotation":{"angle":0.0,"axis":"y","origin":[8.0,7.285714,20.678572]},"faces":{"east":{"uv":[10.0,7.5625,10.3125,8.1875],"rotation":0,"texture":"#0","tintindex":0},"south":{"uv":[11.25,7.5625,11.875,8.1875],"rotation":0,"texture":"#0","tintindex":0},"north":{"uv":[10.3125,7.5625,10.9375,8.1875],"rotation":0,"texture":"#0","tintindex":0},"west":{"uv":[10.9375,7.5625,11.25,8.1875],"rotation":0,"texture":"#0","tintindex":0},"up":{"uv":[10.9375,7.5625,10.3125,7.25],"rotation":0,"texture":"#0","tintindex":0},"down":{"uv":[11.5625,7.25,10.9375,7.5625],"rotation":0,"texture":"#0","tintindex":0}}}],"display":{"head":{"translation":[0.0,-6.4,0.0],"scale":[4.0,4.0,4.0]}}}