{"textures":{"0":"modelengine:entity/arcanegolem"},"elements":[{"from":[-3.285715,4.5714283,5.0],"to":[19.285715,11.428572,11.0],"rotation":{"angle":0.0,"axis":"y","origin":[8.0,4.5714283,8.0]},"faces":{"east":{"uv":[0.0,0.625,0.625,1.375],"rotation":0,"texture":"#0","tintindex":0},"south":{"uv":[3.6875,0.625,6.125,1.375],"rotation":0,"texture":"#0","tintindex":0},"north":{"uv":[0.625,0.625,3.0625,1.375],"rotation":0,"texture":"#0","tintindex":0},"west":{"uv":[3.0625,0.625,3.6875,1.375],"rotation":0,"texture":"#0","tintindex":0},"up":{"uv":[3.0625,0.625,0.625,0.0],"rotation":0,"texture":"#0","tintindex":0},"down":{"uv":[5.5,0.0,3.0625,0.625],"rotation":0,"texture":"#0","tintindex":0}}},{"from":[-3.285715,11.428572,5.0],"to":[0.9999995,18.285715,11.0],"rotation":{"angle":0.0,"axis":"y","origin":[6.857143,11.428572,8.0]},"faces":{"east":{"uv":[7.5,9.3125,8.125,10.0625],"rotation":0,"texture":"#0","tintindex":0},"south":{"uv":[9.1875,9.3125,9.625,10.0625],"rotation":0,"texture":"#0","tintindex":0},"north":{"uv":[8.125,9.3125,8.5625,10.0625],"rotation":0,"texture":"#0","tintindex":0},"west":{"uv":[8.5625,9.3125,9.1875,10.0625],"rotation":0,"texture":"#0","tintindex":0},"up":{"uv":[8.5625,9.3125,8.125,8.6875],"rotation":0,"texture":"#0","tintindex":0},"down":{"uv":[9.0,8.6875,8.5625,9.3125],"rotation":0,"texture":"#0","tintindex":0}}},{"from":[0.9999995,11.428572,5.0],"to":[3.0,16.0,11.0],"rotation":{"angle":0.0,"axis":"y","origin":[11.142858,11.428572,8.0]},"faces":{"east":{"uv":[10.125,6.4375,10.75,6.9375],"rotation":0,"texture":"#0","tintindex":0},"south":{"uv":[11.5625,6.4375,11.75,6.9375],"rotation":0,"texture":"#0","tintindex":0},"north":{"uv":[10.75,6.4375,10.9375,6.9375],"rotation":0,"texture":"#0","tintindex":0},"west":{"uv":[10.9375,6.4375,11.5625,6.9375],"rotation":0,"texture":"#0","tintindex":0},"up":{"uv":[10.9375,6.4375,10.75,5.8125],"rotation":0,"texture":"#0","tintindex":0},"down":{"uv":[11.125,5.8125,10.9375,6.4375],"rotation":0,"texture":"#0","tintindex":0}}},{"from":[-3.285715,18.285715,5.0],"to":[-1.8571434,22.857143,11.0],"rotation":{"angle":0.0,"axis":"y","origin":[6.857143,18.285715,8.0]},"faces":{"east":{"uv":[0.0,11.3125,0.625,11.8125],"rotation":0,"texture":"#0","tintindex":0},"south":{"uv":[1.375,11.3125,1.5,11.8125],"rotation":0,"texture":"#0","tintindex":0},"north":{"uv":[0.625,11.3125,0.75,11.8125],"rotation":0,"texture":"#0","tintindex":0},"west":{"uv":[0.75,11.3125,1.375,11.8125],"rotation":0,"texture":"#0","tintindex":0},"up":{"uv":[0.75,11.3125,0.625,10.6875],"rotation":0,"texture":"#0","tintindex":0},"down":{"uv":[0.875,10.6875,0.75,11.3125],"rotation":0,"texture":"#0","tintindex":0}}},{"from":[13.0,11.428572,5.0],"to":[15.0,16.0,11.0],"rotation":{"angle":0.0,"axis":"y","origin":[22.57143,11.428572,8.0]},"faces":{"east":{"uv":[9.125,11.0,9.75,11.5],"rotation":0,"texture":"#0","tintindex":0},"south":{"uv":[10.5625,11.0,10.75,11.5],"rotation":0,"texture":"#0","tintindex":0},"north":{"uv":[9.75,11.0,9.9375,11.5],"rotation":0,"texture":"#0","tintindex":0},"west":{"uv":[9.9375,11.0,10.5625,11.5],"rotation":0,"texture":"#0","tintindex":0},"up":{"uv":[9.9375,11.0,9.75,10.375],"rotation":0,"texture":"#0","tintindex":0},"down":{"uv":[10.125,10.375,9.9375,11.0],"rotation":0,"texture":"#0","tintindex":0}}},{"from":[15.0,11.428572,5.0],"to":[19.285715,18.285715,11.0],"rotation":{"angle":0.0,"axis":"y","origin":[24.57143,11.428572,8.0]},"faces":{"east":{"uv":[9.0,4.4375,9.625,5.1875],"rotation":0,"texture":"#0","tintindex":0},"south":{"uv":[10.6875,4.4375,11.125,5.1875],"rotation":0,"texture":"#0","tintindex":0},"north":{"uv":[9.625,4.4375,10.0625,5.1875],"rotation":0,"texture":"#0","tintindex":0},"west":{"uv":[10.0625,4.4375,10.6875,5.1875],"rotation":0,"texture":"#0","tintindex":0},"up":{"uv":[10.0625,4.4375,9.625,3.8125],"rotation":0,"texture":"#0","tintindex":0},"down":{"uv":[10.5,3.8125,10.0625,4.4375],"rotation":0,"texture":"#0","tintindex":0}}},{"from":[17.857143,18.285715,5.0],"to":[19.285715,22.857143,11.0],"rotation":{"angle":0.0,"axis":"y","origin":[26.857143,18.285715,8.0]},"faces":{"east":{"uv":[1.5,11.3125,2.125,11.8125],"rotation":0,"texture":"#0","tintindex":0},"south":{"uv":[2.875,11.3125,3.0,11.8125],"rotation":0,"texture":"#0","tintindex":0},"north":{"uv":[2.125,11.3125,2.25,11.8125],"rotation":0,"texture":"#0","tintindex":0},"west":{"uv":[2.25,11.3125,2.875,11.8125],"rotation":0,"texture":"#0","tintindex":0},"up":{"uv":[2.25,11.3125,2.125,10.6875],"rotation":0,"texture":"#0","tintindex":0},"down":{"uv":[2.375,10.6875,2.25,11.3125],"rotation":0,"texture":"#0","tintindex":0}}}],"display":{"head":{"translation":[0.0,-6.4,0.0],"scale":[4.0,4.0,4.0]}}}