{"textures":{"0":"modelengine:entity/texture"},"elements":[{"from":[5.5138855,4.546273,6.550812],"to":[10.565314,9.597702,11.602241],"rotation":{"angle":0.0,"axis":"y","origin":[7.9603996,8.269762,8.61969]},"faces":{"east":{"uv":[0.0,2.0,2.0,4.0],"rotation":0,"texture":"#0","tintindex":0},"south":{"uv":[6.0,2.0,8.0,4.0],"rotation":0,"texture":"#0","tintindex":0},"north":{"uv":[2.0,2.0,4.0,4.0],"rotation":0,"texture":"#0","tintindex":0},"west":{"uv":[4.0,2.0,6.0,4.0],"rotation":0,"texture":"#0","tintindex":0},"up":{"uv":[4.0,2.0,2.0,0.0],"rotation":90,"texture":"#0","tintindex":0},"down":{"uv":[6.0,0.0,4.0,2.0],"rotation":270,"texture":"#0","tintindex":0}}},{"from":[6.142285,7.570222,9.657971],"to":[9.936915,11.364852,13.452602],"rotation":{"angle":0.0,"axis":"y","origin":[7.9603996,8.269762,8.61969]},"faces":{"east":{"uv":[0.0,5.5,1.5,7.0],"rotation":0,"texture":"#0","tintindex":0},"south":{"uv":[4.5,5.5,6.0,7.0],"rotation":0,"texture":"#0","tintindex":0},"north":{"uv":[1.5,5.5,3.0,7.0],"rotation":0,"texture":"#0","tintindex":0},"west":{"uv":[3.0,5.5,4.5,7.0],"rotation":0,"texture":"#0","tintindex":0},"up":{"uv":[3.0,5.5,1.5,4.0],"rotation":90,"texture":"#0","tintindex":0},"down":{"uv":[4.5,4.0,3.0,5.5],"rotation":270,"texture":"#0","tintindex":0}}},{"from":[6.4540024,5.358734,5.1615806],"to":[7.361495,6.2662263,8.689242],"rotation":{"angle":45.0,"axis":"x","origin":[7.9603996,8.269762,8.61969]},"faces":{"east":{"uv":[6.0,1.5,7.5,1.75],"rotation":0,"texture":"#0","tintindex":0},"south":{"uv":[9.25,1.5,9.5,1.75],"rotation":0,"texture":"#0","tintindex":0},"north":{"uv":[7.5,1.5,7.75,1.75],"rotation":0,"texture":"#0","tintindex":0},"west":{"uv":[7.75,1.5,9.25,1.75],"rotation":0,"texture":"#0","tintindex":0},"up":{"uv":[7.75,1.5,7.5,0.0],"rotation":90,"texture":"#0","tintindex":0},"down":{"uv":[8.0,0.0,7.75,1.5],"rotation":270,"texture":"#0","tintindex":0}}},{"from":[8.559305,5.358734,5.1615806],"to":[9.466797,6.2662263,8.689242],"rotation":{"angle":45.0,"axis":"x","origin":[7.9603996,8.269762,8.61969]},"faces":{"east":{"uv":[4.5,7.0,6.0,7.25],"rotation":0,"texture":"#0","tintindex":0},"south":{"uv":[7.75,7.0,8.0,7.25],"rotation":0,"texture":"#0","tintindex":0},"north":{"uv":[6.0,7.0,6.25,7.25],"rotation":0,"texture":"#0","tintindex":0},"west":{"uv":[6.25,7.0,7.75,7.25],"rotation":0,"texture":"#0","tintindex":0},"up":{"uv":[6.25,7.0,6.0,5.5],"rotation":90,"texture":"#0","tintindex":0},"down":{"uv":[6.5,5.5,6.25,7.0],"rotation":270,"texture":"#0","tintindex":0}}}],"display":{"head":{"translation":[0.0,-6.4,0.0],"scale":[4.0,4.0,4.0]}}}