{"textures":{"0":"modelengine:entity/texture"},"elements":[{"from":[11.140374,10.78305,11.02562],"to":[12.283232,11.925907,12.168478],"rotation":{"angle":0.0,"axis":"y","origin":[11.711803,11.354479,11.597049]},"faces":{"east":{"uv":[0.0,2.0,2.0,4.0],"rotation":0,"texture":"#0","tintindex":0},"south":{"uv":[2.0,0.0,4.0,2.0],"rotation":0,"texture":"#0","tintindex":0},"north":{"uv":[0.0,0.0,2.0,2.0],"rotation":0,"texture":"#0","tintindex":0},"west":{"uv":[2.0,2.0,4.0,4.0],"rotation":0,"texture":"#0","tintindex":0},"up":{"uv":[2.0,6.0,0.0,4.0],"rotation":0,"texture":"#0","tintindex":0},"down":{"uv":[6.0,0.0,4.0,2.0],"rotation":0,"texture":"#0","tintindex":0}}},{"from":[11.843351,11.467201,11.167792],"to":[12.701865,12.325715,12.026306],"rotation":{"angle":0.0,"axis":"y","origin":[12.272609,11.896458,11.597049]},"faces":{"east":{"uv":[4.0,2.0,6.0,4.0],"rotation":0,"texture":"#0","tintindex":0},"south":{"uv":[4.0,4.0,6.0,6.0],"rotation":0,"texture":"#0","tintindex":0},"north":{"uv":[2.0,4.0,4.0,6.0],"rotation":0,"texture":"#0","tintindex":0},"west":{"uv":[0.0,6.0,2.0,8.0],"rotation":0,"texture":"#0","tintindex":0},"up":{"uv":[8.0,2.0,6.0,0.0],"rotation":0,"texture":"#0","tintindex":0},"down":{"uv":[4.0,6.0,2.0,8.0],"rotation":0,"texture":"#0","tintindex":0}}},{"from":[10.545227,11.400746,11.750466],"to":[11.343341,11.606061,11.955782],"rotation":{"angle":-45.0,"axis":"z","origin":[10.944284,11.503404,11.853124]},"faces":{"east":{"uv":[6.0,3.0,7.0,4.0],"rotation":0,"texture":"#0","tintindex":0},"south":{"uv":[4.0,6.0,5.0,7.0],"rotation":0,"texture":"#0","tintindex":0},"north":{"uv":[6.0,2.0,7.0,3.0],"rotation":0,"texture":"#0","tintindex":0},"west":{"uv":[6.0,4.0,7.0,5.0],"rotation":0,"texture":"#0","tintindex":0},"up":{"uv":[6.0,7.0,5.0,6.0],"rotation":0,"texture":"#0","tintindex":0},"down":{"uv":[7.0,5.0,6.0,6.0],"rotation":0,"texture":"#0","tintindex":0}}},{"from":[10.545227,11.400746,11.274154],"to":[11.343341,11.606061,11.479469],"rotation":{"angle":-45.0,"axis":"z","origin":[10.944284,11.503404,11.376811]},"faces":{"east":{"uv":[7.0,2.0,8.0,3.0],"rotation":0,"texture":"#0","tintindex":0},"south":{"uv":[7.0,3.0,8.0,4.0],"rotation":0,"texture":"#0","tintindex":0},"north":{"uv":[6.0,6.0,7.0,7.0],"rotation":0,"texture":"#0","tintindex":0},"west":{"uv":[4.0,7.0,5.0,8.0],"rotation":0,"texture":"#0","tintindex":0},"up":{"uv":[8.0,5.0,7.0,4.0],"rotation":0,"texture":"#0","tintindex":0},"down":{"uv":[6.0,7.0,5.0,8.0],"rotation":0,"texture":"#0","tintindex":0}}}],"display":{"head":{"translation":[0.0,-6.4,0.0],"scale":[4.0,4.0,4.0]}}}