{"textures":{"1":"modelengine:entity/larian"},"elements":[{"from":[7.5714283,6.142857,12.0],"to":[8.714286,15.285715,13.142858],"rotation":{"angle":0.0,"axis":"y","origin":[7.607143,9.0,12.571428]},"faces":{"east":{"uv":[3.625,7.0625,3.75,8.0625],"rotation":0,"texture":"#1","tintindex":0},"south":{"uv":[4.0,7.0625,4.125,8.0625],"rotation":0,"texture":"#1","tintindex":0},"north":{"uv":[3.75,7.0625,3.875,8.0625],"rotation":0,"texture":"#1","tintindex":0},"west":{"uv":[3.875,7.0625,4.0,8.0625],"rotation":0,"texture":"#1","tintindex":0},"up":{"uv":[3.875,7.0625,3.75,6.9375],"rotation":0,"texture":"#1","tintindex":0},"down":{"uv":[4.0,6.9375,3.875,7.0625],"rotation":0,"texture":"#1","tintindex":0}}},{"from":[7.821429,7.428571,15.428572],"to":[8.535714,8.0,20.142857],"rotation":{"angle":0.0,"axis":"y","origin":[7.714286,6.857143,14.285715]},"faces":{"east":{"uv":[4.875,1.375,5.375,1.4375],"rotation":0,"texture":"#1","tintindex":0},"south":{"uv":[5.9375,1.375,6.0,1.4375],"rotation":0,"texture":"#1","tintindex":0},"north":{"uv":[5.375,1.375,5.4375,1.4375],"rotation":0,"texture":"#1","tintindex":0},"west":{"uv":[5.4375,1.375,5.9375,1.4375],"rotation":0,"texture":"#1","tintindex":0},"up":{"uv":[5.4375,1.375,5.375,0.875],"rotation":0,"texture":"#1","tintindex":0},"down":{"uv":[5.5,0.875,5.4375,1.375],"rotation":0,"texture":"#1","tintindex":0}}},{"from":[7.821429,8.571428,21.142857],"to":[8.535714,9.142858,25.142859],"rotation":{"angle":0.0,"axis":"y","origin":[7.714286,7.714286,18.285715]},"faces":{"east":{"uv":[0.0,8.3125,0.4375,8.375],"rotation":0,"texture":"#1","tintindex":0},"south":{"uv":[0.9375,8.3125,1.0,8.375],"rotation":0,"texture":"#1","tintindex":0},"north":{"uv":[0.4375,8.3125,0.5,8.375],"rotation":0,"texture":"#1","tintindex":0},"west":{"uv":[0.5,8.3125,0.9375,8.375],"rotation":0,"texture":"#1","tintindex":0},"up":{"uv":[0.5,8.3125,0.4375,7.875],"rotation":0,"texture":"#1","tintindex":0},"down":{"uv":[0.5625,7.875,0.5,8.3125],"rotation":0,"texture":"#1","tintindex":0}}},{"from":[7.821429,8.0,21.57143],"to":[8.535714,8.571428,24.57143],"rotation":{"angle":0.0,"axis":"y","origin":[7.714286,7.142857,18.0]},"faces":{"east":{"uv":[1.875,8.375,2.1875,8.4375],"rotation":0,"texture":"#1","tintindex":0},"south":{"uv":[2.5625,8.375,2.625,8.4375],"rotation":0,"texture":"#1","tintindex":0},"north":{"uv":[2.1875,8.375,2.25,8.4375],"rotation":0,"texture":"#1","tintindex":0},"west":{"uv":[2.25,8.375,2.5625,8.4375],"rotation":0,"texture":"#1","tintindex":0},"up":{"uv":[2.25,8.375,2.1875,8.0625],"rotation":0,"texture":"#1","tintindex":0},"down":{"uv":[2.3125,8.0625,2.25,8.375],"rotation":0,"texture":"#1","tintindex":0}}},{"from":[7.821429,6.857143,16.285715],"to":[8.535714,7.428571,19.714287],"rotation":{"angle":0.0,"axis":"y","origin":[7.714286,6.0,14.0]},"faces":{"east":{"uv":[8.0,3.625,8.375,3.6875],"rotation":0,"texture":"#1","tintindex":0},"south":{"uv":[8.8125,3.625,8.875,3.6875],"rotation":0,"texture":"#1","tintindex":0},"north":{"uv":[8.375,3.625,8.4375,3.6875],"rotation":0,"texture":"#1","tintindex":0},"west":{"uv":[8.4375,3.625,8.8125,3.6875],"rotation":0,"texture":"#1","tintindex":0},"up":{"uv":[8.4375,3.625,8.375,3.25],"rotation":0,"texture":"#1","tintindex":0},"down":{"uv":[8.5,3.25,8.4375,3.625],"rotation":0,"texture":"#1","tintindex":0}}},{"from":[7.821429,14.0,17.142857],"to":[8.535714,16.285715,20.57143],"rotation":{"angle":0.0,"axis":"y","origin":[7.714286,11.428572,17.714287]},"faces":{"east":{"uv":[7.75,8.0625,8.125,8.3125],"rotation":0,"texture":"#1","tintindex":0},"south":{"uv":[8.5625,8.0625,8.625,8.3125],"rotation":0,"texture":"#1","tintindex":0},"north":{"uv":[8.125,8.0625,8.1875,8.3125],"rotation":0,"texture":"#1","tintindex":0},"west":{"uv":[8.1875,8.0625,8.5625,8.3125],"rotation":0,"texture":"#1","tintindex":0},"up":{"uv":[8.1875,8.0625,8.125,7.6875],"rotation":0,"texture":"#1","tintindex":0},"down":{"uv":[8.25,7.6875,8.1875,8.0625],"rotation":0,"texture":"#1","tintindex":0}}},{"from":[7.821429,14.0,14.285715],"to":[8.535714,14.857143,17.142857],"rotation":{"angle":0.0,"axis":"y","origin":[7.714286,11.714286,14.285715]},"faces":{"east":{"uv":[4.5,3.1875,4.8125,3.25],"rotation":0,"texture":"#1","tintindex":0},"south":{"uv":[5.1875,3.1875,5.25,3.25],"rotation":0,"texture":"#1","tintindex":0},"north":{"uv":[4.8125,3.1875,4.875,3.25],"rotation":0,"texture":"#1","tintindex":0},"west":{"uv":[4.875,3.1875,5.1875,3.25],"rotation":0,"texture":"#1","tintindex":0},"up":{"uv":[4.875,3.1875,4.8125,2.875],"rotation":0,"texture":"#1","tintindex":0},"down":{"uv":[4.9375,2.875,4.875,3.1875],"rotation":0,"texture":"#1","tintindex":0}}},{"from":[7.821429,14.857143,15.428572],"to":[8.535714,17.142857,17.142857],"rotation":{"angle":0.0,"axis":"y","origin":[7.714286,13.428572,14.285715]},"faces":{"east":{"uv":[6.25,2.5,6.4375,2.75],"rotation":0,"texture":"#1","tintindex":0},"south":{"uv":[6.6875,2.5,6.75,2.75],"rotation":0,"texture":"#1","tintindex":0},"north":{"uv":[6.4375,2.5,6.5,2.75],"rotation":0,"texture":"#1","tintindex":0},"west":{"uv":[6.5,2.5,6.6875,2.75],"rotation":0,"texture":"#1","tintindex":0},"up":{"uv":[6.5,2.5,6.4375,2.3125],"rotation":0,"texture":"#1","tintindex":0},"down":{"uv":[6.5625,2.3125,6.5,2.5],"rotation":0,"texture":"#1","tintindex":0}}},{"from":[7.821429,8.0,13.142858],"to":[8.535714,14.0,20.57143],"rotation":{"angle":0.0,"axis":"y","origin":[7.714286,8.0,13.714286]},"faces":{"east":{"uv":[2.125,4.0625,2.9375,4.6875],"rotation":0,"texture":"#1","tintindex":0},"south":{"uv":[3.8125,4.0625,3.875,4.6875],"rotation":0,"texture":"#1","tintindex":0},"north":{"uv":[2.9375,4.0625,3.0,4.6875],"rotation":0,"texture":"#1","tintindex":0},"west":{"uv":[3.0,4.0625,3.8125,4.6875],"rotation":0,"texture":"#1","tintindex":0},"up":{"uv":[3.0,4.0625,2.9375,3.25],"rotation":0,"texture":"#1","tintindex":0},"down":{"uv":[3.0625,3.25,3.0,4.0625],"rotation":0,"texture":"#1","tintindex":0}}},{"from":[7.821429,9.142858,20.57143],"to":[8.535714,17.428572,25.714287],"rotation":{"angle":0.0,"axis":"y","origin":[7.714286,9.142858,21.142857]},"faces":{"east":{"uv":[6.25,1.4375,6.8125,2.3125],"rotation":0,"texture":"#1","tintindex":0},"south":{"uv":[7.4375,1.4375,7.5,2.3125],"rotation":0,"texture":"#1","tintindex":0},"north":{"uv":[6.8125,1.4375,6.875,2.3125],"rotation":0,"texture":"#1","tintindex":0},"west":{"uv":[6.875,1.4375,7.4375,2.3125],"rotation":0,"texture":"#1","tintindex":0},"up":{"uv":[6.875,1.4375,6.8125,0.875],"rotation":0,"texture":"#1","tintindex":0},"down":{"uv":[6.9375,0.875,6.875,1.4375],"rotation":0,"texture":"#1","tintindex":0}}},{"from":[7.821429,17.428572,22.285715],"to":[8.535714,20.0,25.714287],"rotation":{"angle":0.0,"axis":"y","origin":[7.714286,17.428572,21.142857]},"faces":{"east":{"uv":[1.0,8.25,1.375,8.5],"rotation":0,"texture":"#1","tintindex":0},"south":{"uv":[1.8125,8.25,1.875,8.5],"rotation":0,"texture":"#1","tintindex":0},"north":{"uv":[1.375,8.25,1.4375,8.5],"rotation":0,"texture":"#1","tintindex":0},"west":{"uv":[1.4375,8.25,1.8125,8.5],"rotation":0,"texture":"#1","tintindex":0},"up":{"uv":[1.4375,8.25,1.375,7.875],"rotation":0,"texture":"#1","tintindex":0},"down":{"uv":[1.5,7.875,1.4375,8.25],"rotation":0,"texture":"#1","tintindex":0}}},{"from":[7.821429,19.714287,24.57143],"to":[8.535714,24.0,25.714287],"rotation":{"angle":0.0,"axis":"y","origin":[7.714286,19.714287,21.142857]},"faces":{"east":{"uv":[5.625,8.3125,5.75,8.75],"rotation":0,"texture":"#1","tintindex":0},"south":{"uv":[5.9375,8.3125,6.0,8.75],"rotation":0,"texture":"#1","tintindex":0},"north":{"uv":[5.75,8.3125,5.8125,8.75],"rotation":0,"texture":"#1","tintindex":0},"west":{"uv":[5.8125,8.3125,5.9375,8.75],"rotation":0,"texture":"#1","tintindex":0},"up":{"uv":[5.8125,8.3125,5.75,8.1875],"rotation":0,"texture":"#1","tintindex":0},"down":{"uv":[5.875,8.1875,5.8125,8.3125],"rotation":0,"texture":"#1","tintindex":0}}}],"display":{"head":{"translation":[0.0,-6.4,0.0],"scale":[4.0,4.0,4.0]}}}