{"textures":{"1":"modelengine:entity/larian"},"elements":[{"from":[7.428571,6.142857,12.0],"to":[8.571428,15.285715,13.142858],"rotation":{"angle":0.0,"axis":"y","origin":[8.0,9.0,12.571428]},"faces":{"east":{"uv":[4.125,7.3125,4.25,8.3125],"rotation":0,"texture":"#1","tintindex":0},"south":{"uv":[4.5,7.3125,4.625,8.3125],"rotation":0,"texture":"#1","tintindex":0},"north":{"uv":[4.25,7.3125,4.375,8.3125],"rotation":0,"texture":"#1","tintindex":0},"west":{"uv":[4.375,7.3125,4.5,8.3125],"rotation":0,"texture":"#1","tintindex":0},"up":{"uv":[4.375,7.3125,4.25,7.1875],"rotation":0,"texture":"#1","tintindex":0},"down":{"uv":[4.5,7.1875,4.375,7.3125],"rotation":0,"texture":"#1","tintindex":0}}},{"from":[7.642857,7.428571,15.428572],"to":[8.357142,8.0,20.142857],"rotation":{"angle":0.0,"axis":"y","origin":[7.857143,6.857143,14.285715]},"faces":{"east":{"uv":[7.125,7.625,7.625,7.6875],"rotation":0,"texture":"#1","tintindex":0},"south":{"uv":[8.1875,7.625,8.25,7.6875],"rotation":0,"texture":"#1","tintindex":0},"north":{"uv":[7.625,7.625,7.6875,7.6875],"rotation":0,"texture":"#1","tintindex":0},"west":{"uv":[7.6875,7.625,8.1875,7.6875],"rotation":0,"texture":"#1","tintindex":0},"up":{"uv":[7.6875,7.625,7.625,7.125],"rotation":0,"texture":"#1","tintindex":0},"down":{"uv":[7.75,7.125,7.6875,7.625],"rotation":0,"texture":"#1","tintindex":0}}},{"from":[7.642857,8.571428,21.142857],"to":[8.357142,9.142858,25.142859],"rotation":{"angle":0.0,"axis":"y","origin":[7.857143,7.714286,18.285715]},"faces":{"east":{"uv":[4.625,8.3125,5.0625,8.375],"rotation":0,"texture":"#1","tintindex":0},"south":{"uv":[5.5625,8.3125,5.625,8.375],"rotation":0,"texture":"#1","tintindex":0},"north":{"uv":[5.0625,8.3125,5.125,8.375],"rotation":0,"texture":"#1","tintindex":0},"west":{"uv":[5.125,8.3125,5.5625,8.375],"rotation":0,"texture":"#1","tintindex":0},"up":{"uv":[5.125,8.3125,5.0625,7.875],"rotation":0,"texture":"#1","tintindex":0},"down":{"uv":[5.1875,7.875,5.125,8.3125],"rotation":0,"texture":"#1","tintindex":0}}},{"from":[7.642857,8.0,21.57143],"to":[8.357142,8.571428,24.57143],"rotation":{"angle":0.0,"axis":"y","origin":[7.857143,7.142857,18.0]},"faces":{"east":{"uv":[8.125,6.375,8.4375,6.4375],"rotation":0,"texture":"#1","tintindex":0},"south":{"uv":[8.8125,6.375,8.875,6.4375],"rotation":0,"texture":"#1","tintindex":0},"north":{"uv":[8.4375,6.375,8.5,6.4375],"rotation":0,"texture":"#1","tintindex":0},"west":{"uv":[8.5,6.375,8.8125,6.4375],"rotation":0,"texture":"#1","tintindex":0},"up":{"uv":[8.5,6.375,8.4375,6.0625],"rotation":0,"texture":"#1","tintindex":0},"down":{"uv":[8.5625,6.0625,8.5,6.375],"rotation":0,"texture":"#1","tintindex":0}}},{"from":[7.642857,6.857143,16.285715],"to":[8.357142,7.428571,19.714287],"rotation":{"angle":0.0,"axis":"y","origin":[7.857143,6.0,14.0]},"faces":{"east":{"uv":[8.0,5.0,8.375,5.0625],"rotation":0,"texture":"#1","tintindex":0},"south":{"uv":[8.8125,5.0,8.875,5.0625],"rotation":0,"texture":"#1","tintindex":0},"north":{"uv":[8.375,5.0,8.4375,5.0625],"rotation":0,"texture":"#1","tintindex":0},"west":{"uv":[8.4375,5.0,8.8125,5.0625],"rotation":0,"texture":"#1","tintindex":0},"up":{"uv":[8.4375,5.0,8.375,4.625],"rotation":0,"texture":"#1","tintindex":0},"down":{"uv":[8.5,4.625,8.4375,5.0],"rotation":0,"texture":"#1","tintindex":0}}},{"from":[7.642857,14.0,17.142857],"to":[8.357142,16.285715,20.57143],"rotation":{"angle":0.0,"axis":"y","origin":[7.857143,11.428572,17.714287]},"faces":{"east":{"uv":[8.0,2.375,8.375,2.625],"rotation":0,"texture":"#1","tintindex":0},"south":{"uv":[8.8125,2.375,8.875,2.625],"rotation":0,"texture":"#1","tintindex":0},"north":{"uv":[8.375,2.375,8.4375,2.625],"rotation":0,"texture":"#1","tintindex":0},"west":{"uv":[8.4375,2.375,8.8125,2.625],"rotation":0,"texture":"#1","tintindex":0},"up":{"uv":[8.4375,2.375,8.375,2.0],"rotation":0,"texture":"#1","tintindex":0},"down":{"uv":[8.5,2.0,8.4375,2.375],"rotation":0,"texture":"#1","tintindex":0}}},{"from":[7.642857,14.0,14.285715],"to":[8.357142,14.857143,17.142857],"rotation":{"angle":0.0,"axis":"y","origin":[7.857143,11.714286,14.285715]},"faces":{"east":{"uv":[8.125,6.75,8.4375,6.8125],"rotation":0,"texture":"#1","tintindex":0},"south":{"uv":[8.8125,6.75,8.875,6.8125],"rotation":0,"texture":"#1","tintindex":0},"north":{"uv":[8.4375,6.75,8.5,6.8125],"rotation":0,"texture":"#1","tintindex":0},"west":{"uv":[8.5,6.75,8.8125,6.8125],"rotation":0,"texture":"#1","tintindex":0},"up":{"uv":[8.5,6.75,8.4375,6.4375],"rotation":0,"texture":"#1","tintindex":0},"down":{"uv":[8.5625,6.4375,8.5,6.75],"rotation":0,"texture":"#1","tintindex":0}}},{"from":[7.642857,14.857143,15.428572],"to":[8.357142,17.142857,17.142857],"rotation":{"angle":0.0,"axis":"y","origin":[7.857143,13.428572,14.285715]},"faces":{"east":{"uv":[6.0,8.375,6.1875,8.625],"rotation":0,"texture":"#1","tintindex":0},"south":{"uv":[6.4375,8.375,6.5,8.625],"rotation":0,"texture":"#1","tintindex":0},"north":{"uv":[6.1875,8.375,6.25,8.625],"rotation":0,"texture":"#1","tintindex":0},"west":{"uv":[6.25,8.375,6.4375,8.625],"rotation":0,"texture":"#1","tintindex":0},"up":{"uv":[6.25,8.375,6.1875,8.1875],"rotation":0,"texture":"#1","tintindex":0},"down":{"uv":[6.3125,8.1875,6.25,8.375],"rotation":0,"texture":"#1","tintindex":0}}},{"from":[7.642857,8.0,13.142858],"to":[8.357142,14.0,20.57143],"rotation":{"angle":0.0,"axis":"y","origin":[7.857143,8.0,13.714286]},"faces":{"east":{"uv":[4.5,2.25,5.3125,2.875],"rotation":0,"texture":"#1","tintindex":0},"south":{"uv":[6.1875,2.25,6.25,2.875],"rotation":0,"texture":"#1","tintindex":0},"north":{"uv":[5.3125,2.25,5.375,2.875],"rotation":0,"texture":"#1","tintindex":0},"west":{"uv":[5.375,2.25,6.1875,2.875],"rotation":0,"texture":"#1","tintindex":0},"up":{"uv":[5.375,2.25,5.3125,1.4375],"rotation":0,"texture":"#1","tintindex":0},"down":{"uv":[5.4375,1.4375,5.375,2.25],"rotation":0,"texture":"#1","tintindex":0}}},{"from":[7.642857,9.142858,20.57143],"to":[8.357142,17.428572,25.714287],"rotation":{"angle":0.0,"axis":"y","origin":[7.857143,9.142858,21.142857]},"faces":{"east":{"uv":[6.75,2.875,7.3125,3.75],"rotation":0,"texture":"#1","tintindex":0},"south":{"uv":[7.9375,2.875,8.0,3.75],"rotation":0,"texture":"#1","tintindex":0},"north":{"uv":[7.3125,2.875,7.375,3.75],"rotation":0,"texture":"#1","tintindex":0},"west":{"uv":[7.375,2.875,7.9375,3.75],"rotation":0,"texture":"#1","tintindex":0},"up":{"uv":[7.375,2.875,7.3125,2.3125],"rotation":0,"texture":"#1","tintindex":0},"down":{"uv":[7.4375,2.3125,7.375,2.875],"rotation":0,"texture":"#1","tintindex":0}}},{"from":[7.642857,17.428572,22.285715],"to":[8.357142,20.0,25.714287],"rotation":{"angle":0.0,"axis":"y","origin":[7.857143,17.428572,21.142857]},"faces":{"east":{"uv":[8.0,3.0,8.375,3.25],"rotation":0,"texture":"#1","tintindex":0},"south":{"uv":[8.8125,3.0,8.875,3.25],"rotation":0,"texture":"#1","tintindex":0},"north":{"uv":[8.375,3.0,8.4375,3.25],"rotation":0,"texture":"#1","tintindex":0},"west":{"uv":[8.4375,3.0,8.8125,3.25],"rotation":0,"texture":"#1","tintindex":0},"up":{"uv":[8.4375,3.0,8.375,2.625],"rotation":0,"texture":"#1","tintindex":0},"down":{"uv":[8.5,2.625,8.4375,3.0],"rotation":0,"texture":"#1","tintindex":0}}},{"from":[7.642857,19.714287,24.57143],"to":[8.357142,24.0,25.714287],"rotation":{"angle":0.0,"axis":"y","origin":[7.857143,19.714287,21.142857]},"faces":{"east":{"uv":[6.5,8.3125,6.625,8.75],"rotation":0,"texture":"#1","tintindex":0},"south":{"uv":[6.8125,8.3125,6.875,8.75],"rotation":0,"texture":"#1","tintindex":0},"north":{"uv":[6.625,8.3125,6.6875,8.75],"rotation":0,"texture":"#1","tintindex":0},"west":{"uv":[6.6875,8.3125,6.8125,8.75],"rotation":0,"texture":"#1","tintindex":0},"up":{"uv":[6.6875,8.3125,6.625,8.1875],"rotation":0,"texture":"#1","tintindex":0},"down":{"uv":[6.75,8.1875,6.6875,8.3125],"rotation":0,"texture":"#1","tintindex":0}}}],"display":{"head":{"translation":[0.0,-6.4,0.0],"scale":[4.0,4.0,4.0]}}}