{"textures":{"1":"modelengine:entity/larian"},"elements":[{"from":[6.0,8.231531,5.50528],"to":[10.0,12.231531,9.50528],"rotation":{"angle":0.0,"axis":"y","origin":[8.0,7.945817,7.50528]},"faces":{"east":{"uv":[6.75,0.4375,7.1875,0.875],"rotation":0,"texture":"#1","tintindex":0},"south":{"uv":[8.0625,0.4375,8.5,0.875],"rotation":0,"texture":"#1","tintindex":0},"north":{"uv":[7.1875,0.4375,7.625,0.875],"rotation":0,"texture":"#1","tintindex":0},"west":{"uv":[7.625,0.4375,8.0625,0.875],"rotation":0,"texture":"#1","tintindex":0},"up":{"uv":[7.625,0.4375,7.1875,0.0],"rotation":0,"texture":"#1","tintindex":0},"down":{"uv":[8.0625,0.0,7.625,0.4375],"rotation":0,"texture":"#1","tintindex":0}}}],"display":{"head":{"translation":[0.0,-6.4,0.0],"scale":[4.0,4.0,4.0]}}}