{"textures":{"1":"modelengine:entity/larian"},"elements":[{"from":[7.714286,7.142857,7.714286],"to":[8.285714,9.428572,12.285715],"rotation":{"angle":0.0,"axis":"y","origin":[8.0,8.857143,8.285714]},"faces":{"east":{"uv":[4.75,7.625,5.25,7.875],"rotation":0,"texture":"#1","tintindex":0},"south":{"uv":[5.8125,7.625,5.875,7.875],"rotation":0,"texture":"#1","tintindex":0},"north":{"uv":[5.25,7.625,5.3125,7.875],"rotation":0,"texture":"#1","tintindex":0},"west":{"uv":[5.3125,7.625,5.8125,7.875],"rotation":0,"texture":"#1","tintindex":0},"up":{"uv":[5.3125,7.625,5.25,7.125],"rotation":0,"texture":"#1","tintindex":0},"down":{"uv":[5.375,7.125,5.3125,7.625],"rotation":0,"texture":"#1","tintindex":0}}},{"from":[7.714286,10.142858,8.285714],"to":[8.285714,11.285714,12.285715],"rotation":{"angle":-22.5,"axis":"x","origin":[8.0,10.714286,12.857143]},"faces":{"east":{"uv":[7.5,1.3125,7.9375,1.4375],"rotation":0,"texture":"#1","tintindex":0},"south":{"uv":[8.4375,1.3125,8.5,1.4375],"rotation":0,"texture":"#1","tintindex":0},"north":{"uv":[7.9375,1.3125,8.0,1.4375],"rotation":0,"texture":"#1","tintindex":0},"west":{"uv":[8.0,1.3125,8.4375,1.4375],"rotation":0,"texture":"#1","tintindex":0},"up":{"uv":[8.0,1.3125,7.9375,0.875],"rotation":0,"texture":"#1","tintindex":0},"down":{"uv":[8.0625,0.875,8.0,1.3125],"rotation":0,"texture":"#1","tintindex":0}}},{"from":[7.714286,5.5714283,8.857143],"to":[8.285714,6.714286,12.857143],"rotation":{"angle":22.5,"axis":"x","origin":[8.0,6.142857,13.428572]},"faces":{"east":{"uv":[7.5,1.875,7.9375,2.0],"rotation":0,"texture":"#1","tintindex":0},"south":{"uv":[8.4375,1.875,8.5,2.0],"rotation":0,"texture":"#1","tintindex":0},"north":{"uv":[7.9375,1.875,8.0,2.0],"rotation":0,"texture":"#1","tintindex":0},"west":{"uv":[8.0,1.875,8.4375,2.0],"rotation":0,"texture":"#1","tintindex":0},"up":{"uv":[8.0,1.875,7.9375,1.4375],"rotation":0,"texture":"#1","tintindex":0},"down":{"uv":[8.0625,1.4375,8.0,1.875],"rotation":0,"texture":"#1","tintindex":0}}},{"from":[7.714286,10.0,11.571428],"to":[8.285714,14.0,12.571428],"rotation":{"angle":22.5,"axis":"x","origin":[8.0,12.285715,11.714286]},"faces":{"east":{"uv":[6.875,8.25,6.9375,8.6875],"rotation":0,"texture":"#1","tintindex":0},"south":{"uv":[7.0625,8.25,7.125,8.6875],"rotation":0,"texture":"#1","tintindex":0},"north":{"uv":[6.9375,8.25,7.0,8.6875],"rotation":0,"texture":"#1","tintindex":0},"west":{"uv":[7.0,8.25,7.0625,8.6875],"rotation":0,"texture":"#1","tintindex":0},"up":{"uv":[7.0,8.25,6.9375,8.1875],"rotation":0,"texture":"#1","tintindex":0},"down":{"uv":[7.0625,8.1875,7.0,8.25],"rotation":0,"texture":"#1","tintindex":0}}},{"from":[7.714286,9.428572,11.285714],"to":[8.285714,11.714286,12.857143],"rotation":{"angle":0.0,"axis":"y","origin":[8.0,9.428572,12.285715]},"faces":{"east":{"uv":[5.25,3.0,5.375,3.25],"rotation":0,"texture":"#1","tintindex":0},"south":{"uv":[5.5625,3.0,5.625,3.25],"rotation":0,"texture":"#1","tintindex":0},"north":{"uv":[5.375,3.0,5.4375,3.25],"rotation":0,"texture":"#1","tintindex":0},"west":{"uv":[5.4375,3.0,5.5625,3.25],"rotation":0,"texture":"#1","tintindex":0},"up":{"uv":[5.4375,3.0,5.375,2.875],"rotation":0,"texture":"#1","tintindex":0},"down":{"uv":[5.5,2.875,5.4375,3.0],"rotation":0,"texture":"#1","tintindex":0}}}],"display":{"head":{"translation":[0.0,-6.4,0.0],"scale":[4.0,4.0,4.0]}}}