{"textures":{"1":"modelengine:entity/larian"},"elements":[{"from":[7.5714283,7.0,7.714286],"to":[8.142858,9.285714,12.285715],"rotation":{"angle":0.0,"axis":"y","origin":[7.857143,8.714286,7.714286]},"faces":{"east":{"uv":[7.0,6.875,7.5,7.125],"rotation":0,"texture":"#1","tintindex":0},"south":{"uv":[8.0625,6.875,8.125,7.125],"rotation":0,"texture":"#1","tintindex":0},"north":{"uv":[7.5,6.875,7.5625,7.125],"rotation":0,"texture":"#1","tintindex":0},"west":{"uv":[7.5625,6.875,8.0625,7.125],"rotation":0,"texture":"#1","tintindex":0},"up":{"uv":[7.5625,6.875,7.5,6.375],"rotation":0,"texture":"#1","tintindex":0},"down":{"uv":[7.625,6.375,7.5625,6.875],"rotation":0,"texture":"#1","tintindex":0}}},{"from":[7.5714283,10.0,8.285714],"to":[8.142858,11.142858,12.285715],"rotation":{"angle":-22.5,"axis":"x","origin":[8.0,10.571428,12.857143]},"faces":{"east":{"uv":[0.0,7.75,0.4375,7.875],"rotation":0,"texture":"#1","tintindex":0},"south":{"uv":[0.9375,7.75,1.0,7.875],"rotation":0,"texture":"#1","tintindex":0},"north":{"uv":[0.4375,7.75,0.5,7.875],"rotation":0,"texture":"#1","tintindex":0},"west":{"uv":[0.5,7.75,0.9375,7.875],"rotation":0,"texture":"#1","tintindex":0},"up":{"uv":[0.5,7.75,0.4375,7.3125],"rotation":0,"texture":"#1","tintindex":0},"down":{"uv":[0.5625,7.3125,0.5,7.75],"rotation":0,"texture":"#1","tintindex":0}}},{"from":[7.5714283,5.428571,8.857143],"to":[8.142858,6.5714283,12.857143],"rotation":{"angle":22.5,"axis":"x","origin":[8.0,6.0,13.428572]},"faces":{"east":{"uv":[1.0,7.75,1.4375,7.875],"rotation":0,"texture":"#1","tintindex":0},"south":{"uv":[1.9375,7.75,2.0,7.875],"rotation":0,"texture":"#1","tintindex":0},"north":{"uv":[1.4375,7.75,1.5,7.875],"rotation":0,"texture":"#1","tintindex":0},"west":{"uv":[1.5,7.75,1.9375,7.875],"rotation":0,"texture":"#1","tintindex":0},"up":{"uv":[1.5,7.75,1.4375,7.3125],"rotation":0,"texture":"#1","tintindex":0},"down":{"uv":[1.5625,7.3125,1.5,7.75],"rotation":0,"texture":"#1","tintindex":0}}},{"from":[7.5714283,9.857143,11.571428],"to":[8.142858,13.857143,12.571428],"rotation":{"angle":22.5,"axis":"x","origin":[8.0,12.142858,11.714286]},"faces":{"east":{"uv":[6.0,0.9375,6.0625,1.375],"rotation":0,"texture":"#1","tintindex":0},"south":{"uv":[6.1875,0.9375,6.25,1.375],"rotation":0,"texture":"#1","tintindex":0},"north":{"uv":[6.0625,0.9375,6.125,1.375],"rotation":0,"texture":"#1","tintindex":0},"west":{"uv":[6.125,0.9375,6.1875,1.375],"rotation":0,"texture":"#1","tintindex":0},"up":{"uv":[6.125,0.9375,6.0625,0.875],"rotation":0,"texture":"#1","tintindex":0},"down":{"uv":[6.1875,0.875,6.125,0.9375],"rotation":0,"texture":"#1","tintindex":0}}},{"from":[7.5714283,9.285714,11.285714],"to":[8.142858,11.571428,12.857143],"rotation":{"angle":0.0,"axis":"y","origin":[8.0,9.285714,12.285715]},"faces":{"east":{"uv":[4.125,2.1875,4.25,2.4375],"rotation":0,"texture":"#1","tintindex":0},"south":{"uv":[4.4375,2.1875,4.5,2.4375],"rotation":0,"texture":"#1","tintindex":0},"north":{"uv":[4.25,2.1875,4.3125,2.4375],"rotation":0,"texture":"#1","tintindex":0},"west":{"uv":[4.3125,2.1875,4.4375,2.4375],"rotation":0,"texture":"#1","tintindex":0},"up":{"uv":[4.3125,2.1875,4.25,2.0625],"rotation":0,"texture":"#1","tintindex":0},"down":{"uv":[4.375,2.0625,4.3125,2.1875],"rotation":0,"texture":"#1","tintindex":0}}}],"display":{"head":{"translation":[0.0,-6.4,0.0],"scale":[4.0,4.0,4.0]}}}