{"textures":{"1":"modelengine:entity/larian"},"elements":[{"from":[7.821429,-0.57142925,8.571428],"to":[8.535714,16.57143,12.0],"rotation":{"angle":0.0,"axis":"y","origin":[7.857143,3.4285712,4.5714283]},"faces":{"east":{"uv":[4.75,5.0625,5.125,6.9375],"rotation":0,"texture":"#1","tintindex":0},"south":{"uv":[5.5625,5.0625,5.625,6.9375],"rotation":0,"texture":"#1","tintindex":0},"north":{"uv":[5.125,5.0625,5.1875,6.9375],"rotation":0,"texture":"#1","tintindex":0},"west":{"uv":[5.1875,5.0625,5.5625,6.9375],"rotation":0,"texture":"#1","tintindex":0},"up":{"uv":[5.1875,5.0625,5.125,4.6875],"rotation":0,"texture":"#1","tintindex":0},"down":{"uv":[5.25,4.6875,5.1875,5.0625],"rotation":0,"texture":"#1","tintindex":0}}},{"from":[7.821429,-1.7142859,12.0],"to":[8.535714,15.428572,16.57143],"rotation":{"angle":0.0,"axis":"y","origin":[7.857143,3.4285712,4.5714283]},"faces":{"east":{"uv":[0.0,0.5,0.5,2.375],"rotation":0,"texture":"#1","tintindex":0},"south":{"uv":[1.0625,0.5,1.125,2.375],"rotation":0,"texture":"#1","tintindex":0},"north":{"uv":[0.5,0.5,0.5625,2.375],"rotation":0,"texture":"#1","tintindex":0},"west":{"uv":[0.5625,0.5,1.0625,2.375],"rotation":0,"texture":"#1","tintindex":0},"up":{"uv":[0.5625,0.5,0.5,0.0],"rotation":0,"texture":"#1","tintindex":0},"down":{"uv":[0.625,0.0,0.5625,0.5],"rotation":0,"texture":"#1","tintindex":0}}},{"from":[7.821429,-4.5714293,16.57143],"to":[8.535714,14.285715,20.0],"rotation":{"angle":0.0,"axis":"y","origin":[7.857143,3.4285712,4.5714283]},"faces":{"east":{"uv":[2.25,0.375,2.625,2.4375],"rotation":0,"texture":"#1","tintindex":0},"south":{"uv":[3.0625,0.375,3.125,2.4375],"rotation":0,"texture":"#1","tintindex":0},"north":{"uv":[2.625,0.375,2.6875,2.4375],"rotation":0,"texture":"#1","tintindex":0},"west":{"uv":[2.6875,0.375,3.0625,2.4375],"rotation":0,"texture":"#1","tintindex":0},"up":{"uv":[2.6875,0.375,2.625,0.0],"rotation":0,"texture":"#1","tintindex":0},"down":{"uv":[2.75,0.0,2.6875,0.375],"rotation":0,"texture":"#1","tintindex":0}}},{"from":[7.821429,-8.0,20.0],"to":[9.535714,15.428572,21.428572],"rotation":{"angle":0.0,"axis":"y","origin":[8.0,-1.1428576,8.0]},"faces":{"east":{"uv":[0.0,2.5,0.125,5.0625],"rotation":0,"texture":"#1","tintindex":0},"south":{"uv":[0.4375,2.5,0.625,5.0625],"rotation":0,"texture":"#1","tintindex":0},"north":{"uv":[0.125,2.5,0.3125,5.0625],"rotation":0,"texture":"#1","tintindex":0},"west":{"uv":[0.3125,2.5,0.4375,5.0625],"rotation":0,"texture":"#1","tintindex":0},"up":{"uv":[0.3125,2.5,0.125,2.375],"rotation":0,"texture":"#1","tintindex":0},"down":{"uv":[0.5,2.375,0.3125,2.5],"rotation":0,"texture":"#1","tintindex":0}}}],"display":{"head":{"translation":[0.0,-6.4,0.0],"scale":[4.0,4.0,4.0]}}}