{"textures":{"1":"modelengine:entity/larian"},"elements":[{"from":[7.642857,2.2857141,6.857143],"to":[8.357142,8.0,9.142858],"rotation":{"angle":0.0,"axis":"y","origin":[7.785714,6.857143,8.0]},"faces":{"east":{"uv":[7.125,7.9375,7.375,8.5625],"rotation":0,"texture":"#1","tintindex":0},"south":{"uv":[7.6875,7.9375,7.75,8.5625],"rotation":0,"texture":"#1","tintindex":0},"north":{"uv":[7.375,7.9375,7.4375,8.5625],"rotation":0,"texture":"#1","tintindex":0},"west":{"uv":[7.4375,7.9375,7.6875,8.5625],"rotation":0,"texture":"#1","tintindex":0},"up":{"uv":[7.4375,7.9375,7.375,7.6875],"rotation":0,"texture":"#1","tintindex":0},"down":{"uv":[7.5,7.6875,7.4375,7.9375],"rotation":0,"texture":"#1","tintindex":0}}}],"display":{"head":{"translation":[0.0,-6.4,0.0],"scale":[4.0,4.0,4.0]}}}