{"textures":{"1":"modelengine:entity/larian"},"elements":[{"from":[7.5,-2.285715,8.571428],"to":[8.214286,14.857143,12.0],"rotation":{"angle":0.0,"axis":"y","origin":[7.857143,1.7142854,4.5714283]},"faces":{"east":{"uv":[5.625,5.25,6.0,7.125],"rotation":0,"texture":"#1","tintindex":0},"south":{"uv":[6.4375,5.25,6.5,7.125],"rotation":0,"texture":"#1","tintindex":0},"north":{"uv":[6.0,5.25,6.0625,7.125],"rotation":0,"texture":"#1","tintindex":0},"west":{"uv":[6.0625,5.25,6.4375,7.125],"rotation":0,"texture":"#1","tintindex":0},"up":{"uv":[6.0625,5.25,6.0,4.875],"rotation":0,"texture":"#1","tintindex":0},"down":{"uv":[6.125,4.875,6.0625,5.25],"rotation":0,"texture":"#1","tintindex":0}}},{"from":[7.5,-3.4285717,12.0],"to":[8.214286,13.714286,16.57143],"rotation":{"angle":0.0,"axis":"y","origin":[7.857143,1.7142854,4.5714283]},"faces":{"east":{"uv":[1.125,0.5,1.625,2.375],"rotation":0,"texture":"#1","tintindex":0},"south":{"uv":[2.1875,0.5,2.25,2.375],"rotation":0,"texture":"#1","tintindex":0},"north":{"uv":[1.625,0.5,1.6875,2.375],"rotation":0,"texture":"#1","tintindex":0},"west":{"uv":[1.6875,0.5,2.1875,2.375],"rotation":0,"texture":"#1","tintindex":0},"up":{"uv":[1.6875,0.5,1.625,0.0],"rotation":0,"texture":"#1","tintindex":0},"down":{"uv":[1.75,0.0,1.6875,0.5],"rotation":0,"texture":"#1","tintindex":0}}},{"from":[7.5,-6.285715,16.57143],"to":[8.214286,12.571428,20.0],"rotation":{"angle":0.0,"axis":"y","origin":[7.857143,1.7142854,4.5714283]},"faces":{"east":{"uv":[0.625,2.75,1.0,4.8125],"rotation":0,"texture":"#1","tintindex":0},"south":{"uv":[1.4375,2.75,1.5,4.8125],"rotation":0,"texture":"#1","tintindex":0},"north":{"uv":[1.0,2.75,1.0625,4.8125],"rotation":0,"texture":"#1","tintindex":0},"west":{"uv":[1.0625,2.75,1.4375,4.8125],"rotation":0,"texture":"#1","tintindex":0},"up":{"uv":[1.0625,2.75,1.0,2.375],"rotation":0,"texture":"#1","tintindex":0},"down":{"uv":[1.125,2.375,1.0625,2.75],"rotation":0,"texture":"#1","tintindex":0}}},{"from":[7.0,-9.714287,20.0],"to":[8.714286,13.714286,21.428572],"rotation":{"angle":0.0,"axis":"y","origin":[8.0,-2.8571434,8.0]},"faces":{"east":{"uv":[1.5,2.5,1.625,5.0625],"rotation":0,"texture":"#1","tintindex":0},"south":{"uv":[1.9375,2.5,2.125,5.0625],"rotation":0,"texture":"#1","tintindex":0},"north":{"uv":[1.625,2.5,1.8125,5.0625],"rotation":0,"texture":"#1","tintindex":0},"west":{"uv":[1.8125,2.5,1.9375,5.0625],"rotation":0,"texture":"#1","tintindex":0},"up":{"uv":[1.8125,2.5,1.625,2.375],"rotation":0,"texture":"#1","tintindex":0},"down":{"uv":[2.0,2.375,1.8125,2.5],"rotation":0,"texture":"#1","tintindex":0}}}],"display":{"head":{"translation":[0.0,-6.4,0.0],"scale":[4.0,4.0,4.0]}}}