{"textures":{"1":"modelengine:entity/larian"},"elements":[{"from":[7.5051827,8.043526,7.714286],"to":[8.0766115,9.757812,8.285714],"rotation":{"angle":0.0,"axis":"y","origin":[8.218675,8.09936,8.0]},"faces":{"east":{"uv":[8.25,7.375,8.3125,7.5625],"rotation":0,"texture":"#1","tintindex":0},"south":{"uv":[8.4375,7.375,8.5,7.5625],"rotation":0,"texture":"#1","tintindex":0},"north":{"uv":[8.3125,7.375,8.375,7.5625],"rotation":0,"texture":"#1","tintindex":0},"west":{"uv":[8.375,7.375,8.4375,7.5625],"rotation":0,"texture":"#1","tintindex":0},"up":{"uv":[8.375,7.375,8.3125,7.3125],"rotation":0,"texture":"#1","tintindex":0},"down":{"uv":[8.4375,7.3125,8.375,7.375],"rotation":0,"texture":"#1","tintindex":0}}}],"display":{"head":{"translation":[0.0,-6.4,0.0],"scale":[4.0,4.0,4.0]}}}