{"textures":{"1":"modelengine:entity/larian"},"elements":[{"from":[7.5051827,7.90064,7.714286],"to":[8.0766115,9.614925,8.285714],"rotation":{"angle":0.0,"axis":"y","origin":[7.78132,8.614925,8.0]},"faces":{"east":{"uv":[6.75,4.6875,6.8125,4.875],"rotation":0,"texture":"#1","tintindex":0},"south":{"uv":[6.9375,4.6875,7.0,4.875],"rotation":0,"texture":"#1","tintindex":0},"north":{"uv":[6.8125,4.6875,6.875,4.875],"rotation":0,"texture":"#1","tintindex":0},"west":{"uv":[6.875,4.6875,6.9375,4.875],"rotation":0,"texture":"#1","tintindex":0},"up":{"uv":[6.875,4.6875,6.8125,4.625],"rotation":0,"texture":"#1","tintindex":0},"down":{"uv":[6.9375,4.625,6.875,4.6875],"rotation":0,"texture":"#1","tintindex":0}}}],"display":{"head":{"translation":[0.0,-6.4,0.0],"scale":[4.0,4.0,4.0]}}}