{"textures":{"1":"modelengine:entity/larian"},"elements":[{"from":[6.857143,2.2857141,6.857143],"to":[9.142858,8.0,9.142858],"rotation":{"angle":0.0,"axis":"y","origin":[8.0,2.2857141,8.0]},"faces":{"east":{"uv":[3.125,1.6875,3.375,2.3125],"rotation":0,"texture":"#1","tintindex":0},"south":{"uv":[3.875,1.6875,4.125,2.3125],"rotation":0,"texture":"#1","tintindex":0},"north":{"uv":[3.375,1.6875,3.625,2.3125],"rotation":0,"texture":"#1","tintindex":0},"west":{"uv":[3.625,1.6875,3.875,2.3125],"rotation":0,"texture":"#1","tintindex":0},"up":{"uv":[3.625,1.6875,3.375,1.4375],"rotation":0,"texture":"#1","tintindex":0},"down":{"uv":[3.875,1.4375,3.625,1.6875],"rotation":0,"texture":"#1","tintindex":0}}}],"display":{"head":{"translation":[0.0,-6.4,0.0],"scale":[4.0,4.0,4.0]}}}