{"textures":{"1":"modelengine:entity/larian"},"elements":[{"from":[7.285714,0.5714283,6.857143],"to":[8.0,8.0,9.142858],"rotation":{"angle":0.0,"axis":"y","origin":[7.428571,6.857143,8.0]},"faces":{"east":{"uv":[5.875,7.375,6.125,8.1875],"rotation":0,"texture":"#1","tintindex":0},"south":{"uv":[6.4375,7.375,6.5,8.1875],"rotation":0,"texture":"#1","tintindex":0},"north":{"uv":[6.125,7.375,6.1875,8.1875],"rotation":0,"texture":"#1","tintindex":0},"west":{"uv":[6.1875,7.375,6.4375,8.1875],"rotation":0,"texture":"#1","tintindex":0},"up":{"uv":[6.1875,7.375,6.125,7.125],"rotation":0,"texture":"#1","tintindex":0},"down":{"uv":[6.25,7.125,6.1875,7.375],"rotation":0,"texture":"#1","tintindex":0}}},{"from":[6.285714,8.0,6.285714],"to":[8.0,8.571428,9.142858],"rotation":{"angle":0.0,"axis":"y","origin":[7.428571,8.0,8.0]},"faces":{"east":{"uv":[8.5625,0.375,8.875,0.4375],"rotation":0,"texture":"#1","tintindex":0},"south":{"uv":[9.375,0.375,9.5625,0.4375],"rotation":0,"texture":"#1","tintindex":0},"north":{"uv":[8.875,0.375,9.0625,0.4375],"rotation":0,"texture":"#1","tintindex":0},"west":{"uv":[9.0625,0.375,9.375,0.4375],"rotation":0,"texture":"#1","tintindex":0},"up":{"uv":[9.0625,0.375,8.875,0.0625],"rotation":0,"texture":"#1","tintindex":0},"down":{"uv":[9.25,0.0625,9.0625,0.375],"rotation":0,"texture":"#1","tintindex":0}}},{"from":[6.714286,6.857143,6.285714],"to":[7.285714,8.0,9.714286],"rotation":{"angle":0.0,"axis":"y","origin":[6.714286,6.857143,8.0]},"faces":{"east":{"uv":[9.25,0.625,9.625,0.75],"rotation":0,"texture":"#1","tintindex":0},"south":{"uv":[10.0625,0.625,10.125,0.75],"rotation":0,"texture":"#1","tintindex":0},"north":{"uv":[9.625,0.625,9.6875,0.75],"rotation":0,"texture":"#1","tintindex":0},"west":{"uv":[9.6875,0.625,10.0625,0.75],"rotation":0,"texture":"#1","tintindex":0},"up":{"uv":[9.6875,0.625,9.625,0.25],"rotation":0,"texture":"#1","tintindex":0},"down":{"uv":[9.75,0.25,9.6875,0.625],"rotation":0,"texture":"#1","tintindex":0}}},{"from":[6.285714,8.0,6.5714283],"to":[6.857143,9.714286,8.857143],"rotation":{"angle":45.0,"axis":"z","origin":[6.5714283,8.285714,7.714286]},"faces":{"east":{"uv":[8.625,0.875,8.875,1.0625],"rotation":0,"texture":"#1","tintindex":0},"south":{"uv":[9.1875,0.875,9.25,1.0625],"rotation":0,"texture":"#1","tintindex":0},"north":{"uv":[8.875,0.875,8.9375,1.0625],"rotation":0,"texture":"#1","tintindex":0},"west":{"uv":[8.9375,0.875,9.1875,1.0625],"rotation":0,"texture":"#1","tintindex":0},"up":{"uv":[8.9375,0.875,8.875,0.625],"rotation":0,"texture":"#1","tintindex":0},"down":{"uv":[9.0,0.625,8.9375,0.875],"rotation":0,"texture":"#1","tintindex":0}}}],"display":{"head":{"translation":[0.0,-6.4,0.0],"scale":[4.0,4.0,4.0]}}}