{"textures":{"1":"modelengine:entity/larian"},"elements":[{"from":[7.5051827,7.90064,7.714286],"to":[8.0766115,9.614925,8.285714],"rotation":{"angle":0.0,"axis":"y","origin":[7.78132,8.614925,8.0]},"faces":{"east":{"uv":[1.25,4.875,1.3125,5.0625],"rotation":0,"texture":"#1","tintindex":0},"south":{"uv":[1.4375,4.875,1.5,5.0625],"rotation":0,"texture":"#1","tintindex":0},"north":{"uv":[1.3125,4.875,1.375,5.0625],"rotation":0,"texture":"#1","tintindex":0},"west":{"uv":[1.375,4.875,1.4375,5.0625],"rotation":0,"texture":"#1","tintindex":0},"up":{"uv":[1.375,4.875,1.3125,4.8125],"rotation":0,"texture":"#1","tintindex":0},"down":{"uv":[1.4375,4.8125,1.375,4.875],"rotation":0,"texture":"#1","tintindex":0}}}],"display":{"head":{"translation":[0.0,-6.4,0.0],"scale":[4.0,4.0,4.0]}}}