{"textures":{"1":"modelengine:entity/larian"},"elements":[{"from":[7.5051827,8.043526,7.714286],"to":[8.0766115,9.757812,8.285714],"rotation":{"angle":0.0,"axis":"y","origin":[8.218675,8.09936,8.0]},"faces":{"east":{"uv":[2.875,6.75,2.9375,6.9375],"rotation":0,"texture":"#1","tintindex":0},"south":{"uv":[3.0625,6.75,3.125,6.9375],"rotation":0,"texture":"#1","tintindex":0},"north":{"uv":[2.9375,6.75,3.0,6.9375],"rotation":0,"texture":"#1","tintindex":0},"west":{"uv":[3.0,6.75,3.0625,6.9375],"rotation":0,"texture":"#1","tintindex":0},"up":{"uv":[3.0,6.75,2.9375,6.6875],"rotation":0,"texture":"#1","tintindex":0},"down":{"uv":[3.0625,6.6875,3.0,6.75],"rotation":0,"texture":"#1","tintindex":0}}}],"display":{"head":{"translation":[0.0,-6.4,0.0],"scale":[4.0,4.0,4.0]}}}