{"textures":{"1":"modelengine:entity/larian"},"elements":[{"from":[7.5051827,8.043526,7.714286],"to":[8.0766115,9.757812,8.285714],"rotation":{"angle":0.0,"axis":"y","origin":[8.218675,8.09936,8.0]},"faces":{"east":{"uv":[5.625,7.9375,5.6875,8.125],"rotation":0,"texture":"#1","tintindex":0},"south":{"uv":[5.8125,7.9375,5.875,8.125],"rotation":0,"texture":"#1","tintindex":0},"north":{"uv":[5.6875,7.9375,5.75,8.125],"rotation":0,"texture":"#1","tintindex":0},"west":{"uv":[5.75,7.9375,5.8125,8.125],"rotation":0,"texture":"#1","tintindex":0},"up":{"uv":[5.75,7.9375,5.6875,7.875],"rotation":0,"texture":"#1","tintindex":0},"down":{"uv":[5.8125,7.875,5.75,7.9375],"rotation":0,"texture":"#1","tintindex":0}}}],"display":{"head":{"translation":[0.0,-6.4,0.0],"scale":[4.0,4.0,4.0]}}}