{"textures":{"1":"modelengine:entity/larian"},"elements":[{"from":[7.5051827,7.90064,7.714286],"to":[8.0766115,9.614925,8.285714],"rotation":{"angle":0.0,"axis":"y","origin":[7.78132,8.614925,8.0]},"faces":{"east":{"uv":[2.625,8.125,2.6875,8.3125],"rotation":0,"texture":"#1","tintindex":0},"south":{"uv":[2.8125,8.125,2.875,8.3125],"rotation":0,"texture":"#1","tintindex":0},"north":{"uv":[2.6875,8.125,2.75,8.3125],"rotation":0,"texture":"#1","tintindex":0},"west":{"uv":[2.75,8.125,2.8125,8.3125],"rotation":0,"texture":"#1","tintindex":0},"up":{"uv":[2.75,8.125,2.6875,8.0625],"rotation":0,"texture":"#1","tintindex":0},"down":{"uv":[2.8125,8.0625,2.75,8.125],"rotation":0,"texture":"#1","tintindex":0}}}],"display":{"head":{"translation":[0.0,-6.4,0.0],"scale":[4.0,4.0,4.0]}}}