{"textures":{"1":"modelengine:entity/larian"},"elements":[{"from":[7.428571,-2.6285725,7.8142858],"to":[8.571428,16.8,8.957143],"rotation":{"angle":0.0,"axis":"y","origin":[8.142858,-0.34285736,8.385715]},"faces":{"east":{"uv":[6.5,5.0,6.625,7.125],"rotation":0,"texture":"#1","tintindex":0},"south":{"uv":[6.875,5.0,7.0,7.125],"rotation":0,"texture":"#1","tintindex":0},"north":{"uv":[6.625,5.0,6.75,7.125],"rotation":0,"texture":"#1","tintindex":0},"west":{"uv":[6.75,5.0,6.875,7.125],"rotation":0,"texture":"#1","tintindex":0},"up":{"uv":[6.75,5.0,6.625,4.875],"rotation":0,"texture":"#1","tintindex":0},"down":{"uv":[6.875,4.875,6.75,5.0],"rotation":0,"texture":"#1","tintindex":0}}},{"from":[7.142857,-0.34285736,19.814285],"to":[8.857143,21.37143,21.242857],"rotation":{"angle":0.0,"axis":"y","origin":[8.142858,-0.34285736,20.385715]},"faces":{"east":{"uv":[0.625,4.9375,0.75,7.3125],"rotation":0,"texture":"#1","tintindex":0},"south":{"uv":[1.0625,4.9375,1.25,7.3125],"rotation":0,"texture":"#1","tintindex":0},"north":{"uv":[0.75,4.9375,0.9375,7.3125],"rotation":0,"texture":"#1","tintindex":0},"west":{"uv":[0.9375,4.9375,1.0625,7.3125],"rotation":0,"texture":"#1","tintindex":0},"up":{"uv":[0.9375,4.9375,0.75,4.8125],"rotation":0,"texture":"#1","tintindex":0},"down":{"uv":[1.125,4.8125,0.9375,4.9375],"rotation":0,"texture":"#1","tintindex":0}}},{"from":[7.642857,-0.9142866,8.957143],"to":[8.357142,12.8,13.528572],"rotation":{"angle":0.0,"axis":"y","origin":[8.0,1.371428,9.528571]},"faces":{"east":{"uv":[5.625,3.375,6.125,4.875],"rotation":0,"texture":"#1","tintindex":0},"south":{"uv":[6.6875,3.375,6.75,4.875],"rotation":0,"texture":"#1","tintindex":0},"north":{"uv":[6.125,3.375,6.1875,4.875],"rotation":0,"texture":"#1","tintindex":0},"west":{"uv":[6.1875,3.375,6.6875,4.875],"rotation":0,"texture":"#1","tintindex":0},"up":{"uv":[6.1875,3.375,6.125,2.875],"rotation":0,"texture":"#1","tintindex":0},"down":{"uv":[6.25,2.875,6.1875,3.375],"rotation":0,"texture":"#1","tintindex":0}}},{"from":[7.642857,12.8,8.957143],"to":[8.357142,15.657143,10.1],"rotation":{"angle":0.0,"axis":"y","origin":[8.0,6.5142856,9.528571]},"faces":{"east":{"uv":[8.125,8.4375,8.25,8.75],"rotation":0,"texture":"#1","tintindex":0},"south":{"uv":[8.4375,8.4375,8.5,8.75],"rotation":0,"texture":"#1","tintindex":0},"north":{"uv":[8.25,8.4375,8.3125,8.75],"rotation":0,"texture":"#1","tintindex":0},"west":{"uv":[8.3125,8.4375,8.4375,8.75],"rotation":0,"texture":"#1","tintindex":0},"up":{"uv":[8.3125,8.4375,8.25,8.3125],"rotation":0,"texture":"#1","tintindex":0},"down":{"uv":[8.375,8.3125,8.3125,8.4375],"rotation":0,"texture":"#1","tintindex":0}}},{"from":[7.642857,0.79999924,13.528572],"to":[8.357142,10.514286,16.385715],"rotation":{"angle":0.0,"axis":"y","origin":[8.0,1.9428568,10.671429]},"faces":{"east":{"uv":[2.875,7.25,3.1875,8.3125],"rotation":0,"texture":"#1","tintindex":0},"south":{"uv":[3.5625,7.25,3.625,8.3125],"rotation":0,"texture":"#1","tintindex":0},"north":{"uv":[3.1875,7.25,3.25,8.3125],"rotation":0,"texture":"#1","tintindex":0},"west":{"uv":[3.25,7.25,3.5625,8.3125],"rotation":0,"texture":"#1","tintindex":0},"up":{"uv":[3.25,7.25,3.1875,6.9375],"rotation":0,"texture":"#1","tintindex":0},"down":{"uv":[3.3125,6.9375,3.25,7.25],"rotation":0,"texture":"#1","tintindex":0}}},{"from":[7.642857,10.514286,15.242857],"to":[8.357142,15.085714,16.385715],"rotation":{"angle":0.0,"axis":"y","origin":[8.0,11.657143,10.671429]},"faces":{"east":{"uv":[3.625,8.1875,3.75,8.6875],"rotation":0,"texture":"#1","tintindex":0},"south":{"uv":[3.9375,8.1875,4.0,8.6875],"rotation":0,"texture":"#1","tintindex":0},"north":{"uv":[3.75,8.1875,3.8125,8.6875],"rotation":0,"texture":"#1","tintindex":0},"west":{"uv":[3.8125,8.1875,3.9375,8.6875],"rotation":0,"texture":"#1","tintindex":0},"up":{"uv":[3.8125,8.1875,3.75,8.0625],"rotation":0,"texture":"#1","tintindex":0},"down":{"uv":[3.875,8.0625,3.8125,8.1875],"rotation":0,"texture":"#1","tintindex":0}}},{"from":[7.642857,10.514286,13.528572],"to":[8.357142,13.942858,14.671429],"rotation":{"angle":0.0,"axis":"y","origin":[8.0,11.657143,8.957143]},"faces":{"east":{"uv":[3.0,8.4375,3.125,8.8125],"rotation":0,"texture":"#1","tintindex":0},"south":{"uv":[3.3125,8.4375,3.375,8.8125],"rotation":0,"texture":"#1","tintindex":0},"north":{"uv":[3.125,8.4375,3.1875,8.8125],"rotation":0,"texture":"#1","tintindex":0},"west":{"uv":[3.1875,8.4375,3.3125,8.8125],"rotation":0,"texture":"#1","tintindex":0},"up":{"uv":[3.1875,8.4375,3.125,8.3125],"rotation":0,"texture":"#1","tintindex":0},"down":{"uv":[3.25,8.3125,3.1875,8.4375],"rotation":0,"texture":"#1","tintindex":0}}},{"from":[7.642857,1.9428568,16.385715],"to":[8.357142,19.085714,19.814285],"rotation":{"angle":0.0,"axis":"y","origin":[8.0,4.2285714,16.957144]},"faces":{"east":{"uv":[1.25,5.4375,1.625,7.3125],"rotation":0,"texture":"#1","tintindex":0},"south":{"uv":[2.0625,5.4375,2.125,7.3125],"rotation":0,"texture":"#1","tintindex":0},"north":{"uv":[1.625,5.4375,1.6875,7.3125],"rotation":0,"texture":"#1","tintindex":0},"west":{"uv":[1.6875,5.4375,2.0625,7.3125],"rotation":0,"texture":"#1","tintindex":0},"up":{"uv":[1.6875,5.4375,1.625,5.0625],"rotation":0,"texture":"#1","tintindex":0},"down":{"uv":[1.75,5.0625,1.6875,5.4375],"rotation":0,"texture":"#1","tintindex":0}}},{"from":[7.642857,-1.4857149,16.957144],"to":[8.357142,1.9428568,18.1],"rotation":{"angle":0.0,"axis":"y","origin":[8.0,-8.914288,15.242857]},"faces":{"east":{"uv":[4.0,8.4375,4.125,8.8125],"rotation":0,"texture":"#1","tintindex":0},"south":{"uv":[4.3125,8.4375,4.375,8.8125],"rotation":0,"texture":"#1","tintindex":0},"north":{"uv":[4.125,8.4375,4.1875,8.8125],"rotation":0,"texture":"#1","tintindex":0},"west":{"uv":[4.1875,8.4375,4.3125,8.8125],"rotation":0,"texture":"#1","tintindex":0},"up":{"uv":[4.1875,8.4375,4.125,8.3125],"rotation":0,"texture":"#1","tintindex":0},"down":{"uv":[4.25,8.3125,4.1875,8.4375],"rotation":0,"texture":"#1","tintindex":0}}},{"from":[7.642857,-0.34285736,18.1],"to":[8.357142,1.9428568,18.671429],"rotation":{"angle":0.0,"axis":"y","origin":[8.0,-8.914288,16.385715]},"faces":{"east":{"uv":[7.75,2.0625,7.8125,2.3125],"rotation":0,"texture":"#1","tintindex":0},"south":{"uv":[7.9375,2.0625,8.0,2.3125],"rotation":0,"texture":"#1","tintindex":0},"north":{"uv":[7.8125,2.0625,7.875,2.3125],"rotation":0,"texture":"#1","tintindex":0},"west":{"uv":[7.875,2.0625,7.9375,2.3125],"rotation":0,"texture":"#1","tintindex":0},"up":{"uv":[7.875,2.0625,7.8125,2.0],"rotation":0,"texture":"#1","tintindex":0},"down":{"uv":[7.9375,2.0,7.875,2.0625],"rotation":0,"texture":"#1","tintindex":0}}}],"display":{"head":{"translation":[0.0,-6.4,0.0],"scale":[4.0,4.0,4.0]}}}