{"textures":{"1":"modelengine:entity/larian"},"elements":[{"from":[7.392857,1.7142854,8.571428],"to":[8.535714,21.142857,9.714286],"rotation":{"angle":0.0,"axis":"y","origin":[7.5714283,4.0,9.142858]},"faces":{"east":{"uv":[0.0,5.1875,0.125,7.3125],"rotation":0,"texture":"#1","tintindex":0},"south":{"uv":[0.375,5.1875,0.5,7.3125],"rotation":0,"texture":"#1","tintindex":0},"north":{"uv":[0.125,5.1875,0.25,7.3125],"rotation":0,"texture":"#1","tintindex":0},"west":{"uv":[0.25,5.1875,0.375,7.3125],"rotation":0,"texture":"#1","tintindex":0},"up":{"uv":[0.25,5.1875,0.125,5.0625],"rotation":0,"texture":"#1","tintindex":0},"down":{"uv":[0.375,5.0625,0.25,5.1875],"rotation":0,"texture":"#1","tintindex":0}}},{"from":[6.964286,4.0,20.57143],"to":[8.678572,25.714287,22.0],"rotation":{"angle":0.0,"axis":"y","origin":[7.142857,4.0,21.142857]},"faces":{"east":{"uv":[4.125,4.8125,4.25,7.1875],"rotation":0,"texture":"#1","tintindex":0},"south":{"uv":[4.5625,4.8125,4.75,7.1875],"rotation":0,"texture":"#1","tintindex":0},"north":{"uv":[4.25,4.8125,4.4375,7.1875],"rotation":0,"texture":"#1","tintindex":0},"west":{"uv":[4.4375,4.8125,4.5625,7.1875],"rotation":0,"texture":"#1","tintindex":0},"up":{"uv":[4.4375,4.8125,4.25,4.6875],"rotation":0,"texture":"#1","tintindex":0},"down":{"uv":[4.625,4.6875,4.4375,4.8125],"rotation":0,"texture":"#1","tintindex":0}}},{"from":[7.392857,3.4285712,9.714286],"to":[8.107142,17.142857,14.285715],"rotation":{"angle":0.0,"axis":"y","origin":[7.428571,5.714286,10.285714]},"faces":{"east":{"uv":[2.125,5.1875,2.625,6.6875],"rotation":0,"texture":"#1","tintindex":0},"south":{"uv":[3.1875,5.1875,3.25,6.6875],"rotation":0,"texture":"#1","tintindex":0},"north":{"uv":[2.625,5.1875,2.6875,6.6875],"rotation":0,"texture":"#1","tintindex":0},"west":{"uv":[2.6875,5.1875,3.1875,6.6875],"rotation":0,"texture":"#1","tintindex":0},"up":{"uv":[2.6875,5.1875,2.625,4.6875],"rotation":0,"texture":"#1","tintindex":0},"down":{"uv":[2.75,4.6875,2.6875,5.1875],"rotation":0,"texture":"#1","tintindex":0}}},{"from":[7.392857,17.142857,9.714286],"to":[8.107142,20.0,10.857143],"rotation":{"angle":0.0,"axis":"y","origin":[7.428571,10.857143,10.285714]},"faces":{"east":{"uv":[7.75,8.4375,7.875,8.75],"rotation":0,"texture":"#1","tintindex":0},"south":{"uv":[8.0625,8.4375,8.125,8.75],"rotation":0,"texture":"#1","tintindex":0},"north":{"uv":[7.875,8.4375,7.9375,8.75],"rotation":0,"texture":"#1","tintindex":0},"west":{"uv":[7.9375,8.4375,8.0625,8.75],"rotation":0,"texture":"#1","tintindex":0},"up":{"uv":[7.9375,8.4375,7.875,8.3125],"rotation":0,"texture":"#1","tintindex":0},"down":{"uv":[8.0,8.3125,7.9375,8.4375],"rotation":0,"texture":"#1","tintindex":0}}},{"from":[7.392857,5.142857,14.285715],"to":[8.107142,14.857143,17.142857],"rotation":{"angle":0.0,"axis":"y","origin":[7.428571,6.285714,11.428572]},"faces":{"east":{"uv":[2.125,7.0,2.4375,8.0625],"rotation":0,"texture":"#1","tintindex":0},"south":{"uv":[2.8125,7.0,2.875,8.0625],"rotation":0,"texture":"#1","tintindex":0},"north":{"uv":[2.4375,7.0,2.5,8.0625],"rotation":0,"texture":"#1","tintindex":0},"west":{"uv":[2.5,7.0,2.8125,8.0625],"rotation":0,"texture":"#1","tintindex":0},"up":{"uv":[2.5,7.0,2.4375,6.6875],"rotation":0,"texture":"#1","tintindex":0},"down":{"uv":[2.5625,6.6875,2.5,7.0],"rotation":0,"texture":"#1","tintindex":0}}},{"from":[7.392857,14.857143,16.0],"to":[8.107142,19.428572,17.142857],"rotation":{"angle":0.0,"axis":"y","origin":[7.428571,16.0,11.428572]},"faces":{"east":{"uv":[4.125,1.5625,4.25,2.0625],"rotation":0,"texture":"#1","tintindex":0},"south":{"uv":[4.4375,1.5625,4.5,2.0625],"rotation":0,"texture":"#1","tintindex":0},"north":{"uv":[4.25,1.5625,4.3125,2.0625],"rotation":0,"texture":"#1","tintindex":0},"west":{"uv":[4.3125,1.5625,4.4375,2.0625],"rotation":0,"texture":"#1","tintindex":0},"up":{"uv":[4.3125,1.5625,4.25,1.4375],"rotation":0,"texture":"#1","tintindex":0},"down":{"uv":[4.375,1.4375,4.3125,1.5625],"rotation":0,"texture":"#1","tintindex":0}}},{"from":[7.392857,14.857143,14.285715],"to":[8.107142,18.285715,15.428572],"rotation":{"angle":0.0,"axis":"y","origin":[7.428571,16.0,9.714286]},"faces":{"east":{"uv":[2.625,8.4375,2.75,8.8125],"rotation":0,"texture":"#1","tintindex":0},"south":{"uv":[2.9375,8.4375,3.0,8.8125],"rotation":0,"texture":"#1","tintindex":0},"north":{"uv":[2.75,8.4375,2.8125,8.8125],"rotation":0,"texture":"#1","tintindex":0},"west":{"uv":[2.8125,8.4375,2.9375,8.8125],"rotation":0,"texture":"#1","tintindex":0},"up":{"uv":[2.8125,8.4375,2.75,8.3125],"rotation":0,"texture":"#1","tintindex":0},"down":{"uv":[2.875,8.3125,2.8125,8.4375],"rotation":0,"texture":"#1","tintindex":0}}},{"from":[7.392857,6.285714,17.142857],"to":[8.107142,23.428572,20.57143],"rotation":{"angle":0.0,"axis":"y","origin":[7.428571,8.571428,17.714287]},"faces":{"east":{"uv":[3.25,5.0625,3.625,6.9375],"rotation":0,"texture":"#1","tintindex":0},"south":{"uv":[4.0625,5.0625,4.125,6.9375],"rotation":0,"texture":"#1","tintindex":0},"north":{"uv":[3.625,5.0625,3.6875,6.9375],"rotation":0,"texture":"#1","tintindex":0},"west":{"uv":[3.6875,5.0625,4.0625,6.9375],"rotation":0,"texture":"#1","tintindex":0},"up":{"uv":[3.6875,5.0625,3.625,4.6875],"rotation":0,"texture":"#1","tintindex":0},"down":{"uv":[3.75,4.6875,3.6875,5.0625],"rotation":0,"texture":"#1","tintindex":0}}},{"from":[7.392857,2.8571424,17.714287],"to":[8.107142,6.285714,18.857143],"rotation":{"angle":0.0,"axis":"y","origin":[7.428571,-4.5714293,16.0]},"faces":{"east":{"uv":[8.25,6.9375,8.375,7.3125],"rotation":0,"texture":"#1","tintindex":0},"south":{"uv":[8.5625,6.9375,8.625,7.3125],"rotation":0,"texture":"#1","tintindex":0},"north":{"uv":[8.375,6.9375,8.4375,7.3125],"rotation":0,"texture":"#1","tintindex":0},"west":{"uv":[8.4375,6.9375,8.5625,7.3125],"rotation":0,"texture":"#1","tintindex":0},"up":{"uv":[8.4375,6.9375,8.375,6.8125],"rotation":0,"texture":"#1","tintindex":0},"down":{"uv":[8.5,6.8125,8.4375,6.9375],"rotation":0,"texture":"#1","tintindex":0}}},{"from":[7.392857,4.0,18.857143],"to":[8.107142,6.285714,19.428572],"rotation":{"angle":0.0,"axis":"y","origin":[7.428571,-4.5714293,17.142857]},"faces":{"east":{"uv":[7.5,2.0625,7.5625,2.3125],"rotation":0,"texture":"#1","tintindex":0},"south":{"uv":[7.6875,2.0625,7.75,2.3125],"rotation":0,"texture":"#1","tintindex":0},"north":{"uv":[7.5625,2.0625,7.625,2.3125],"rotation":0,"texture":"#1","tintindex":0},"west":{"uv":[7.625,2.0625,7.6875,2.3125],"rotation":0,"texture":"#1","tintindex":0},"up":{"uv":[7.625,2.0625,7.5625,2.0],"rotation":0,"texture":"#1","tintindex":0},"down":{"uv":[7.6875,2.0,7.625,2.0625],"rotation":0,"texture":"#1","tintindex":0}}}],"display":{"head":{"translation":[0.0,-6.4,0.0],"scale":[4.0,4.0,4.0]}}}