{"textures":{"1":"modelengine:entity/larian"},"elements":[{"from":[7.642857,2.2857141,6.857143],"to":[8.357142,8.0,9.142858],"rotation":{"angle":0.0,"axis":"y","origin":[7.785714,6.857143,8.0]},"faces":{"east":{"uv":[7.75,4.0,8.0,4.625],"rotation":0,"texture":"#1","tintindex":0},"south":{"uv":[8.3125,4.0,8.375,4.625],"rotation":0,"texture":"#1","tintindex":0},"north":{"uv":[8.0,4.0,8.0625,4.625],"rotation":0,"texture":"#1","tintindex":0},"west":{"uv":[8.0625,4.0,8.3125,4.625],"rotation":0,"texture":"#1","tintindex":0},"up":{"uv":[8.0625,4.0,8.0,3.75],"rotation":0,"texture":"#1","tintindex":0},"down":{"uv":[8.125,3.75,8.0625,4.0],"rotation":0,"texture":"#1","tintindex":0}}}],"display":{"head":{"translation":[0.0,-6.4,0.0],"scale":[4.0,4.0,4.0]}}}