{"textures":{"1":"modelengine:entity/larian"},"elements":[{"from":[8.0,0.5714283,6.857143],"to":[8.714286,8.0,9.142858],"rotation":{"angle":0.0,"axis":"y","origin":[8.142858,6.857143,8.0]},"faces":{"east":{"uv":[6.5,7.375,6.75,8.1875],"rotation":0,"texture":"#1","tintindex":0},"south":{"uv":[7.0625,7.375,7.125,8.1875],"rotation":0,"texture":"#1","tintindex":0},"north":{"uv":[6.75,7.375,6.8125,8.1875],"rotation":0,"texture":"#1","tintindex":0},"west":{"uv":[6.8125,7.375,7.0625,8.1875],"rotation":0,"texture":"#1","tintindex":0},"up":{"uv":[6.8125,7.375,6.75,7.125],"rotation":0,"texture":"#1","tintindex":0},"down":{"uv":[6.875,7.125,6.8125,7.375],"rotation":0,"texture":"#1","tintindex":0}}},{"from":[8.0,8.0,6.285714],"to":[9.714286,8.571428,9.142858],"rotation":{"angle":0.0,"axis":"y","origin":[8.571428,8.0,8.0]},"faces":{"east":{"uv":[0.8125,0.3125,0.5,0.375],"rotation":0,"texture":"#1","tintindex":0},"south":{"uv":[1.0,0.3125,0.8125,0.375],"rotation":0,"texture":"#1","tintindex":0},"north":{"uv":[0.5,0.3125,0.3125,0.375],"rotation":0,"texture":"#1","tintindex":0},"west":{"uv":[0.3125,0.3125,0.0,0.375],"rotation":0,"texture":"#1","tintindex":0},"up":{"uv":[0.3125,0.3125,0.5,0.0],"rotation":0,"texture":"#1","tintindex":0},"down":{"uv":[0.5,0.0,0.6875,0.3125],"rotation":0,"texture":"#1","tintindex":0}}},{"from":[8.714286,6.857143,6.285714],"to":[9.285714,8.0,9.714286],"rotation":{"angle":0.0,"axis":"y","origin":[9.285714,6.857143,8.0]},"faces":{"east":{"uv":[0.8125,0.375,0.4375,0.5],"rotation":0,"texture":"#1","tintindex":0},"south":{"uv":[0.875,0.375,0.8125,0.5],"rotation":0,"texture":"#1","tintindex":0},"north":{"uv":[0.4375,0.375,0.375,0.5],"rotation":0,"texture":"#1","tintindex":0},"west":{"uv":[0.375,0.375,0.0,0.5],"rotation":0,"texture":"#1","tintindex":0},"up":{"uv":[0.375,0.375,0.4375,0.0],"rotation":0,"texture":"#1","tintindex":0},"down":{"uv":[0.4375,0.0,0.5,0.375],"rotation":0,"texture":"#1","tintindex":0}}},{"from":[9.142858,8.0,6.5714283],"to":[9.714286,9.714286,8.857143],"rotation":{"angle":-45.0,"axis":"z","origin":[9.428572,8.285714,7.714286]},"faces":{"east":{"uv":[0.5625,0.25,0.3125,0.4375],"rotation":0,"texture":"#1","tintindex":0},"south":{"uv":[0.625,0.25,0.5625,0.4375],"rotation":0,"texture":"#1","tintindex":0},"north":{"uv":[0.3125,0.25,0.25,0.4375],"rotation":0,"texture":"#1","tintindex":0},"west":{"uv":[0.25,0.25,0.0,0.4375],"rotation":0,"texture":"#1","tintindex":0},"up":{"uv":[0.25,0.25,0.3125,0.0],"rotation":0,"texture":"#1","tintindex":0},"down":{"uv":[0.3125,0.0,0.375,0.25],"rotation":0,"texture":"#1","tintindex":0}}}],"display":{"head":{"translation":[0.0,-6.4,0.0],"scale":[4.0,4.0,4.0]}}}