{"textures":{"1":"modelengine:entity/larian"},"elements":[{"from":[7.4955826,8.524988,8.25],"to":[8.067012,10.239275,8.821428],"rotation":{"angle":0.0,"axis":"y","origin":[8.218675,8.527931,8.535714]},"faces":{"east":{"uv":[4.375,8.375,4.4375,8.5625],"rotation":0,"texture":"#1","tintindex":0},"south":{"uv":[4.5625,8.375,4.625,8.5625],"rotation":0,"texture":"#1","tintindex":0},"north":{"uv":[4.4375,8.375,4.5,8.5625],"rotation":0,"texture":"#1","tintindex":0},"west":{"uv":[4.5,8.375,4.5625,8.5625],"rotation":0,"texture":"#1","tintindex":0},"up":{"uv":[4.5,8.375,4.4375,8.3125],"rotation":0,"texture":"#1","tintindex":0},"down":{"uv":[4.5625,8.3125,4.5,8.375],"rotation":0,"texture":"#1","tintindex":0}}}],"display":{"head":{"translation":[0.0,-6.4,0.0],"scale":[4.0,4.0,4.0]}}}