{"textures":{"1":"modelengine:entity/larian"},"elements":[{"from":[7.4955826,8.043526,7.714286],"to":[8.067012,9.757812,8.285714],"rotation":{"angle":0.0,"axis":"y","origin":[8.218675,8.09936,8.0]},"faces":{"east":{"uv":[0.75,8.4375,0.8125,8.625],"rotation":0,"texture":"#1","tintindex":0},"south":{"uv":[0.9375,8.4375,1.0,8.625],"rotation":0,"texture":"#1","tintindex":0},"north":{"uv":[0.8125,8.4375,0.875,8.625],"rotation":0,"texture":"#1","tintindex":0},"west":{"uv":[0.875,8.4375,0.9375,8.625],"rotation":0,"texture":"#1","tintindex":0},"up":{"uv":[0.875,8.4375,0.8125,8.375],"rotation":0,"texture":"#1","tintindex":0},"down":{"uv":[0.9375,8.375,0.875,8.4375],"rotation":0,"texture":"#1","tintindex":0}}}],"display":{"head":{"translation":[0.0,-6.4,0.0],"scale":[4.0,4.0,4.0]}}}