{"textures":{"1":"modelengine:entity/larian"},"elements":[{"from":[6.857143,2.2857141,6.857143],"to":[9.142858,8.0,9.142858],"rotation":{"angle":0.0,"axis":"y","origin":[8.0,2.2857141,8.0]},"faces":{"east":{"uv":[6.75,4.0,7.0,4.625],"rotation":0,"texture":"#1","tintindex":0},"south":{"uv":[7.5,4.0,7.75,4.625],"rotation":0,"texture":"#1","tintindex":0},"north":{"uv":[7.0,4.0,7.25,4.625],"rotation":0,"texture":"#1","tintindex":0},"west":{"uv":[7.25,4.0,7.5,4.625],"rotation":0,"texture":"#1","tintindex":0},"up":{"uv":[7.25,4.0,7.0,3.75],"rotation":0,"texture":"#1","tintindex":0},"down":{"uv":[7.5,3.75,7.25,4.0],"rotation":0,"texture":"#1","tintindex":0}}}],"display":{"head":{"translation":[0.0,-6.4,0.0],"scale":[4.0,4.0,4.0]}}}