{"textures":{"1":"modelengine:entity/larian"},"elements":[{"from":[7.4956055,7.9006686,8.629377],"to":[8.067035,9.614954,9.200806],"rotation":{"angle":0.0,"axis":"y","origin":[7.78132,8.562035,8.9150915]},"faces":{"east":{"uv":[3.375,8.375,3.4375,8.5625],"rotation":0,"texture":"#1","tintindex":0},"south":{"uv":[3.5625,8.375,3.625,8.5625],"rotation":0,"texture":"#1","tintindex":0},"north":{"uv":[3.4375,8.375,3.5,8.5625],"rotation":0,"texture":"#1","tintindex":0},"west":{"uv":[3.5,8.375,3.5625,8.5625],"rotation":0,"texture":"#1","tintindex":0},"up":{"uv":[3.5,8.375,3.4375,8.3125],"rotation":0,"texture":"#1","tintindex":0},"down":{"uv":[3.5625,8.3125,3.5,8.375],"rotation":0,"texture":"#1","tintindex":0}}}],"display":{"head":{"translation":[0.0,-6.4,0.0],"scale":[4.0,4.0,4.0]}}}