{"textures":{"1":"modelengine:entity/larian"},"elements":[{"from":[7.4956055,7.90064,7.714286],"to":[8.067035,9.614925,8.285714],"rotation":{"angle":0.0,"axis":"y","origin":[7.78132,8.614925,8.0]},"faces":{"east":{"uv":[0.5,8.4375,0.5625,8.625],"rotation":0,"texture":"#1","tintindex":0},"south":{"uv":[0.6875,8.4375,0.75,8.625],"rotation":0,"texture":"#1","tintindex":0},"north":{"uv":[0.5625,8.4375,0.625,8.625],"rotation":0,"texture":"#1","tintindex":0},"west":{"uv":[0.625,8.4375,0.6875,8.625],"rotation":0,"texture":"#1","tintindex":0},"up":{"uv":[0.625,8.4375,0.5625,8.375],"rotation":0,"texture":"#1","tintindex":0},"down":{"uv":[0.6875,8.375,0.625,8.4375],"rotation":0,"texture":"#1","tintindex":0}}}],"display":{"head":{"translation":[0.0,-6.4,0.0],"scale":[4.0,4.0,4.0]}}}