{"textures":{"1":"modelengine:entity/larian"},"elements":[{"from":[4.0,8.0,6.5714283],"to":[12.0,12.571428,9.428572],"rotation":{"angle":0.0,"axis":"y","origin":[8.0,8.0,8.0]},"faces":{"east":{"uv":[2.125,2.75,2.4375,3.25],"rotation":0,"texture":"#1","tintindex":0},"south":{"uv":[3.625,2.75,4.5,3.25],"rotation":0,"texture":"#1","tintindex":0},"north":{"uv":[2.4375,2.75,3.3125,3.25],"rotation":0,"texture":"#1","tintindex":0},"west":{"uv":[3.3125,2.75,3.625,3.25],"rotation":0,"texture":"#1","tintindex":0},"up":{"uv":[3.3125,2.75,2.4375,2.4375],"rotation":0,"texture":"#1","tintindex":0},"down":{"uv":[4.1875,2.4375,3.3125,2.75],"rotation":0,"texture":"#1","tintindex":0}}}],"display":{"head":{"translation":[0.0,-6.4,0.0],"scale":[4.0,4.0,4.0]}}}