{"textures":{"1":"modelengine:entity/larian"},"elements":[{"from":[5.142857,7.580017,7.7440686],"to":[10.857143,12.722875,10.601212],"rotation":{"angle":0.0,"axis":"y","origin":[8.0,7.580017,9.17264]},"faces":{"east":{"uv":[4.875,0.3125,5.1875,0.875],"rotation":0,"texture":"#1","tintindex":0},"south":{"uv":[6.125,0.3125,6.75,0.875],"rotation":0,"texture":"#1","tintindex":0},"north":{"uv":[5.1875,0.3125,5.8125,0.875],"rotation":0,"texture":"#1","tintindex":0},"west":{"uv":[5.8125,0.3125,6.125,0.875],"rotation":0,"texture":"#1","tintindex":0},"up":{"uv":[5.8125,0.3125,5.1875,0.0],"rotation":0,"texture":"#1","tintindex":0},"down":{"uv":[6.4375,0.0,5.8125,0.3125],"rotation":0,"texture":"#1","tintindex":0}}},{"from":[5.142857,10.4371605,8.17264],"to":[6.285714,13.294303,10.17264],"rotation":{"angle":22.5,"axis":"z","origin":[5.714286,10.4371605,9.17264]},"faces":{"east":{"uv":[8.0,5.25,8.1875,5.5625],"rotation":0,"texture":"#1","tintindex":0},"south":{"uv":[8.5,5.25,8.625,5.5625],"rotation":0,"texture":"#1","tintindex":0},"north":{"uv":[8.1875,5.25,8.3125,5.5625],"rotation":0,"texture":"#1","tintindex":0},"west":{"uv":[8.3125,5.25,8.5,5.5625],"rotation":0,"texture":"#1","tintindex":0},"up":{"uv":[8.3125,5.25,8.1875,5.0625],"rotation":0,"texture":"#1","tintindex":0},"down":{"uv":[8.4375,5.0625,8.3125,5.25],"rotation":0,"texture":"#1","tintindex":0}}},{"from":[9.714286,10.4371605,8.17264],"to":[10.857143,13.294303,10.17264],"rotation":{"angle":-22.5,"axis":"z","origin":[10.285714,10.4371605,9.17264]},"faces":{"east":{"uv":[8.0,5.75,8.1875,6.0625],"rotation":0,"texture":"#1","tintindex":0},"south":{"uv":[8.5,5.75,8.625,6.0625],"rotation":0,"texture":"#1","tintindex":0},"north":{"uv":[8.1875,5.75,8.3125,6.0625],"rotation":0,"texture":"#1","tintindex":0},"west":{"uv":[8.3125,5.75,8.5,6.0625],"rotation":0,"texture":"#1","tintindex":0},"up":{"uv":[8.3125,5.75,8.1875,5.5625],"rotation":0,"texture":"#1","tintindex":0},"down":{"uv":[8.4375,5.5625,8.3125,5.75],"rotation":0,"texture":"#1","tintindex":0}}}],"display":{"head":{"translation":[0.0,-6.4,0.0],"scale":[4.0,4.0,4.0]}}}