{"textures":{"0":"modelengine:entity/texture"},"elements":[{"from":[10.683414,9.271747,10.231182],"to":[15.25636,13.844692,14.804129],"rotation":{"angle":0.0,"axis":"y","origin":[12.969887,11.55822,12.517655]},"faces":{"east":{"uv":[0.0,4.0,4.0,8.0],"rotation":0,"texture":"#0","tintindex":0},"south":{"uv":[12.0,4.0,16.0,8.0],"rotation":0,"texture":"#0","tintindex":0},"north":{"uv":[4.0,4.0,8.0,8.0],"rotation":0,"texture":"#0","tintindex":0},"west":{"uv":[8.0,4.0,12.0,8.0],"rotation":0,"texture":"#0","tintindex":0},"up":{"uv":[8.0,4.0,4.0,0.0],"rotation":0,"texture":"#0","tintindex":0},"down":{"uv":[12.0,0.0,8.0,4.0],"rotation":0,"texture":"#0","tintindex":0}}},{"from":[13.496257,12.00926,10.800057],"to":[16.931452,15.444454,14.235252],"rotation":{"angle":0.0,"axis":"y","origin":[15.213854,13.726857,12.517655]},"faces":{"east":{"uv":[0.0,11.0,3.0,14.0],"rotation":0,"texture":"#0","tintindex":0},"south":{"uv":[9.0,11.0,12.0,14.0],"rotation":0,"texture":"#0","tintindex":0},"north":{"uv":[3.0,11.0,6.0,14.0],"rotation":0,"texture":"#0","tintindex":0},"west":{"uv":[6.0,11.0,9.0,14.0],"rotation":0,"texture":"#0","tintindex":0},"up":{"uv":[6.0,11.0,3.0,8.0],"rotation":0,"texture":"#0","tintindex":0},"down":{"uv":[9.0,8.0,6.0,11.0],"rotation":0,"texture":"#0","tintindex":0}}},{"from":[8.302036,11.743352,13.131529],"to":[11.49555,12.564885,13.953061],"rotation":{"angle":-45.0,"axis":"z","origin":[9.898793,12.154119,13.542295]},"faces":{"east":{"uv":[9.0,9.5,9.5,10.0],"rotation":0,"texture":"#0","tintindex":0},"south":{"uv":[12.5,9.5,15.0,10.0],"rotation":0,"texture":"#0","tintindex":0},"north":{"uv":[9.5,9.5,12.0,10.0],"rotation":0,"texture":"#0","tintindex":0},"west":{"uv":[12.0,9.5,12.5,10.0],"rotation":0,"texture":"#0","tintindex":0},"up":{"uv":[12.0,9.5,9.5,9.0],"rotation":0,"texture":"#0","tintindex":0},"down":{"uv":[14.5,9.0,12.0,9.5],"rotation":0,"texture":"#0","tintindex":0}}},{"from":[8.302036,11.743352,11.225645],"to":[11.49555,12.564885,12.047178],"rotation":{"angle":-45.0,"axis":"z","origin":[9.898793,12.154119,11.636412]},"faces":{"east":{"uv":[9.0,8.5,9.5,9.0],"rotation":0,"texture":"#0","tintindex":0},"south":{"uv":[12.5,8.5,15.0,9.0],"rotation":0,"texture":"#0","tintindex":0},"north":{"uv":[9.5,8.5,12.0,9.0],"rotation":0,"texture":"#0","tintindex":0},"west":{"uv":[12.0,8.5,12.5,9.0],"rotation":0,"texture":"#0","tintindex":0},"up":{"uv":[12.0,8.5,9.5,8.0],"rotation":0,"texture":"#0","tintindex":0},"down":{"uv":[14.5,8.0,12.0,8.5],"rotation":0,"texture":"#0","tintindex":0}}}],"display":{"head":{"translation":[0.0,-6.4,0.0],"scale":[4.0,4.0,4.0]}}}