{"textures":{},"elements":[{"from":[4.0,8.0,4.0],"to":[12.0,16.0,12.0],"rotation":{"angle":0.0,"axis":"y","origin":[8.0,8.0,8.0]},"faces":{"east":{"uv":[-24.0,2.0,-10.0,16.0],"rotation":0,"texture":"#missing","tintindex":0},"south":{"uv":[18.0,2.0,32.0,16.0],"rotation":0,"texture":"#missing","tintindex":0},"north":{"uv":[-10.0,2.0,4.0,16.0],"rotation":0,"texture":"#missing","tintindex":0},"west":{"uv":[4.0,2.0,18.0,16.0],"rotation":0,"texture":"#missing","tintindex":0},"up":{"uv":[4.0,2.0,-10.0,-12.0],"rotation":0,"texture":"#missing","tintindex":0},"down":{"uv":[18.0,-12.0,4.0,2.0],"rotation":0,"texture":"#missing","tintindex":0}}}],"display":{"head":{"translation":[0.0,-6.4,0.0],"scale":[4.0,4.0,4.0]}}}