{"textures":{},"elements":[{"from":[4.0,17.142857,4.5714283],"to":[10.857143,26.285715,11.428572],"rotation":{"angle":0.0,"axis":"y","origin":[7.428571,17.142857,8.0]},"faces":{"east":{"uv":[16.0,2.0,4.0,18.0],"rotation":0,"texture":"#missing","tintindex":0},"south":{"uv":[28.0,2.0,16.0,18.0],"rotation":0,"texture":"#missing","tintindex":0},"north":{"uv":[4.0,2.0,-8.0,18.0],"rotation":0,"texture":"#missing","tintindex":0},"west":{"uv":[-8.0,2.0,-20.0,18.0],"rotation":0,"texture":"#missing","tintindex":0},"up":{"uv":[-8.0,2.0,4.0,-10.0],"rotation":0,"texture":"#missing","tintindex":0},"down":{"uv":[4.0,-10.0,16.0,2.0],"rotation":0,"texture":"#missing","tintindex":0}}},{"from":[4.5714283,8.0,5.142857],"to":[10.285714,17.142857,10.857143],"rotation":{"angle":0.0,"axis":"y","origin":[7.428571,8.0,8.0]},"faces":{"east":{"uv":[14.0,2.0,4.0,18.0],"rotation":0,"texture":"#missing","tintindex":0},"south":{"uv":[24.0,2.0,14.0,18.0],"rotation":0,"texture":"#missing","tintindex":0},"north":{"uv":[4.0,2.0,-6.0,18.0],"rotation":0,"texture":"#missing","tintindex":0},"west":{"uv":[-6.0,2.0,-16.0,18.0],"rotation":0,"texture":"#missing","tintindex":0},"up":{"uv":[-6.0,2.0,4.0,-8.0],"rotation":0,"texture":"#missing","tintindex":0},"down":{"uv":[4.0,-8.0,14.0,2.0],"rotation":0,"texture":"#missing","tintindex":0}}}],"display":{"head":{"translation":[0.0,-6.4,0.0],"scale":[4.0,4.0,4.0]}}}