{"textures":{},"elements":[{"from":[4.0,-0.57142925,4.285714],"to":[9.142858,8.0,11.714286],"rotation":{"angle":0.0,"axis":"y","origin":[8.571428,6.857143,8.0]},"faces":{"east":{"uv":[-11.0,2.0,2.0,17.0],"rotation":0,"texture":"#missing","tintindex":0},"south":{"uv":[24.0,2.0,33.0,17.0],"rotation":0,"texture":"#missing","tintindex":0},"north":{"uv":[2.0,2.0,11.0,17.0],"rotation":0,"texture":"#missing","tintindex":0},"west":{"uv":[11.0,2.0,24.0,17.0],"rotation":0,"texture":"#missing","tintindex":0},"up":{"uv":[11.0,2.0,2.0,-11.0],"rotation":0,"texture":"#missing","tintindex":0},"down":{"uv":[20.0,-11.0,11.0,2.0],"rotation":0,"texture":"#missing","tintindex":0}}}],"display":{"head":{"translation":[0.0,-6.4,0.0],"scale":[4.0,4.0,4.0]}}}