{"textures":{},"elements":[{"from":[0.0,8.0,4.5714283],"to":[16.0,19.428572,11.428572],"rotation":{"angle":0.0,"axis":"y","origin":[8.0,8.0,8.0]},"faces":{"east":{"uv":[-36.0,2.0,-24.0,22.0],"rotation":0,"texture":"#missing","tintindex":0},"south":{"uv":[16.0,2.0,44.0,22.0],"rotation":0,"texture":"#missing","tintindex":0},"north":{"uv":[-24.0,2.0,4.0,22.0],"rotation":0,"texture":"#missing","tintindex":0},"west":{"uv":[4.0,2.0,16.0,22.0],"rotation":0,"texture":"#missing","tintindex":0},"up":{"uv":[4.0,2.0,-24.0,-10.0],"rotation":0,"texture":"#missing","tintindex":0},"down":{"uv":[32.0,-10.0,4.0,2.0],"rotation":0,"texture":"#missing","tintindex":0}}},{"from":[-2.285715,12.0,5.142857],"to":[1.1428566,19.428572,10.857143],"rotation":{"angle":22.5,"axis":"z","origin":[-1.4285717,17.142857,8.0]},"faces":{"east":{"uv":[-35.0,2.0,-25.0,15.0],"rotation":0,"texture":"#missing","tintindex":0},"south":{"uv":[-9.0,2.0,-3.0,15.0],"rotation":0,"texture":"#missing","tintindex":0},"north":{"uv":[-25.0,2.0,-19.0,15.0],"rotation":0,"texture":"#missing","tintindex":0},"west":{"uv":[-19.0,2.0,-9.0,15.0],"rotation":0,"texture":"#missing","tintindex":0},"up":{"uv":[-19.0,2.0,-25.0,-8.0],"rotation":0,"texture":"#missing","tintindex":0},"down":{"uv":[-13.0,-8.0,-19.0,2.0],"rotation":0,"texture":"#missing","tintindex":0}}},{"from":[14.857143,12.0,5.142857],"to":[18.285715,19.428572,10.857143],"rotation":{"angle":-22.5,"axis":"z","origin":[17.428572,17.142857,8.0]},"faces":{"east":{"uv":[-9.0,2.0,-19.0,15.0],"rotation":0,"texture":"#missing","tintindex":0},"south":{"uv":[-3.0,2.0,-9.0,15.0],"rotation":0,"texture":"#missing","tintindex":0},"north":{"uv":[-19.0,2.0,-25.0,15.0],"rotation":0,"texture":"#missing","tintindex":0},"west":{"uv":[-25.0,2.0,-35.0,15.0],"rotation":0,"texture":"#missing","tintindex":0},"up":{"uv":[-25.0,2.0,-19.0,-8.0],"rotation":0,"texture":"#missing","tintindex":0},"down":{"uv":[-19.0,-8.0,-13.0,2.0],"rotation":0,"texture":"#missing","tintindex":0}}}],"display":{"head":{"translation":[0.0,-6.4,0.0],"scale":[4.0,4.0,4.0]}}}