{"textures":{},"elements":[{"from":[6.857143,-0.57142925,4.285714],"to":[12.0,8.0,11.714286],"rotation":{"angle":0.0,"axis":"y","origin":[7.428571,6.857143,8.0]},"faces":{"east":{"uv":[24.0,2.0,11.0,17.0],"rotation":0,"texture":"#missing","tintindex":0},"south":{"uv":[33.0,2.0,24.0,17.0],"rotation":0,"texture":"#missing","tintindex":0},"north":{"uv":[11.0,2.0,2.0,17.0],"rotation":0,"texture":"#missing","tintindex":0},"west":{"uv":[2.0,2.0,-11.0,17.0],"rotation":0,"texture":"#missing","tintindex":0},"up":{"uv":[2.0,2.0,11.0,-11.0],"rotation":0,"texture":"#missing","tintindex":0},"down":{"uv":[11.0,-11.0,20.0,2.0],"rotation":0,"texture":"#missing","tintindex":0}}}],"display":{"head":{"translation":[0.0,-6.4,0.0],"scale":[4.0,4.0,4.0]}}}