{"textures":{},"elements":[{"from":[5.142857,17.142857,4.5714283],"to":[12.0,26.285715,11.428572],"rotation":{"angle":0.0,"axis":"y","origin":[8.571428,17.142857,8.0]},"faces":{"east":{"uv":[-20.0,2.0,-8.0,18.0],"rotation":0,"texture":"#missing","tintindex":0},"south":{"uv":[16.0,2.0,28.0,18.0],"rotation":0,"texture":"#missing","tintindex":0},"north":{"uv":[-8.0,2.0,4.0,18.0],"rotation":0,"texture":"#missing","tintindex":0},"west":{"uv":[4.0,2.0,16.0,18.0],"rotation":0,"texture":"#missing","tintindex":0},"up":{"uv":[4.0,2.0,-8.0,-10.0],"rotation":0,"texture":"#missing","tintindex":0},"down":{"uv":[16.0,-10.0,4.0,2.0],"rotation":0,"texture":"#missing","tintindex":0}}},{"from":[5.714286,8.0,5.142857],"to":[11.428572,17.142857,10.857143],"rotation":{"angle":0.0,"axis":"y","origin":[8.571428,8.0,8.0]},"faces":{"east":{"uv":[-16.0,2.0,-6.0,18.0],"rotation":0,"texture":"#missing","tintindex":0},"south":{"uv":[14.0,2.0,24.0,18.0],"rotation":0,"texture":"#missing","tintindex":0},"north":{"uv":[-6.0,2.0,4.0,18.0],"rotation":0,"texture":"#missing","tintindex":0},"west":{"uv":[4.0,2.0,14.0,18.0],"rotation":0,"texture":"#missing","tintindex":0},"up":{"uv":[4.0,2.0,-6.0,-8.0],"rotation":0,"texture":"#missing","tintindex":0},"down":{"uv":[14.0,-8.0,4.0,2.0],"rotation":0,"texture":"#missing","tintindex":0}}}],"display":{"head":{"translation":[0.0,-6.4,0.0],"scale":[4.0,4.0,4.0]}}}