{"textures":{},"elements":[{"from":[5.142857,-2.285715,4.285714],"to":[10.285714,8.571428,11.714286],"rotation":{"angle":0.0,"axis":"y","origin":[8.0,7.428571,8.0]},"faces":{"east":{"uv":[17.0,2.0,4.0,21.0],"rotation":0,"texture":"#missing","tintindex":0},"south":{"uv":[26.0,2.0,17.0,21.0],"rotation":0,"texture":"#missing","tintindex":0},"north":{"uv":[4.0,2.0,-5.0,21.0],"rotation":0,"texture":"#missing","tintindex":0},"west":{"uv":[-5.0,2.0,-18.0,21.0],"rotation":0,"texture":"#missing","tintindex":0},"up":{"uv":[-5.0,2.0,4.0,-11.0],"rotation":0,"texture":"#missing","tintindex":0},"down":{"uv":[4.0,-11.0,13.0,2.0],"rotation":0,"texture":"#missing","tintindex":0}}}],"display":{"head":{"translation":[0.0,-6.4,0.0],"scale":[4.0,4.0,4.0]}}}