{"textures":{},"elements":[{"from":[-3.4285717,7.428571,4.0],"to":[19.428572,13.142858,12.0],"rotation":{"angle":0.0,"axis":"y","origin":[8.0,8.0,8.0]},"faces":{"east":{"uv":[-50.0,2.0,-36.0,12.0],"rotation":0,"texture":"#missing","tintindex":0},"south":{"uv":[18.0,2.0,58.0,12.0],"rotation":0,"texture":"#missing","tintindex":0},"north":{"uv":[-36.0,2.0,4.0,12.0],"rotation":0,"texture":"#missing","tintindex":0},"west":{"uv":[4.0,2.0,18.0,12.0],"rotation":0,"texture":"#missing","tintindex":0},"up":{"uv":[4.0,2.0,-36.0,-12.0],"rotation":0,"texture":"#missing","tintindex":0},"down":{"uv":[44.0,-12.0,4.0,2.0],"rotation":0,"texture":"#missing","tintindex":0}}}],"display":{"head":{"translation":[0.0,-6.4,0.0],"scale":[4.0,4.0,4.0]}}}