{"textures":{"0":"modelengine:entity/texture"},"elements":[{"from":[5.626831,3.506537,4.866905],"to":[10.67826,8.557965,9.918334],"rotation":{"angle":0.0,"axis":"y","origin":[8.073345,7.230026,6.9357834]},"faces":{"east":{"uv":[0.0,0.0,4.0,4.0],"rotation":0,"texture":"#0","tintindex":0},"south":{"uv":[0.0,4.0,4.0,8.0],"rotation":0,"texture":"#0","tintindex":0},"north":{"uv":[4.0,4.0,8.0,8.0],"rotation":0,"texture":"#0","tintindex":0},"west":{"uv":[4.0,0.0,8.0,4.0],"rotation":0,"texture":"#0","tintindex":0},"up":{"uv":[4.0,12.0,0.0,8.0],"rotation":90,"texture":"#0","tintindex":0},"down":{"uv":[12.0,0.0,8.0,4.0],"rotation":270,"texture":"#0","tintindex":0}}},{"from":[6.25523,6.530485,7.9740653],"to":[10.04986,10.325115,11.768696],"rotation":{"angle":0.0,"axis":"y","origin":[8.073345,7.230026,6.9357834]},"faces":{"east":{"uv":[4.0,8.0,7.0,11.0],"rotation":0,"texture":"#0","tintindex":0},"south":{"uv":[8.0,4.0,11.0,7.0],"rotation":0,"texture":"#0","tintindex":0},"north":{"uv":[10.0,7.0,13.0,10.0],"rotation":0,"texture":"#0","tintindex":0},"west":{"uv":[7.0,8.0,10.0,11.0],"rotation":0,"texture":"#0","tintindex":0},"up":{"uv":[13.0,13.0,10.0,10.0],"rotation":90,"texture":"#0","tintindex":0},"down":{"uv":[7.0,11.0,4.0,14.0],"rotation":270,"texture":"#0","tintindex":0}}},{"from":[6.5669475,4.3189974,3.477674],"to":[7.47444,5.2264895,7.005336],"rotation":{"angle":45.0,"axis":"x","origin":[8.073345,7.230026,6.9357834]},"faces":{"east":{"uv":[11.0,4.0,14.0,5.0],"rotation":0,"texture":"#0","tintindex":0},"south":{"uv":[8.0,7.0,9.0,8.0],"rotation":0,"texture":"#0","tintindex":0},"north":{"uv":[9.0,7.0,10.0,8.0],"rotation":0,"texture":"#0","tintindex":0},"west":{"uv":[11.0,5.0,14.0,6.0],"rotation":0,"texture":"#0","tintindex":0},"up":{"uv":[14.0,7.0,11.0,6.0],"rotation":90,"texture":"#0","tintindex":0},"down":{"uv":[10.0,11.0,7.0,12.0],"rotation":270,"texture":"#0","tintindex":0}}},{"from":[8.67225,4.3189974,3.477674],"to":[9.579742,5.2264895,7.005336],"rotation":{"angle":45.0,"axis":"x","origin":[8.073345,7.230026,6.9357834]},"faces":{"east":{"uv":[0.0,12.0,3.0,13.0],"rotation":0,"texture":"#0","tintindex":0},"south":{"uv":[3.0,12.0,4.0,13.0],"rotation":0,"texture":"#0","tintindex":0},"north":{"uv":[12.0,3.0,13.0,4.0],"rotation":0,"texture":"#0","tintindex":0},"west":{"uv":[12.0,0.0,15.0,1.0],"rotation":0,"texture":"#0","tintindex":0},"up":{"uv":[15.0,2.0,12.0,1.0],"rotation":90,"texture":"#0","tintindex":0},"down":{"uv":[15.0,2.0,12.0,3.0],"rotation":270,"texture":"#0","tintindex":0}}}],"display":{"head":{"translation":[0.0,-6.4,0.0],"scale":[4.0,4.0,4.0]}}}