{"textures":{"0":"modelengine:entity/texture"},"elements":[{"from":[7.285714,8.857143,5.714286],"to":[8.714286,9.714286,9.142858],"rotation":{"angle":0.0,"axis":"y","origin":[8.0,8.571428,7.428571]},"faces":{"east":{"uv":[0.0,6.0,6.0,7.5],"rotation":0,"texture":"#0","tintindex":0},"south":{"uv":[8.0,4.0,10.5,5.5],"rotation":0,"texture":"#0","tintindex":0},"north":{"uv":[4.0,8.0,6.5,9.5],"rotation":0,"texture":"#0","tintindex":0},"west":{"uv":[6.0,0.0,12.0,1.5],"rotation":0,"texture":"#0","tintindex":0},"up":{"uv":[2.5,6.0,0.0,0.0],"rotation":0,"texture":"#0","tintindex":0},"down":{"uv":[5.5,0.0,3.0,6.0],"rotation":0,"texture":"#0","tintindex":0}}}],"display":{"head":{"translation":[0.0,-6.4,0.0],"scale":[4.0,4.0,4.0]}}}