{"textures":{"0":"modelengine:entity/texture"},"elements":[{"from":[7.714286,7.428571,7.5714283],"to":[8.857143,8.0,8.428572],"rotation":{"angle":0.0,"axis":"y","origin":[7.714286,6.5714283,7.857143]},"faces":{"east":{"uv":[7.0,12.0,8.5,13.0],"rotation":0,"texture":"#0","tintindex":0},"south":{"uv":[11.0,8.0,13.0,9.0],"rotation":0,"texture":"#0","tintindex":0},"north":{"uv":[8.0,11.0,10.0,12.0],"rotation":0,"texture":"#0","tintindex":0},"west":{"uv":[12.0,7.0,13.5,8.0],"rotation":0,"texture":"#0","tintindex":0},"up":{"uv":[6.0,11.5,4.0,10.0],"rotation":0,"texture":"#0","tintindex":0},"down":{"uv":[8.0,10.0,6.0,11.5],"rotation":0,"texture":"#0","tintindex":0}}}],"display":{"head":{"translation":[0.0,-6.4,0.0],"scale":[4.0,4.0,4.0]}}}