{"textures":{"0":"modelengine:entity/texture"},"elements":[{"from":[7.142857,7.428571,7.5714283],"to":[8.285714,8.0,8.428572],"rotation":{"angle":0.0,"axis":"y","origin":[8.0,8.0,7.857143]},"faces":{"east":{"uv":[11.0,9.0,12.5,10.0],"rotation":0,"texture":"#0","tintindex":0},"south":{"uv":[10.0,7.0,12.0,8.0],"rotation":0,"texture":"#0","tintindex":0},"north":{"uv":[10.0,6.0,12.0,7.0],"rotation":0,"texture":"#0","tintindex":0},"west":{"uv":[12.0,2.0,13.5,3.0],"rotation":0,"texture":"#0","tintindex":0},"up":{"uv":[10.0,7.5,8.0,6.0],"rotation":0,"texture":"#0","tintindex":0},"down":{"uv":[9.0,8.0,7.0,9.5],"rotation":0,"texture":"#0","tintindex":0}}}],"display":{"head":{"translation":[0.0,-6.4,0.0],"scale":[4.0,4.0,4.0]}}}