{"textures":{"0":"modelengine:entity/texture"},"elements":[{"from":[7.714286,7.428571,7.642857],"to":[8.857143,8.0,8.5],"rotation":{"angle":0.0,"axis":"y","origin":[7.714286,6.5714283,7.928571]},"faces":{"east":{"uv":[3.0,12.0,4.5,13.0],"rotation":0,"texture":"#0","tintindex":0},"south":{"uv":[10.0,10.0,12.0,11.0],"rotation":0,"texture":"#0","tintindex":0},"north":{"uv":[8.0,10.0,10.0,11.0],"rotation":0,"texture":"#0","tintindex":0},"west":{"uv":[12.0,3.0,13.5,4.0],"rotation":0,"texture":"#0","tintindex":0},"up":{"uv":[11.0,9.5,9.0,8.0],"rotation":0,"texture":"#0","tintindex":0},"down":{"uv":[2.0,10.0,0.0,11.5],"rotation":0,"texture":"#0","tintindex":0}}}],"display":{"head":{"translation":[0.0,-6.4,0.0],"scale":[4.0,4.0,4.0]}}}