{"textures":{"0":"modelengine:entity/texture"},"elements":[{"from":[7.428571,7.714286,7.142857],"to":[8.571428,8.857143,8.285714],"rotation":{"angle":0.0,"axis":"y","origin":[8.0,7.714286,8.285714]},"faces":{"east":{"uv":[6.0,4.0,8.0,6.0],"rotation":0,"texture":"#0","tintindex":0},"south":{"uv":[6.0,6.0,8.0,8.0],"rotation":0,"texture":"#0","tintindex":0},"north":{"uv":[6.0,2.0,8.0,4.0],"rotation":0,"texture":"#0","tintindex":0},"west":{"uv":[0.0,8.0,2.0,10.0],"rotation":0,"texture":"#0","tintindex":0},"up":{"uv":[4.0,10.0,2.0,8.0],"rotation":0,"texture":"#0","tintindex":0},"down":{"uv":[10.0,2.0,8.0,4.0],"rotation":0,"texture":"#0","tintindex":0}}},{"from":[7.7714286,7.785714,6.285714],"to":[8.228572,8.214286,7.142857],"rotation":{"angle":0.0,"axis":"y","origin":[8.0,7.785714,6.5714283]},"faces":{"east":{"uv":[12.0,10.0,13.5,10.75],"rotation":0,"texture":"#0","tintindex":0},"south":{"uv":[11.0,13.0,11.75,13.75],"rotation":0,"texture":"#0","tintindex":0},"north":{"uv":[10.0,13.0,10.75,13.75],"rotation":0,"texture":"#0","tintindex":0},"west":{"uv":[12.0,11.0,13.5,11.75],"rotation":0,"texture":"#0","tintindex":0},"up":{"uv":[9.75,13.5,9.0,12.0],"rotation":0,"texture":"#0","tintindex":0},"down":{"uv":[12.75,12.0,12.0,13.5],"rotation":0,"texture":"#0","tintindex":0}}},{"from":[8.285714,8.571428,7.428571],"to":[8.857143,9.142858,8.0],"rotation":{"angle":0.0,"axis":"y","origin":[8.285714,7.428571,7.428571]},"faces":{"east":{"uv":[13.0,1.0,14.0,2.0],"rotation":0,"texture":"#0","tintindex":0},"south":{"uv":[3.0,13.0,4.0,14.0],"rotation":0,"texture":"#0","tintindex":0},"north":{"uv":[13.0,0.0,14.0,1.0],"rotation":0,"texture":"#0","tintindex":0},"west":{"uv":[4.0,13.0,5.0,14.0],"rotation":0,"texture":"#0","tintindex":0},"up":{"uv":[14.0,5.0,13.0,4.0],"rotation":0,"texture":"#0","tintindex":0},"down":{"uv":[6.0,13.0,5.0,14.0],"rotation":0,"texture":"#0","tintindex":0}}},{"from":[7.142857,8.571428,7.428571],"to":[7.714286,9.142858,8.0],"rotation":{"angle":0.0,"axis":"y","origin":[7.142857,7.428571,7.428571]},"faces":{"east":{"uv":[6.0,13.0,7.0,14.0],"rotation":0,"texture":"#0","tintindex":0},"south":{"uv":[7.0,13.0,8.0,14.0],"rotation":0,"texture":"#0","tintindex":0},"north":{"uv":[13.0,5.0,14.0,6.0],"rotation":0,"texture":"#0","tintindex":0},"west":{"uv":[8.0,13.0,9.0,14.0],"rotation":0,"texture":"#0","tintindex":0},"up":{"uv":[14.0,9.0,13.0,8.0],"rotation":0,"texture":"#0","tintindex":0},"down":{"uv":[14.0,9.0,13.0,10.0],"rotation":0,"texture":"#0","tintindex":0}}}],"display":{"head":{"translation":[0.0,-6.4,0.0],"scale":[4.0,4.0,4.0]}}}