{"textures":{"0":"modelengine:entity/texture"},"elements":[{"from":[7.714286,8.0,8.0],"to":[8.285714,8.0,9.142858],"rotation":{"angle":0.0,"axis":"y","origin":[8.285714,7.428571,8.571428]},"faces":{"east":{"uv":[0.0,0.0,2.0,0.0],"rotation":0,"texture":"#0","tintindex":0},"south":{"uv":[0.0,0.0,1.0,0.0],"rotation":0,"texture":"#0","tintindex":0},"north":{"uv":[0.0,0.0,1.0,0.0],"rotation":0,"texture":"#0","tintindex":0},"west":{"uv":[0.0,0.0,2.0,0.0],"rotation":0,"texture":"#0","tintindex":0},"up":{"uv":[1.0,14.0,0.0,12.0],"rotation":0,"texture":"#0","tintindex":0},"down":{"uv":[13.0,0.0,12.0,2.0],"rotation":0,"texture":"#0","tintindex":0}}}],"display":{"head":{"translation":[0.0,-6.4,0.0],"scale":[4.0,4.0,4.0]}}}