{"textures":{"8":"modelengine:entity/mushtext-merged"},"elements":[{"from":[7.4857144,6.3714285,6.885714],"to":[8.514286,8.085714,7.5714283],"rotation":{"angle":0.0,"axis":"y","origin":[3.7142854,2.6,8.257143]},"faces":{"east":{"uv":[0.0,14.75,0.125,15.125],"rotation":0,"texture":"#8","tintindex":0},"south":{"uv":[0.375,14.75,0.5,15.125],"rotation":0,"texture":"#8","tintindex":0},"north":{"uv":[0.125,14.75,0.25,15.125],"rotation":0,"texture":"#8","tintindex":0},"west":{"uv":[0.25,14.75,0.375,15.125],"rotation":0,"texture":"#8","tintindex":0},"up":{"uv":[0.25,14.75,0.125,14.625],"rotation":0,"texture":"#8","tintindex":0},"down":{"uv":[0.375,14.625,0.25,14.75],"rotation":0,"texture":"#8","tintindex":0}}},{"from":[7.142857,6.714286,7.5714283],"to":[8.857143,10.828571,9.971429],"rotation":{"angle":0.0,"axis":"y","origin":[3.7142854,2.6,8.257143]},"faces":{"east":{"uv":[0.0,15.125,0.5,16.0],"rotation":0,"texture":"#8","tintindex":0},"south":{"uv":[1.375,15.125,1.75,16.0],"rotation":0,"texture":"#8","tintindex":0},"north":{"uv":[0.5,15.125,0.875,16.0],"rotation":0,"texture":"#8","tintindex":0},"west":{"uv":[0.875,15.125,1.375,16.0],"rotation":0,"texture":"#8","tintindex":0},"up":{"uv":[0.875,15.125,0.5,14.625],"rotation":0,"texture":"#8","tintindex":0},"down":{"uv":[1.25,14.625,0.875,15.125],"rotation":0,"texture":"#8","tintindex":0}}}],"display":{"head":{"translation":[0.0,-6.4,0.0],"scale":[4.0,4.0,4.0]}}}