{"textures":{"8":"modelengine:entity/mushtext-merged"},"elements":[{"from":[7.4857144,5.2285714,6.885714],"to":[8.514286,6.942857,7.5714283],"rotation":{"angle":0.0,"axis":"y","origin":[12.285715,1.4571428,8.257143]},"faces":{"east":{"uv":[3.875,15.625,4.0,16.0],"rotation":0,"texture":"#8","tintindex":0},"south":{"uv":[4.25,15.625,4.375,16.0],"rotation":0,"texture":"#8","tintindex":0},"north":{"uv":[4.0,15.625,4.125,16.0],"rotation":0,"texture":"#8","tintindex":0},"west":{"uv":[4.125,15.625,4.25,16.0],"rotation":0,"texture":"#8","tintindex":0},"up":{"uv":[4.125,15.625,4.0,15.5],"rotation":0,"texture":"#8","tintindex":0},"down":{"uv":[4.25,15.5,4.125,15.625],"rotation":0,"texture":"#8","tintindex":0}}},{"from":[7.142857,5.5714283,7.5714283],"to":[8.857143,9.685715,9.971429],"rotation":{"angle":0.0,"axis":"y","origin":[8.0,7.6285715,8.771429]},"faces":{"east":{"uv":[1.875,15.125,2.375,16.0],"rotation":0,"texture":"#8","tintindex":0},"south":{"uv":[3.25,15.125,3.625,16.0],"rotation":0,"texture":"#8","tintindex":0},"north":{"uv":[2.375,15.125,2.75,16.0],"rotation":0,"texture":"#8","tintindex":0},"west":{"uv":[2.75,15.125,3.25,16.0],"rotation":0,"texture":"#8","tintindex":0},"up":{"uv":[2.75,15.125,2.375,14.625],"rotation":0,"texture":"#8","tintindex":0},"down":{"uv":[3.125,14.625,2.75,15.125],"rotation":0,"texture":"#8","tintindex":0}}}],"display":{"head":{"translation":[0.0,-6.4,0.0],"scale":[4.0,4.0,4.0]}}}