{"textures":{"8":"modelengine:entity/mushtext-merged"},"elements":[{"from":[5.771428,5.428571,5.942857],"to":[10.228572,10.571428,10.057143],"rotation":{"angle":0.0,"axis":"y","origin":[8.171429,-6.9142866,7.3142858]},"faces":{"east":{"uv":[0.75,14.875,1.625,16.0],"rotation":0,"texture":"#8","tintindex":0},"south":{"uv":[3.375,14.875,4.25,16.0],"rotation":0,"texture":"#8","tintindex":0},"north":{"uv":[1.625,14.875,2.5,16.0],"rotation":0,"texture":"#8","tintindex":0},"west":{"uv":[2.5,14.875,3.375,16.0],"rotation":0,"texture":"#8","tintindex":0},"up":{"uv":[2.5,14.875,1.625,14.0],"rotation":0,"texture":"#8","tintindex":0},"down":{"uv":[3.375,14.0,2.5,14.875],"rotation":0,"texture":"#8","tintindex":0}}}],"display":{"head":{"translation":[0.0,-6.4,0.0],"scale":[4.0,4.0,4.0]}}}