{"textures":{"8":"modelengine:entity/mushtext-merged"},"elements":[{"from":[4.5714283,11.428572,5.2571425],"to":[11.428572,18.285715,12.114286],"rotation":{"angle":0.0,"axis":"y","origin":[8.0,8.0,8.0]},"faces":{"east":{"uv":[0.0,14.5,1.5,16.0],"rotation":0,"texture":"#8","tintindex":0},"south":{"uv":[4.5,14.5,6.0,16.0],"rotation":0,"texture":"#8","tintindex":0},"north":{"uv":[1.5,14.5,3.0,16.0],"rotation":0,"texture":"#8","tintindex":0},"west":{"uv":[3.0,14.5,4.5,16.0],"rotation":0,"texture":"#8","tintindex":0},"up":{"uv":[3.0,14.5,1.5,13.0],"rotation":0,"texture":"#8","tintindex":0},"down":{"uv":[4.5,13.0,3.0,14.5],"rotation":0,"texture":"#8","tintindex":0}}}],"display":{"head":{"translation":[0.0,-6.4,0.0],"scale":[4.0,4.0,4.0]}}}