{"textures":{"8":"modelengine:entity/mushtext-merged"},"elements":[{"from":[5.0857143,5.9310117,4.1957393],"to":[10.914286,10.388155,8.995739],"rotation":{"angle":0.0,"axis":"y","origin":[8.171429,-3.09756,5.9100246]},"faces":{"east":{"uv":[0.0,15.0,1.0,15.875],"rotation":0,"texture":"#8","tintindex":0},"south":{"uv":[3.25,15.0,4.5,15.875],"rotation":0,"texture":"#8","tintindex":0},"north":{"uv":[1.0,15.0,2.25,15.875],"rotation":0,"texture":"#8","tintindex":0},"west":{"uv":[2.25,15.0,3.25,15.875],"rotation":0,"texture":"#8","tintindex":0},"up":{"uv":[2.25,15.0,1.0,14.0],"rotation":0,"texture":"#8","tintindex":0},"down":{"uv":[3.5,14.0,2.25,15.0],"rotation":0,"texture":"#8","tintindex":0}}}],"display":{"head":{"translation":[0.0,-6.4,0.0],"scale":[4.0,4.0,4.0]}}}