{"textures":{"8":"modelengine:entity/mushtext-merged"},"elements":[{"from":[7.428571,14.285715,7.428571],"to":[8.571428,15.428572,8.571428],"rotation":{"angle":0.0,"axis":"y","origin":[8.0,8.0,8.0]},"faces":{"east":{"uv":[0.0,0.25,0.25,0.5],"rotation":0,"texture":"#8","tintindex":0},"south":{"uv":[0.75,0.25,1.0,0.5],"rotation":0,"texture":"#8","tintindex":0},"north":{"uv":[0.25,0.25,0.5,0.5],"rotation":0,"texture":"#8","tintindex":0},"west":{"uv":[0.5,0.25,0.75,0.5],"rotation":0,"texture":"#8","tintindex":0},"up":{"uv":[0.5,0.25,0.25,0.0],"rotation":0,"texture":"#8","tintindex":0},"down":{"uv":[0.75,0.0,0.5,0.25],"rotation":0,"texture":"#8","tintindex":0}}}],"display":{"head":{"translation":[0.0,-6.4,0.0],"scale":[4.0,4.0,4.0]}}}