{"textures":{"8":"modelengine:entity/mushtext-merged"},"elements":[{"from":[7.142857,2.8571424,8.028571],"to":[8.857143,13.142858,8.028571],"rotation":{"angle":0.0,"axis":"y","origin":[12.8,-5.714287,3.0]},"faces":{"east":{"uv":[1.375,9.0,1.375,11.25],"rotation":0,"texture":"#8","tintindex":0},"south":{"uv":[1.75,9.0,2.125,11.25],"rotation":0,"texture":"#8","tintindex":0},"north":{"uv":[1.375,9.0,1.75,11.25],"rotation":0,"texture":"#8","tintindex":0},"west":{"uv":[1.75,9.0,1.75,11.25],"rotation":0,"texture":"#8","tintindex":0},"up":{"uv":[1.75,9.0,1.375,9.0],"rotation":0,"texture":"#8","tintindex":0},"down":{"uv":[2.125,9.0,1.75,9.0],"rotation":0,"texture":"#8","tintindex":0}}},{"from":[8.0,3.5428567,7.1142855],"to":[8.0,12.457144,8.828571],"rotation":{"angle":0.0,"axis":"y","origin":[4.5714283,15.200001,5.3999996]},"faces":{"east":{"uv":[0.0,8.875,0.375,10.75],"rotation":0,"texture":"#8","tintindex":0},"south":{"uv":[0.75,8.875,0.75,10.75],"rotation":0,"texture":"#8","tintindex":0},"north":{"uv":[0.375,8.875,0.375,10.75],"rotation":0,"texture":"#8","tintindex":0},"west":{"uv":[0.375,8.875,0.75,10.75],"rotation":0,"texture":"#8","tintindex":0},"up":{"uv":[0.375,8.875,0.375,8.5],"rotation":0,"texture":"#8","tintindex":0},"down":{"uv":[0.375,8.5,0.375,8.875],"rotation":0,"texture":"#8","tintindex":0}}}],"display":{"head":{"translation":[0.0,-6.4,0.0],"scale":[4.0,4.0,4.0]}}}