{"textures":{"8":"modelengine:entity/mushtext-merged"},"elements":[{"from":[8.0,3.5428567,7.142857],"to":[8.0,12.457144,8.857143],"rotation":{"angle":0.0,"axis":"y","origin":[4.5714283,15.200001,5.428571]},"faces":{"east":{"uv":[0.75,8.875,1.125,10.75],"rotation":0,"texture":"#8","tintindex":0},"south":{"uv":[1.5,8.875,1.5,10.75],"rotation":0,"texture":"#8","tintindex":0},"north":{"uv":[1.125,8.875,1.125,10.75],"rotation":0,"texture":"#8","tintindex":0},"west":{"uv":[1.125,8.875,1.5,10.75],"rotation":0,"texture":"#8","tintindex":0},"up":{"uv":[1.125,8.875,1.125,8.5],"rotation":0,"texture":"#8","tintindex":0},"down":{"uv":[1.125,8.5,1.125,8.875],"rotation":0,"texture":"#8","tintindex":0}}},{"from":[7.0857143,4.5142856,7.885714],"to":[8.8,12.514286,7.885714],"rotation":{"angle":0.0,"axis":"y","origin":[2.1714282,-4.6857157,1.6571422]},"faces":{"east":{"uv":[0.625,8.875,0.625,10.625],"rotation":0,"texture":"#8","tintindex":0},"south":{"uv":[1.0,8.875,1.375,10.625],"rotation":0,"texture":"#8","tintindex":0},"north":{"uv":[0.625,8.875,1.0,10.625],"rotation":0,"texture":"#8","tintindex":0},"west":{"uv":[1.0,8.875,1.0,10.625],"rotation":0,"texture":"#8","tintindex":0},"up":{"uv":[1.0,8.875,0.625,8.875],"rotation":0,"texture":"#8","tintindex":0},"down":{"uv":[1.375,8.875,1.0,8.875],"rotation":0,"texture":"#8","tintindex":0}}}],"display":{"head":{"translation":[0.0,-6.4,0.0],"scale":[4.0,4.0,4.0]}}}