{"textures":{"8":"modelengine:entity/mushtext-merged"},"elements":[{"from":[7.1142855,4.285714,8.0],"to":[8.828571,12.285715,8.0],"rotation":{"angle":0.0,"axis":"y","origin":[3.5714283,-6.3428583,4.0571427]},"faces":{"east":{"uv":[0.0,8.875,0.0,10.625],"rotation":0,"texture":"#8","tintindex":0},"south":{"uv":[0.375,8.875,0.75,10.625],"rotation":0,"texture":"#8","tintindex":0},"north":{"uv":[0.0,8.875,0.375,10.625],"rotation":0,"texture":"#8","tintindex":0},"west":{"uv":[0.375,8.875,0.375,10.625],"rotation":0,"texture":"#8","tintindex":0},"up":{"uv":[0.375,8.875,0.0,8.875],"rotation":0,"texture":"#8","tintindex":0},"down":{"uv":[0.75,8.875,0.375,8.875],"rotation":0,"texture":"#8","tintindex":0}}},{"from":[8.028571,3.2571425,7.142857],"to":[8.028571,12.171429,8.857143],"rotation":{"angle":0.0,"axis":"y","origin":[4.6,14.914286,5.428571]},"faces":{"east":{"uv":[1.5,8.875,1.875,10.75],"rotation":0,"texture":"#8","tintindex":0},"south":{"uv":[2.25,8.875,2.25,10.75],"rotation":0,"texture":"#8","tintindex":0},"north":{"uv":[1.875,8.875,1.875,10.75],"rotation":0,"texture":"#8","tintindex":0},"west":{"uv":[1.875,8.875,2.25,10.75],"rotation":0,"texture":"#8","tintindex":0},"up":{"uv":[1.875,8.875,1.875,8.5],"rotation":0,"texture":"#8","tintindex":0},"down":{"uv":[1.875,8.5,1.875,8.875],"rotation":0,"texture":"#8","tintindex":0}}}],"display":{"head":{"translation":[0.0,-6.4,0.0],"scale":[4.0,4.0,4.0]}}}