{"textures":{"8":"modelengine:entity/mushtext-merged"},"elements":[{"from":[7.142857,3.5428567,8.028571],"to":[8.857143,13.828571,8.028571],"rotation":{"angle":0.0,"axis":"y","origin":[2.1714282,-5.028571,12.257143]},"faces":{"east":{"uv":[0.0,8.875,0.0,11.125],"rotation":0,"texture":"#8","tintindex":0},"south":{"uv":[0.375,8.875,0.75,11.125],"rotation":0,"texture":"#8","tintindex":0},"north":{"uv":[0.0,8.875,0.375,11.125],"rotation":0,"texture":"#8","tintindex":0},"west":{"uv":[0.375,8.875,0.375,11.125],"rotation":0,"texture":"#8","tintindex":0},"up":{"uv":[0.375,8.875,0.0,8.875],"rotation":0,"texture":"#8","tintindex":0},"down":{"uv":[0.75,8.875,0.375,8.875],"rotation":0,"texture":"#8","tintindex":0}}},{"from":[8.0,2.8571424,7.1142855],"to":[8.0,11.771429,8.828571],"rotation":{"angle":0.0,"axis":"y","origin":[8.0,7.3142858,7.9714284]},"faces":{"east":{"uv":[2.25,8.875,2.625,10.75],"rotation":0,"texture":"#8","tintindex":0},"south":{"uv":[3.0,8.875,3.0,10.75],"rotation":0,"texture":"#8","tintindex":0},"north":{"uv":[2.625,8.875,2.625,10.75],"rotation":0,"texture":"#8","tintindex":0},"west":{"uv":[2.625,8.875,3.0,10.75],"rotation":0,"texture":"#8","tintindex":0},"up":{"uv":[2.625,8.875,2.625,8.5],"rotation":0,"texture":"#8","tintindex":0},"down":{"uv":[2.625,8.5,2.625,8.875],"rotation":0,"texture":"#8","tintindex":0}}}],"display":{"head":{"translation":[0.0,-6.4,0.0],"scale":[4.0,4.0,4.0]}}}