{"textures":{"8":"modelengine:entity/mushtext-merged"},"elements":[{"from":[6.6285715,4.742857,8.0],"to":[9.3714285,11.257143,8.0],"rotation":{"angle":45.0,"axis":"y","origin":[8.0,8.0,8.0]},"faces":{"east":{"uv":[3.0,8.875,3.0,10.25],"rotation":0,"texture":"#8","tintindex":0},"south":{"uv":[3.5,8.875,4.0,10.25],"rotation":0,"texture":"#8","tintindex":0},"north":{"uv":[3.0,8.875,3.5,10.25],"rotation":0,"texture":"#8","tintindex":0},"west":{"uv":[3.5,8.875,3.5,10.25],"rotation":0,"texture":"#8","tintindex":0},"up":{"uv":[3.5,8.875,3.0,8.875],"rotation":0,"texture":"#8","tintindex":0},"down":{"uv":[4.0,8.875,3.5,8.875],"rotation":0,"texture":"#8","tintindex":0}}},{"from":[6.6285715,4.742857,8.0],"to":[9.3714285,11.257143,8.0],"rotation":{"angle":0.0,"axis":"y","origin":[10.057143,6.9142857,8.0]},"faces":{"east":{"uv":[3.0,8.875,3.0,10.25],"rotation":0,"texture":"#8","tintindex":0},"south":{"uv":[3.5,8.875,4.0,10.25],"rotation":0,"texture":"#8","tintindex":0},"north":{"uv":[3.0,8.875,3.5,10.25],"rotation":0,"texture":"#8","tintindex":0},"west":{"uv":[3.5,8.875,3.5,10.25],"rotation":0,"texture":"#8","tintindex":0},"up":{"uv":[3.5,8.875,3.0,8.875],"rotation":0,"texture":"#8","tintindex":0},"down":{"uv":[4.0,8.875,3.5,8.875],"rotation":0,"texture":"#8","tintindex":0}}}],"display":{"head":{"translation":[0.0,-6.4,0.0],"scale":[4.0,4.0,4.0]}}}