{"textures":{"0":"modelengine:entity/texture"},"elements":[{"from":[-11.200001,7.3142858,9.714286],"to":[-8.457144,11.428572,9.714286],"rotation":{"angle":0.0,"axis":"y","origin":[8.0,8.0,8.0]},"faces":{"east":{"uv":[4.5,5.5,4.5,6.375],"rotation":0,"texture":"#0","tintindex":0},"south":{"uv":[5.0,5.5,5.5,6.375],"rotation":0,"texture":"#0","tintindex":0},"north":{"uv":[4.5,5.5,5.0,6.375],"rotation":0,"texture":"#0","tintindex":0},"west":{"uv":[5.0,5.5,5.0,6.375],"rotation":0,"texture":"#0","tintindex":0},"up":{"uv":[5.0,5.5,4.5,5.5],"rotation":0,"texture":"#0","tintindex":0},"down":{"uv":[5.5,5.5,5.0,5.5],"rotation":0,"texture":"#0","tintindex":0}}}],"display":{"head":{"translation":[0.0,-6.4,0.0],"scale":[4.0,4.0,4.0]}}}