{"textures":{"0":"modelengine:entity/texture"},"elements":[{"from":[-0.22857189,5.6,6.9714284],"to":[2.514285,9.714286,6.9714284],"rotation":{"angle":0.0,"axis":"y","origin":[8.0,8.0,8.0]},"faces":{"east":{"uv":[5.5,5.5,5.5,6.375],"rotation":0,"texture":"#0","tintindex":0},"south":{"uv":[6.0,5.5,6.5,6.375],"rotation":0,"texture":"#0","tintindex":0},"north":{"uv":[5.5,5.5,6.0,6.375],"rotation":0,"texture":"#0","tintindex":0},"west":{"uv":[6.0,5.5,6.0,6.375],"rotation":0,"texture":"#0","tintindex":0},"up":{"uv":[6.0,5.5,5.5,5.5],"rotation":0,"texture":"#0","tintindex":0},"down":{"uv":[6.5,5.5,6.0,5.5],"rotation":0,"texture":"#0","tintindex":0}}}],"display":{"head":{"translation":[0.0,-6.4,0.0],"scale":[4.0,4.0,4.0]}}}