{"textures":{"8":"modelengine:entity/mushtext-merged"},"elements":[{"from":[4.9142857,8.0,7.6571426],"to":[7.3142858,11.428572,10.057143],"rotation":{"angle":0.0,"axis":"y","origin":[8.0,8.0,8.0]},"faces":{"east":{"uv":[0.0,15.25,0.5,16.0],"rotation":0,"texture":"#8","tintindex":0},"south":{"uv":[1.5,15.25,2.0,16.0],"rotation":0,"texture":"#8","tintindex":0},"north":{"uv":[0.5,15.25,1.0,16.0],"rotation":0,"texture":"#8","tintindex":0},"west":{"uv":[1.0,15.25,1.5,16.0],"rotation":0,"texture":"#8","tintindex":0},"up":{"uv":[1.0,15.25,0.5,14.75],"rotation":0,"texture":"#8","tintindex":0},"down":{"uv":[1.5,14.75,1.0,15.25],"rotation":0,"texture":"#8","tintindex":0}}},{"from":[5.2571425,8.0,6.9714284],"to":[6.9714284,9.028571,8.0],"rotation":{"angle":0.0,"axis":"y","origin":[8.0,8.0,8.0]},"faces":{"east":{"uv":[1.75,14.375,1.875,14.5],"rotation":0,"texture":"#8","tintindex":0},"south":{"uv":[2.375,14.375,2.75,14.5],"rotation":0,"texture":"#8","tintindex":0},"north":{"uv":[1.875,14.375,2.25,14.5],"rotation":0,"texture":"#8","tintindex":0},"west":{"uv":[2.25,14.375,2.375,14.5],"rotation":0,"texture":"#8","tintindex":0},"up":{"uv":[2.25,14.375,1.875,14.25],"rotation":0,"texture":"#8","tintindex":0},"down":{"uv":[2.625,14.25,2.25,14.375],"rotation":0,"texture":"#8","tintindex":0}}}],"display":{"head":{"translation":[0.0,-6.4,0.0],"scale":[4.0,4.0,4.0]}}}