{"textures":{"8":"modelengine:entity/mushtext-merged"},"elements":[{"from":[8.685715,8.0,7.6571426],"to":[11.085714,11.428572,10.057143],"rotation":{"angle":0.0,"axis":"y","origin":[8.0,8.0,8.0]},"faces":{"east":{"uv":[2.5,15.25,3.0,16.0],"rotation":0,"texture":"#8","tintindex":0},"south":{"uv":[4.0,15.25,4.5,16.0],"rotation":0,"texture":"#8","tintindex":0},"north":{"uv":[3.0,15.25,3.5,16.0],"rotation":0,"texture":"#8","tintindex":0},"west":{"uv":[3.5,15.25,4.0,16.0],"rotation":0,"texture":"#8","tintindex":0},"up":{"uv":[3.5,15.25,3.0,14.75],"rotation":0,"texture":"#8","tintindex":0},"down":{"uv":[4.0,14.75,3.5,15.25],"rotation":0,"texture":"#8","tintindex":0}}},{"from":[9.028571,8.0,6.9714284],"to":[10.742857,9.028571,8.0],"rotation":{"angle":0.0,"axis":"y","origin":[8.0,8.0,8.0]},"faces":{"east":{"uv":[0.0,15.875,0.125,16.0],"rotation":0,"texture":"#8","tintindex":0},"south":{"uv":[0.625,15.875,1.0,16.0],"rotation":0,"texture":"#8","tintindex":0},"north":{"uv":[0.125,15.875,0.5,16.0],"rotation":0,"texture":"#8","tintindex":0},"west":{"uv":[0.5,15.875,0.625,16.0],"rotation":0,"texture":"#8","tintindex":0},"up":{"uv":[0.5,15.875,0.125,15.75],"rotation":0,"texture":"#8","tintindex":0},"down":{"uv":[0.875,15.75,0.5,15.875],"rotation":0,"texture":"#8","tintindex":0}}}],"display":{"head":{"translation":[0.0,-6.4,0.0],"scale":[4.0,4.0,4.0]}}}