{"textures":{"8":"modelengine:entity/mushtext-merged"},"elements":[{"from":[5.2571425,17.257145,4.5714283],"to":[6.9714284,18.285715,5.2571425],"rotation":{"angle":0.0,"axis":"y","origin":[8.0,17.257145,4.9142857]},"faces":{"east":{"uv":[12.625,12.125,12.75,12.25],"rotation":0,"texture":"#8","tintindex":0},"south":{"uv":[13.25,12.125,13.625,12.25],"rotation":0,"texture":"#8","tintindex":0},"north":{"uv":[12.75,12.125,13.125,12.25],"rotation":0,"texture":"#8","tintindex":0},"west":{"uv":[13.125,12.125,13.25,12.25],"rotation":0,"texture":"#8","tintindex":0},"up":{"uv":[13.125,12.125,12.75,12.0],"rotation":0,"texture":"#8","tintindex":0},"down":{"uv":[13.5,12.0,13.125,12.125],"rotation":0,"texture":"#8","tintindex":0}}},{"from":[9.028571,17.257145,4.5714283],"to":[10.742857,18.285715,5.2571425],"rotation":{"angle":0.0,"axis":"y","origin":[8.0,17.257145,4.9142857]},"faces":{"east":{"uv":[11.375,12.875,11.5,13.0],"rotation":0,"texture":"#8","tintindex":0},"south":{"uv":[12.0,12.875,12.375,13.0],"rotation":0,"texture":"#8","tintindex":0},"north":{"uv":[11.5,12.875,11.875,13.0],"rotation":0,"texture":"#8","tintindex":0},"west":{"uv":[11.875,12.875,12.0,13.0],"rotation":0,"texture":"#8","tintindex":0},"up":{"uv":[11.875,12.875,11.5,12.75],"rotation":0,"texture":"#8","tintindex":0},"down":{"uv":[12.25,12.75,11.875,12.875],"rotation":0,"texture":"#8","tintindex":0}}},{"from":[6.9714284,11.428572,4.5714283],"to":[9.028571,18.285715,5.2571425],"rotation":{"angle":0.0,"axis":"y","origin":[8.0,8.0,8.0]},"faces":{"east":{"uv":[12.625,9.75,12.75,11.25],"rotation":0,"texture":"#8","tintindex":0},"south":{"uv":[13.25,9.75,13.625,11.25],"rotation":0,"texture":"#8","tintindex":0},"north":{"uv":[12.75,9.75,13.125,11.25],"rotation":0,"texture":"#8","tintindex":0},"west":{"uv":[13.125,9.75,13.25,11.25],"rotation":0,"texture":"#8","tintindex":0},"up":{"uv":[13.125,9.75,12.75,9.625],"rotation":0,"texture":"#8","tintindex":0},"down":{"uv":[13.5,9.625,13.125,9.75],"rotation":0,"texture":"#8","tintindex":0}}},{"from":[10.057143,14.171429,4.5714283],"to":[10.742857,16.171429,5.2571425],"rotation":{"angle":0.0,"axis":"y","origin":[10.4,15.028572,4.9142857]},"faces":{"east":{"uv":[9.875,12.875,10.0,13.25],"rotation":0,"texture":"#8","tintindex":0},"south":{"uv":[10.25,12.875,10.375,13.25],"rotation":0,"texture":"#8","tintindex":0},"north":{"uv":[10.0,12.875,10.125,13.25],"rotation":0,"texture":"#8","tintindex":0},"west":{"uv":[10.125,12.875,10.25,13.25],"rotation":0,"texture":"#8","tintindex":0},"up":{"uv":[10.125,12.875,10.0,12.75],"rotation":0,"texture":"#8","tintindex":0},"down":{"uv":[10.25,12.75,10.125,12.875],"rotation":0,"texture":"#8","tintindex":0}}},{"from":[5.2571425,14.171429,4.5714283],"to":[5.942857,16.171429,5.2571425],"rotation":{"angle":0.0,"axis":"y","origin":[5.6,15.028572,4.9142857]},"faces":{"east":{"uv":[9.875,14.125,10.0,14.5],"rotation":0,"texture":"#8","tintindex":0},"south":{"uv":[10.25,14.125,10.375,14.5],"rotation":0,"texture":"#8","tintindex":0},"north":{"uv":[10.0,14.125,10.125,14.5],"rotation":0,"texture":"#8","tintindex":0},"west":{"uv":[10.125,14.125,10.25,14.5],"rotation":0,"texture":"#8","tintindex":0},"up":{"uv":[10.125,14.125,10.0,14.0],"rotation":0,"texture":"#8","tintindex":0},"down":{"uv":[10.25,14.0,10.125,14.125],"rotation":0,"texture":"#8","tintindex":0}}},{"from":[5.942857,14.171429,4.5714283],"to":[6.9714284,15.200001,5.2571425],"rotation":{"angle":0.0,"axis":"y","origin":[6.457143,14.685715,4.9142857]},"faces":{"east":{"uv":[11.875,15.125,12.0,15.25],"rotation":0,"texture":"#8","tintindex":0},"south":{"uv":[12.25,15.125,12.375,15.25],"rotation":0,"texture":"#8","tintindex":0},"north":{"uv":[12.0,15.125,12.125,15.25],"rotation":0,"texture":"#8","tintindex":0},"west":{"uv":[12.125,15.125,12.25,15.25],"rotation":0,"texture":"#8","tintindex":0},"up":{"uv":[12.125,15.125,12.0,15.0],"rotation":0,"texture":"#8","tintindex":0},"down":{"uv":[12.25,15.0,12.125,15.125],"rotation":0,"texture":"#8","tintindex":0}}},{"from":[9.028571,14.171429,4.5714283],"to":[10.057143,15.200001,5.2571425],"rotation":{"angle":0.0,"axis":"y","origin":[9.542857,14.685715,4.9142857]},"faces":{"east":{"uv":[11.375,13.125,11.5,13.25],"rotation":0,"texture":"#8","tintindex":0},"south":{"uv":[11.75,13.125,11.875,13.25],"rotation":0,"texture":"#8","tintindex":0},"north":{"uv":[11.5,13.125,11.625,13.25],"rotation":0,"texture":"#8","tintindex":0},"west":{"uv":[11.625,13.125,11.75,13.25],"rotation":0,"texture":"#8","tintindex":0},"up":{"uv":[11.625,13.125,11.5,13.0],"rotation":0,"texture":"#8","tintindex":0},"down":{"uv":[11.75,13.0,11.625,13.125],"rotation":0,"texture":"#8","tintindex":0}}},{"from":[10.742857,11.771429,4.5714283],"to":[11.428572,18.97143,5.2571425],"rotation":{"angle":0.0,"axis":"y","origin":[8.0,8.0,8.0]},"faces":{"east":{"uv":[9.75,9.25,9.875,10.75],"rotation":0,"texture":"#8","tintindex":0},"south":{"uv":[10.125,9.25,10.25,10.75],"rotation":0,"texture":"#8","tintindex":0},"north":{"uv":[9.875,9.25,10.0,10.75],"rotation":0,"texture":"#8","tintindex":0},"west":{"uv":[10.0,9.25,10.125,10.75],"rotation":0,"texture":"#8","tintindex":0},"up":{"uv":[10.0,9.25,9.875,9.125],"rotation":0,"texture":"#8","tintindex":0},"down":{"uv":[10.125,9.125,10.0,9.25],"rotation":0,"texture":"#8","tintindex":0}}},{"from":[11.428572,12.114286,4.5714283],"to":[12.114286,18.97143,5.2571425],"rotation":{"angle":0.0,"axis":"y","origin":[8.0,8.0,8.0]},"faces":{"east":{"uv":[9.25,9.25,9.375,10.75],"rotation":0,"texture":"#8","tintindex":0},"south":{"uv":[9.625,9.25,9.75,10.75],"rotation":0,"texture":"#8","tintindex":0},"north":{"uv":[9.375,9.25,9.5,10.75],"rotation":0,"texture":"#8","tintindex":0},"west":{"uv":[9.5,9.25,9.625,10.75],"rotation":0,"texture":"#8","tintindex":0},"up":{"uv":[9.5,9.25,9.375,9.125],"rotation":0,"texture":"#8","tintindex":0},"down":{"uv":[9.625,9.125,9.5,9.25],"rotation":0,"texture":"#8","tintindex":0}}},{"from":[5.2571425,18.285715,4.5714283],"to":[10.742857,18.97143,5.2571425],"rotation":{"angle":0.0,"axis":"y","origin":[8.0,8.0,8.0]},"faces":{"east":{"uv":[9.875,15.375,10.0,15.5],"rotation":0,"texture":"#8","tintindex":0},"south":{"uv":[11.25,15.375,12.375,15.5],"rotation":0,"texture":"#8","tintindex":0},"north":{"uv":[10.0,15.375,11.125,15.5],"rotation":0,"texture":"#8","tintindex":0},"west":{"uv":[11.125,15.375,11.25,15.5],"rotation":0,"texture":"#8","tintindex":0},"up":{"uv":[11.125,15.375,10.0,15.25],"rotation":0,"texture":"#8","tintindex":0},"down":{"uv":[12.25,15.25,11.125,15.375],"rotation":0,"texture":"#8","tintindex":0}}},{"from":[4.5714283,18.97143,4.5714283],"to":[11.542857,19.828571,5.2571425],"rotation":{"angle":0.0,"axis":"y","origin":[8.914286,19.542858,4.9142857]},"faces":{"east":{"uv":[10.125,9.75,10.25,9.875],"rotation":0,"texture":"#8","tintindex":0},"south":{"uv":[11.875,9.75,13.375,9.875],"rotation":0,"texture":"#8","tintindex":0},"north":{"uv":[10.25,9.75,11.75,9.875],"rotation":0,"texture":"#8","tintindex":0},"west":{"uv":[11.75,9.75,11.875,9.875],"rotation":0,"texture":"#8","tintindex":0},"up":{"uv":[11.75,9.75,10.25,9.625],"rotation":0,"texture":"#8","tintindex":0},"down":{"uv":[13.25,9.625,11.75,9.75],"rotation":0,"texture":"#8","tintindex":0}}},{"from":[4.5714283,13.828571,4.5714283],"to":[5.2571425,18.97143,5.2571425],"rotation":{"angle":0.0,"axis":"y","origin":[8.0,8.0,8.0]},"faces":{"east":{"uv":[11.75,10.75,11.875,11.875],"rotation":0,"texture":"#8","tintindex":0},"south":{"uv":[12.125,10.75,12.25,11.875],"rotation":0,"texture":"#8","tintindex":0},"north":{"uv":[11.875,10.75,12.0,11.875],"rotation":0,"texture":"#8","tintindex":0},"west":{"uv":[12.0,10.75,12.125,11.875],"rotation":0,"texture":"#8","tintindex":0},"up":{"uv":[12.0,10.75,11.875,10.625],"rotation":0,"texture":"#8","tintindex":0},"down":{"uv":[12.125,10.625,12.0,10.75],"rotation":0,"texture":"#8","tintindex":0}}},{"from":[3.885714,14.857143,4.5714283],"to":[4.5714283,18.97143,5.2571425],"rotation":{"angle":0.0,"axis":"y","origin":[8.0,8.0,8.0]},"faces":{"east":{"uv":[12.125,9.0,12.25,9.875],"rotation":0,"texture":"#8","tintindex":0},"south":{"uv":[12.5,9.0,12.625,9.875],"rotation":0,"texture":"#8","tintindex":0},"north":{"uv":[12.25,9.0,12.375,9.875],"rotation":0,"texture":"#8","tintindex":0},"west":{"uv":[12.375,9.0,12.5,9.875],"rotation":0,"texture":"#8","tintindex":0},"up":{"uv":[12.375,9.0,12.25,8.875],"rotation":0,"texture":"#8","tintindex":0},"down":{"uv":[12.5,8.875,12.375,9.0],"rotation":0,"texture":"#8","tintindex":0}}},{"from":[5.2571425,12.457144,4.5714283],"to":[6.9714284,14.171429,5.2571425],"rotation":{"angle":0.0,"axis":"y","origin":[6.1142855,13.485715,4.9142857]},"faces":{"east":{"uv":[12.625,11.375,12.75,11.75],"rotation":0,"texture":"#8","tintindex":0},"south":{"uv":[13.25,11.375,13.625,11.75],"rotation":0,"texture":"#8","tintindex":0},"north":{"uv":[12.75,11.375,13.125,11.75],"rotation":0,"texture":"#8","tintindex":0},"west":{"uv":[13.125,11.375,13.25,11.75],"rotation":0,"texture":"#8","tintindex":0},"up":{"uv":[13.125,11.375,12.75,11.25],"rotation":0,"texture":"#8","tintindex":0},"down":{"uv":[13.5,11.25,13.125,11.375],"rotation":0,"texture":"#8","tintindex":0}}},{"from":[9.028571,11.428572,4.5714283],"to":[10.742857,14.171429,5.2571425],"rotation":{"angle":0.0,"axis":"y","origin":[9.885715,12.457144,4.9142857]},"faces":{"east":{"uv":[10.75,9.5,10.875,10.0],"rotation":0,"texture":"#8","tintindex":0},"south":{"uv":[11.375,9.5,11.75,10.0],"rotation":0,"texture":"#8","tintindex":0},"north":{"uv":[10.875,9.5,11.25,10.0],"rotation":0,"texture":"#8","tintindex":0},"west":{"uv":[11.25,9.5,11.375,10.0],"rotation":0,"texture":"#8","tintindex":0},"up":{"uv":[11.25,9.5,10.875,9.375],"rotation":0,"texture":"#8","tintindex":0},"down":{"uv":[11.625,9.375,11.25,9.5],"rotation":0,"texture":"#8","tintindex":0}}},{"from":[9.028571,15.257143,4.9142857],"to":[10.742857,17.37143,5.485714],"rotation":{"angle":0.0,"axis":"y","origin":[8.0,9.028571,8.0]},"faces":{"east":{"uv":[12.75,8.125,12.875,8.5],"rotation":0,"texture":"#8","tintindex":0},"south":{"uv":[13.375,8.125,13.75,8.5],"rotation":0,"texture":"#8","tintindex":0},"north":{"uv":[12.875,8.125,13.25,8.5],"rotation":0,"texture":"#8","tintindex":0},"west":{"uv":[13.25,8.125,13.375,8.5],"rotation":0,"texture":"#8","tintindex":0},"up":{"uv":[13.25,8.125,12.875,8.0],"rotation":0,"texture":"#8","tintindex":0},"down":{"uv":[13.625,8.0,13.25,8.125],"rotation":0,"texture":"#8","tintindex":0}}},{"from":[5.142857,15.142858,4.9142857],"to":[8.228572,17.257145,5.485714],"rotation":{"angle":0.0,"axis":"y","origin":[6.1142855,15.714286,5.2]},"faces":{"east":{"uv":[14.25,8.125,14.375,8.5],"rotation":0,"texture":"#8","tintindex":0},"south":{"uv":[15.125,8.125,15.75,8.5],"rotation":0,"texture":"#8","tintindex":0},"north":{"uv":[14.375,8.125,15.0,8.5],"rotation":0,"texture":"#8","tintindex":0},"west":{"uv":[15.0,8.125,15.125,8.5],"rotation":0,"texture":"#8","tintindex":0},"up":{"uv":[15.0,8.125,14.375,8.0],"rotation":0,"texture":"#8","tintindex":0},"down":{"uv":[15.625,8.0,15.0,8.125],"rotation":0,"texture":"#8","tintindex":0}}}],"display":{"head":{"translation":[0.0,-6.4,0.0],"scale":[4.0,4.0,4.0]}}}