{"textures":{"8":"modelengine:entity/mushtext-merged"},"elements":[{"from":[0.79999924,6.0571427,-2.9714298],"to":[14.857143,8.114285,9.714286],"rotation":{"angle":0.0,"axis":"y","origin":[10.4,14.285715,6.285714]},"faces":{"east":{"uv":[0.25,2.75,3.0,3.125],"rotation":0,"texture":"#8","tintindex":0},"south":{"uv":[8.75,2.75,11.75,3.125],"rotation":0,"texture":"#8","tintindex":0},"north":{"uv":[3.0,2.75,6.0,3.125],"rotation":0,"texture":"#8","tintindex":0},"west":{"uv":[6.0,2.75,8.75,3.125],"rotation":0,"texture":"#8","tintindex":0},"up":{"uv":[6.0,2.75,3.0,0.0],"rotation":0,"texture":"#8","tintindex":0},"down":{"uv":[9.0,0.0,6.0,2.75],"rotation":0,"texture":"#8","tintindex":0}}},{"from":[2.8571424,8.114285,-1.257144],"to":[13.142858,10.171429,8.0],"rotation":{"angle":0.0,"axis":"y","origin":[10.4,14.285715,6.285714]},"faces":{"east":{"uv":[0.625,5.125,2.625,5.5],"rotation":0,"texture":"#8","tintindex":0},"south":{"uv":[6.875,5.125,9.125,5.5],"rotation":0,"texture":"#8","tintindex":0},"north":{"uv":[2.625,5.125,4.875,5.5],"rotation":0,"texture":"#8","tintindex":0},"west":{"uv":[4.875,5.125,6.875,5.5],"rotation":0,"texture":"#8","tintindex":0},"up":{"uv":[4.875,5.125,2.625,3.125],"rotation":0,"texture":"#8","tintindex":0},"down":{"uv":[7.125,3.125,4.875,5.125],"rotation":0,"texture":"#8","tintindex":0}}},{"from":[4.5714283,10.171429,0.45714283],"to":[11.771429,12.228572,6.6285715],"rotation":{"angle":0.0,"axis":"y","origin":[10.4,14.285715,6.285714]},"faces":{"east":{"uv":[0.625,4.5,1.875,4.875],"rotation":0,"texture":"#8","tintindex":0},"south":{"uv":[4.625,4.5,6.125,4.875],"rotation":0,"texture":"#8","tintindex":0},"north":{"uv":[1.875,4.5,3.375,4.875],"rotation":0,"texture":"#8","tintindex":0},"west":{"uv":[3.375,4.5,4.625,4.875],"rotation":0,"texture":"#8","tintindex":0},"up":{"uv":[3.375,4.5,1.875,3.25],"rotation":0,"texture":"#8","tintindex":0},"down":{"uv":[4.875,3.25,3.375,4.5],"rotation":0,"texture":"#8","tintindex":0}}},{"from":[0.79999924,5.485714,-2.9714298],"to":[14.857143,6.0571427,-1.8285723],"rotation":{"angle":0.0,"axis":"y","origin":[8.0,8.0,8.0]},"faces":{"east":{"uv":[0.0,0.25,0.25,0.375],"rotation":0,"texture":"#8","tintindex":0},"south":{"uv":[3.5,0.25,6.5,0.375],"rotation":0,"texture":"#8","tintindex":0},"north":{"uv":[0.25,0.25,3.25,0.375],"rotation":0,"texture":"#8","tintindex":0},"west":{"uv":[3.25,0.25,3.5,0.375],"rotation":0,"texture":"#8","tintindex":0},"up":{"uv":[3.25,0.25,0.25,0.0],"rotation":0,"texture":"#8","tintindex":0},"down":{"uv":[6.25,0.0,3.25,0.25],"rotation":0,"texture":"#8","tintindex":0}}},{"from":[0.79999924,5.485714,8.571428],"to":[14.857143,6.0571427,9.714286],"rotation":{"angle":0.0,"axis":"y","origin":[8.0,8.0,8.0]},"faces":{"east":{"uv":[0.0,0.25,0.25,0.375],"rotation":0,"texture":"#8","tintindex":0},"south":{"uv":[3.5,0.25,6.5,0.375],"rotation":0,"texture":"#8","tintindex":0},"north":{"uv":[0.25,0.25,3.25,0.375],"rotation":0,"texture":"#8","tintindex":0},"west":{"uv":[3.25,0.25,3.5,0.375],"rotation":0,"texture":"#8","tintindex":0},"up":{"uv":[3.25,0.25,0.25,0.0],"rotation":0,"texture":"#8","tintindex":0},"down":{"uv":[6.25,0.0,3.25,0.25],"rotation":0,"texture":"#8","tintindex":0}}},{"from":[0.79999924,5.485714,-1.8857145],"to":[1.9428568,6.0571427,8.571428],"rotation":{"angle":0.0,"axis":"y","origin":[13.428572,5.771428,-2.4000006]},"faces":{"east":{"uv":[-2.0,0.25,0.25,0.375],"rotation":0,"texture":"#8","tintindex":0},"south":{"uv":[2.75,0.25,3.0,0.375],"rotation":0,"texture":"#8","tintindex":0},"north":{"uv":[0.25,0.25,0.5,0.375],"rotation":0,"texture":"#8","tintindex":0},"west":{"uv":[0.5,0.25,2.75,0.375],"rotation":0,"texture":"#8","tintindex":0},"up":{"uv":[0.5,0.25,0.25,-2.0],"rotation":0,"texture":"#8","tintindex":0},"down":{"uv":[0.75,-2.0,0.5,0.25],"rotation":0,"texture":"#8","tintindex":0}}},{"from":[13.714286,5.485714,-1.8857145],"to":[14.857143,6.0571427,8.571428],"rotation":{"angle":0.0,"axis":"y","origin":[13.428572,5.771428,-2.4000006]},"faces":{"east":{"uv":[-2.0,0.25,0.25,0.375],"rotation":0,"texture":"#8","tintindex":0},"south":{"uv":[2.75,0.25,3.0,0.375],"rotation":0,"texture":"#8","tintindex":0},"north":{"uv":[0.25,0.25,0.5,0.375],"rotation":0,"texture":"#8","tintindex":0},"west":{"uv":[0.5,0.25,2.75,0.375],"rotation":0,"texture":"#8","tintindex":0},"up":{"uv":[0.5,0.25,0.25,-2.0],"rotation":0,"texture":"#8","tintindex":0},"down":{"uv":[0.75,-2.0,0.5,0.25],"rotation":0,"texture":"#8","tintindex":0}}}],"display":{"head":{"translation":[0.0,-6.4,0.0],"scale":[4.0,4.0,4.0]}}}