{"textures":{"8":"modelengine:entity/mushtext-merged"},"elements":[{"from":[3.7142854,6.9714284,6.857143],"to":[12.285715,9.028571,6.857143],"rotation":{"angle":0.0,"axis":"y","origin":[10.228572,13.828571,15.542857]},"faces":{"east":{"uv":[0.0,8.5,0.0,8.875],"rotation":0,"texture":"#8","tintindex":0},"south":{"uv":[1.875,8.5,3.75,8.875],"rotation":0,"texture":"#8","tintindex":0},"north":{"uv":[0.0,8.5,1.875,8.875],"rotation":0,"texture":"#8","tintindex":0},"west":{"uv":[1.875,8.5,1.875,8.875],"rotation":0,"texture":"#8","tintindex":0},"up":{"uv":[1.875,8.5,0.0,8.5],"rotation":0,"texture":"#8","tintindex":0},"down":{"uv":[3.75,8.5,1.875,8.5],"rotation":0,"texture":"#8","tintindex":0}}}],"display":{"head":{"translation":[0.0,-6.4,0.0],"scale":[4.0,4.0,4.0]}}}