{"textures":{"8":"modelengine:entity/mushtext-merged"},"elements":[{"from":[3.7142854,6.9714284,8.571428],"to":[12.285715,9.028571,8.571428],"rotation":{"angle":0.0,"axis":"y","origin":[10.914286,17.257145,16.228573]},"faces":{"east":{"uv":[0.0,8.0,0.0,8.375],"rotation":0,"texture":"#8","tintindex":0},"south":{"uv":[1.875,8.0,3.75,8.375],"rotation":0,"texture":"#8","tintindex":0},"north":{"uv":[0.0,8.0,1.875,8.375],"rotation":0,"texture":"#8","tintindex":0},"west":{"uv":[1.875,8.0,1.875,8.375],"rotation":0,"texture":"#8","tintindex":0},"up":{"uv":[1.875,8.0,0.0,8.0],"rotation":0,"texture":"#8","tintindex":0},"down":{"uv":[3.75,8.0,1.875,8.0],"rotation":0,"texture":"#8","tintindex":0}}}],"display":{"head":{"translation":[0.0,-6.4,0.0],"scale":[4.0,4.0,4.0]}}}