{"textures":{"0":"modelengine:entity/texture"},"elements":[{"from":[11.038906,7.9397097,11.347612],"to":[13.56462,10.465425,13.873327],"rotation":{"angle":0.0,"axis":"y","origin":[12.301764,9.202567,12.61047]},"faces":{"east":{"uv":[0.0,4.0,4.0,8.0],"rotation":0,"texture":"#0","tintindex":0},"south":{"uv":[4.0,0.0,8.0,4.0],"rotation":0,"texture":"#0","tintindex":0},"north":{"uv":[0.0,0.0,4.0,4.0],"rotation":0,"texture":"#0","tintindex":0},"west":{"uv":[4.0,4.0,8.0,8.0],"rotation":0,"texture":"#0","tintindex":0},"up":{"uv":[4.0,12.0,0.0,8.0],"rotation":0,"texture":"#0","tintindex":0},"down":{"uv":[12.0,0.0,8.0,4.0],"rotation":0,"texture":"#0","tintindex":0}}},{"from":[12.592485,9.451684,11.661812],"to":[14.489801,11.348999,13.559127],"rotation":{"angle":0.0,"axis":"y","origin":[12.301764,9.202567,12.61047]},"faces":{"east":{"uv":[8.0,4.0,11.0,7.0],"rotation":0,"texture":"#0","tintindex":0},"south":{"uv":[7.0,8.0,10.0,11.0],"rotation":0,"texture":"#0","tintindex":0},"north":{"uv":[4.0,8.0,7.0,11.0],"rotation":0,"texture":"#0","tintindex":0},"west":{"uv":[10.0,7.0,13.0,10.0],"rotation":0,"texture":"#0","tintindex":0},"up":{"uv":[13.0,13.0,10.0,10.0],"rotation":0,"texture":"#0","tintindex":0},"down":{"uv":[7.0,11.0,4.0,14.0],"rotation":0,"texture":"#0","tintindex":0}}},{"from":[9.987715,8.009014,12.949522],"to":[11.751546,8.462761,13.403269],"rotation":{"angle":-45.0,"axis":"z","origin":[12.301764,9.202567,12.61047]},"faces":{"east":{"uv":[8.0,7.0,9.0,8.0],"rotation":0,"texture":"#0","tintindex":0},"south":{"uv":[11.0,5.0,14.0,6.0],"rotation":0,"texture":"#0","tintindex":0},"north":{"uv":[11.0,4.0,14.0,5.0],"rotation":0,"texture":"#0","tintindex":0},"west":{"uv":[9.0,7.0,10.0,8.0],"rotation":0,"texture":"#0","tintindex":0},"up":{"uv":[14.0,7.0,11.0,6.0],"rotation":0,"texture":"#0","tintindex":0},"down":{"uv":[10.0,11.0,7.0,12.0],"rotation":0,"texture":"#0","tintindex":0}}},{"from":[9.987715,8.009014,11.896871],"to":[11.751546,8.462761,12.350617],"rotation":{"angle":-45.0,"axis":"z","origin":[12.301764,9.202567,12.61047]},"faces":{"east":{"uv":[3.0,12.0,4.0,13.0],"rotation":0,"texture":"#0","tintindex":0},"south":{"uv":[12.0,0.0,15.0,1.0],"rotation":0,"texture":"#0","tintindex":0},"north":{"uv":[0.0,12.0,3.0,13.0],"rotation":0,"texture":"#0","tintindex":0},"west":{"uv":[12.0,3.0,13.0,4.0],"rotation":0,"texture":"#0","tintindex":0},"up":{"uv":[15.0,2.0,12.0,1.0],"rotation":0,"texture":"#0","tintindex":0},"down":{"uv":[15.0,2.0,12.0,3.0],"rotation":0,"texture":"#0","tintindex":0}}}],"display":{"head":{"translation":[0.0,-6.4,0.0],"scale":[4.0,4.0,4.0]}}}