{"textures":{"0":"modelengine:entity/firefly"},"elements":[{"from":[9.142858,8.0,7.428571],"to":[10.285714,8.0,8.571428],"rotation":{"angle":0.0,"axis":"y","origin":[9.714286,6.857143,8.0]},"faces":{"east":{"uv":[10.0,5.0,8.0,5.0],"rotation":0,"texture":"#0","tintindex":0},"south":{"uv":[12.0,5.0,10.0,5.0],"rotation":0,"texture":"#0","tintindex":0},"north":{"uv":[8.0,5.0,6.0,5.0],"rotation":0,"texture":"#0","tintindex":0},"west":{"uv":[6.0,5.0,4.0,5.0],"rotation":0,"texture":"#0","tintindex":0},"up":{"uv":[6.0,5.0,8.0,3.0],"rotation":0,"texture":"#0","tintindex":0},"down":{"uv":[8.0,3.0,10.0,5.0],"rotation":0,"texture":"#0","tintindex":0}}}],"display":{"head":{"translation":[0.0,-6.4,0.0],"scale":[4.0,4.0,4.0]}}}