{"textures":{"0":"modelengine:entity/firefly"},"elements":[{"from":[5.714286,8.0,7.428571],"to":[6.857143,8.0,8.571428],"rotation":{"angle":0.0,"axis":"y","origin":[6.285714,6.857143,8.0]},"faces":{"east":{"uv":[10.0,2.0,8.0,2.0],"rotation":0,"texture":"#0","tintindex":0},"south":{"uv":[12.0,2.0,10.0,2.0],"rotation":0,"texture":"#0","tintindex":0},"north":{"uv":[8.0,2.0,6.0,2.0],"rotation":0,"texture":"#0","tintindex":0},"west":{"uv":[6.0,2.0,4.0,2.0],"rotation":0,"texture":"#0","tintindex":0},"up":{"uv":[6.0,2.0,8.0,0.0],"rotation":0,"texture":"#0","tintindex":0},"down":{"uv":[8.0,0.0,10.0,2.0],"rotation":0,"texture":"#0","tintindex":0}}}],"display":{"head":{"translation":[0.0,-6.4,0.0],"scale":[4.0,4.0,4.0]}}}