{"textures":{"0":"modelengine:entity/firefly"},"elements":[{"from":[7.428571,8.571428,8.0],"to":[8.571428,9.142858,9.142858],"rotation":{"angle":0.0,"axis":"y","origin":[8.0,8.0,8.571428]},"faces":{"east":{"uv":[6.0,5.0,4.0,6.0],"rotation":0,"texture":"#0","tintindex":0},"south":{"uv":[8.0,5.0,6.0,6.0],"rotation":0,"texture":"#0","tintindex":0},"north":{"uv":[4.0,5.0,2.0,6.0],"rotation":0,"texture":"#0","tintindex":0},"west":{"uv":[2.0,5.0,0.0,6.0],"rotation":0,"texture":"#0","tintindex":0},"up":{"uv":[2.0,5.0,4.0,3.0],"rotation":0,"texture":"#0","tintindex":0},"down":{"uv":[4.0,3.0,6.0,5.0],"rotation":0,"texture":"#0","tintindex":0}}},{"from":[7.428571,8.571428,6.857143],"to":[8.571428,9.142858,8.0],"rotation":{"angle":0.0,"axis":"y","origin":[8.0,8.0,7.428571]},"faces":{"east":{"uv":[6.0,2.0,4.0,3.0],"rotation":0,"texture":"#0","tintindex":0},"south":{"uv":[8.0,2.0,6.0,3.0],"rotation":0,"texture":"#0","tintindex":0},"north":{"uv":[4.0,2.0,2.0,3.0],"rotation":0,"texture":"#0","tintindex":0},"west":{"uv":[2.0,2.0,0.0,3.0],"rotation":0,"texture":"#0","tintindex":0},"up":{"uv":[2.0,2.0,4.0,0.0],"rotation":0,"texture":"#0","tintindex":0},"down":{"uv":[4.0,0.0,6.0,2.0],"rotation":0,"texture":"#0","tintindex":0}}}],"display":{"head":{"translation":[0.0,-6.4,0.0],"scale":[4.0,4.0,4.0]}}}