{"textures":{"0":"modelengine:entity/quakefish"},"elements":[{"from":[4.0,4.2589827,7.4974],"to":[12.0,9.40184,24.640257],"rotation":{"angle":0.0,"axis":"y","origin":[8.0,2.5446973,16.068829]},"faces":{"east":{"uv":[0.0,5.03125,0.9375,5.3125],"rotation":0,"texture":"#0","tintindex":0},"south":{"uv":[2.3125,5.03125,2.75,5.3125],"rotation":0,"texture":"#0","tintindex":0},"north":{"uv":[0.9375,5.03125,1.375,5.3125],"rotation":0,"texture":"#0","tintindex":0},"west":{"uv":[1.375,5.03125,2.3125,5.3125],"rotation":0,"texture":"#0","tintindex":0},"up":{"uv":[1.375,5.03125,0.9375,4.09375],"rotation":0,"texture":"#0","tintindex":0},"down":{"uv":[1.8125,4.09375,1.375,5.03125],"rotation":0,"texture":"#0","tintindex":0}}},{"from":[4.142857,7.5446973,6.3545427],"to":[11.857143,9.830412,13.211686],"rotation":{"angle":22.5,"axis":"x","origin":[8.0,6.4018397,11.4974]},"faces":{"east":{"uv":[7.0,3.53125,7.375,3.65625],"rotation":0,"texture":"#0","tintindex":0},"south":{"uv":[8.15625,3.53125,8.5625,3.65625],"rotation":0,"texture":"#0","tintindex":0},"north":{"uv":[7.375,3.53125,7.78125,3.65625],"rotation":0,"texture":"#0","tintindex":0},"west":{"uv":[7.78125,3.53125,8.15625,3.65625],"rotation":0,"texture":"#0","tintindex":0},"up":{"uv":[7.78125,3.53125,7.375,3.15625],"rotation":0,"texture":"#0","tintindex":0},"down":{"uv":[8.1875,3.15625,7.78125,3.53125],"rotation":0,"texture":"#0","tintindex":0}}}],"display":{"head":{"translation":[0.0,-6.4,0.0],"scale":[4.0,4.0,4.0]}}}