{"textures":{"0":"modelengine:entity/quakefish"},"elements":[{"from":[8.0,6.857143,6.285714],"to":[8.857143,9.714286,7.428571],"rotation":{"angle":0.0,"axis":"y","origin":[8.571428,8.571428,6.857143]},"faces":{"east":{"uv":[3.625,2.65625,3.6875,2.8125],"rotation":0,"texture":"#0","tintindex":0},"south":{"uv":[3.78125,2.65625,3.8125,2.8125],"rotation":0,"texture":"#0","tintindex":0},"north":{"uv":[3.6875,2.65625,3.71875,2.8125],"rotation":0,"texture":"#0","tintindex":0},"west":{"uv":[3.71875,2.65625,3.78125,2.8125],"rotation":0,"texture":"#0","tintindex":0},"up":{"uv":[3.71875,2.65625,3.6875,2.59375],"rotation":0,"texture":"#0","tintindex":0},"down":{"uv":[3.75,2.59375,3.71875,2.65625],"rotation":0,"texture":"#0","tintindex":0}}},{"from":[8.0,6.857143,2.2857141],"to":[9.142858,9.714286,6.285714],"rotation":{"angle":0.0,"axis":"y","origin":[8.571428,8.571428,6.857143]},"faces":{"east":{"uv":[0.0,8.65625,0.21875,8.8125],"rotation":0,"texture":"#0","tintindex":0},"south":{"uv":[0.5,8.65625,0.5625,8.8125],"rotation":0,"texture":"#0","tintindex":0},"north":{"uv":[0.21875,8.65625,0.28125,8.8125],"rotation":0,"texture":"#0","tintindex":0},"west":{"uv":[0.28125,8.65625,0.5,8.8125],"rotation":0,"texture":"#0","tintindex":0},"up":{"uv":[0.28125,8.65625,0.21875,8.4375],"rotation":0,"texture":"#0","tintindex":0},"down":{"uv":[0.34375,8.4375,0.28125,8.65625],"rotation":0,"texture":"#0","tintindex":0}}},{"from":[7.714286,6.285714,-1.7142859],"to":[9.428572,10.285714,2.2857141],"rotation":{"angle":0.0,"axis":"y","origin":[8.571428,8.571428,6.857143]},"faces":{"east":{"uv":[0.9375,8.53125,1.15625,8.75],"rotation":0,"texture":"#0","tintindex":0},"south":{"uv":[1.46875,8.53125,1.5625,8.75],"rotation":0,"texture":"#0","tintindex":0},"north":{"uv":[1.15625,8.53125,1.25,8.75],"rotation":0,"texture":"#0","tintindex":0},"west":{"uv":[1.25,8.53125,1.46875,8.75],"rotation":0,"texture":"#0","tintindex":0},"up":{"uv":[1.25,8.53125,1.15625,8.3125],"rotation":0,"texture":"#0","tintindex":0},"down":{"uv":[1.34375,8.3125,1.25,8.53125],"rotation":0,"texture":"#0","tintindex":0}}},{"from":[8.0,7.428571,7.428571],"to":[8.571428,9.142858,8.571428],"rotation":{"angle":0.0,"axis":"y","origin":[8.571428,8.571428,6.857143]},"faces":{"east":{"uv":[3.625,2.875,3.6875,2.96875],"rotation":0,"texture":"#0","tintindex":0},"south":{"uv":[3.78125,2.875,3.8125,2.96875],"rotation":0,"texture":"#0","tintindex":0},"north":{"uv":[3.6875,2.875,3.71875,2.96875],"rotation":0,"texture":"#0","tintindex":0},"west":{"uv":[3.71875,2.875,3.78125,2.96875],"rotation":0,"texture":"#0","tintindex":0},"up":{"uv":[3.71875,2.875,3.6875,2.8125],"rotation":0,"texture":"#0","tintindex":0},"down":{"uv":[3.75,2.8125,3.71875,2.875],"rotation":0,"texture":"#0","tintindex":0}}}],"display":{"head":{"translation":[0.0,-6.4,0.0],"scale":[4.0,4.0,4.0]}}}