{"textures":{"0":"modelengine:entity/quakefish"},"elements":[{"from":[9.714286,9.0,6.428571],"to":[10.285714,10.142858,9.857143],"rotation":{"angle":45.0,"axis":"y","origin":[8.285714,8.0,8.285714]},"faces":{"east":{"uv":[5.6875,6.5625,5.875,6.625],"rotation":0,"texture":"#0","tintindex":0},"south":{"uv":[6.09375,6.5625,6.125,6.625],"rotation":0,"texture":"#0","tintindex":0},"north":{"uv":[5.875,6.5625,5.90625,6.625],"rotation":0,"texture":"#0","tintindex":0},"west":{"uv":[5.90625,6.5625,6.09375,6.625],"rotation":0,"texture":"#0","tintindex":0},"up":{"uv":[5.90625,6.5625,5.875,6.375],"rotation":0,"texture":"#0","tintindex":0},"down":{"uv":[5.9375,6.375,5.90625,6.5625],"rotation":0,"texture":"#0","tintindex":0}}},{"from":[9.714286,8.428572,5.8571424],"to":[10.285714,9.0,9.285714],"rotation":{"angle":45.0,"axis":"y","origin":[8.285714,8.0,8.285714]},"faces":{"east":{"uv":[5.375,1.59375,5.5625,1.625],"rotation":0,"texture":"#0","tintindex":0},"south":{"uv":[5.78125,1.59375,5.8125,1.625],"rotation":0,"texture":"#0","tintindex":0},"north":{"uv":[5.5625,1.59375,5.59375,1.625],"rotation":0,"texture":"#0","tintindex":0},"west":{"uv":[5.59375,1.59375,5.78125,1.625],"rotation":0,"texture":"#0","tintindex":0},"up":{"uv":[5.59375,1.59375,5.5625,1.40625],"rotation":0,"texture":"#0","tintindex":0},"down":{"uv":[5.625,1.40625,5.59375,1.59375],"rotation":0,"texture":"#0","tintindex":0}}},{"from":[9.714286,7.5714283,5.285714],"to":[10.285714,8.428572,8.142858],"rotation":{"angle":45.0,"axis":"y","origin":[8.285714,8.0,8.285714]},"faces":{"east":{"uv":[0.9375,8.09375,1.09375,8.125],"rotation":0,"texture":"#0","tintindex":0},"south":{"uv":[1.28125,8.09375,1.3125,8.125],"rotation":0,"texture":"#0","tintindex":0},"north":{"uv":[1.09375,8.09375,1.125,8.125],"rotation":0,"texture":"#0","tintindex":0},"west":{"uv":[1.125,8.09375,1.28125,8.125],"rotation":0,"texture":"#0","tintindex":0},"up":{"uv":[1.125,8.09375,1.09375,7.9375],"rotation":0,"texture":"#0","tintindex":0},"down":{"uv":[1.15625,7.9375,1.125,8.09375],"rotation":0,"texture":"#0","tintindex":0}}},{"from":[9.714286,7.0,5.8571424],"to":[10.285714,7.5714283,9.285714],"rotation":{"angle":45.0,"axis":"y","origin":[8.285714,8.0,8.285714]},"faces":{"east":{"uv":[5.8125,1.59375,6.0,1.625],"rotation":0,"texture":"#0","tintindex":0},"south":{"uv":[6.21875,1.59375,6.25,1.625],"rotation":0,"texture":"#0","tintindex":0},"north":{"uv":[6.0,1.59375,6.03125,1.625],"rotation":0,"texture":"#0","tintindex":0},"west":{"uv":[6.03125,1.59375,6.21875,1.625],"rotation":0,"texture":"#0","tintindex":0},"up":{"uv":[6.03125,1.59375,6.0,1.40625],"rotation":0,"texture":"#0","tintindex":0},"down":{"uv":[6.0625,1.40625,6.03125,1.59375],"rotation":0,"texture":"#0","tintindex":0}}},{"from":[9.714286,5.8571424,6.428571],"to":[10.285714,7.0,9.857143],"rotation":{"angle":45.0,"axis":"y","origin":[8.285714,8.0,8.285714]},"faces":{"east":{"uv":[5.6875,6.8125,5.875,6.875],"rotation":0,"texture":"#0","tintindex":0},"south":{"uv":[6.09375,6.8125,6.125,6.875],"rotation":0,"texture":"#0","tintindex":0},"north":{"uv":[5.875,6.8125,5.90625,6.875],"rotation":0,"texture":"#0","tintindex":0},"west":{"uv":[5.90625,6.8125,6.09375,6.875],"rotation":0,"texture":"#0","tintindex":0},"up":{"uv":[5.90625,6.8125,5.875,6.625],"rotation":0,"texture":"#0","tintindex":0},"down":{"uv":[5.9375,6.625,5.90625,6.8125],"rotation":0,"texture":"#0","tintindex":0}}},{"from":[7.428571,5.8571424,4.0],"to":[9.714286,10.142858,8.0],"rotation":{"angle":45.0,"axis":"y","origin":[8.285714,8.0,8.285714]},"faces":{"east":{"uv":[8.1875,8.5,8.40625,8.71875],"rotation":0,"texture":"#0","tintindex":0},"south":{"uv":[8.75,8.5,8.875,8.71875],"rotation":0,"texture":"#0","tintindex":0},"north":{"uv":[8.40625,8.5,8.53125,8.71875],"rotation":0,"texture":"#0","tintindex":0},"west":{"uv":[8.53125,8.5,8.75,8.71875],"rotation":0,"texture":"#0","tintindex":0},"up":{"uv":[8.53125,8.5,8.40625,8.28125],"rotation":0,"texture":"#0","tintindex":0},"down":{"uv":[8.65625,8.28125,8.53125,8.5],"rotation":0,"texture":"#0","tintindex":0}}},{"from":[7.142857,6.428571,2.2857141],"to":[8.285714,9.571428,4.0],"rotation":{"angle":45.0,"axis":"y","origin":[8.285714,8.0,8.285714]},"faces":{"east":{"uv":[3.5,4.1875,3.59375,4.34375],"rotation":0,"texture":"#0","tintindex":0},"south":{"uv":[3.75,4.1875,3.8125,4.34375],"rotation":0,"texture":"#0","tintindex":0},"north":{"uv":[3.59375,4.1875,3.65625,4.34375],"rotation":0,"texture":"#0","tintindex":0},"west":{"uv":[3.65625,4.1875,3.75,4.34375],"rotation":0,"texture":"#0","tintindex":0},"up":{"uv":[3.65625,4.1875,3.59375,4.09375],"rotation":0,"texture":"#0","tintindex":0},"down":{"uv":[3.71875,4.09375,3.65625,4.1875],"rotation":0,"texture":"#0","tintindex":0}}},{"from":[6.857143,7.0,0.5714283],"to":[7.428571,9.0,2.2857141],"rotation":{"angle":45.0,"axis":"y","origin":[8.285714,8.0,8.285714]},"faces":{"east":{"uv":[4.0625,8.125,4.15625,8.21875],"rotation":0,"texture":"#0","tintindex":0},"south":{"uv":[4.28125,8.125,4.3125,8.21875],"rotation":0,"texture":"#0","tintindex":0},"north":{"uv":[4.15625,8.125,4.1875,8.21875],"rotation":0,"texture":"#0","tintindex":0},"west":{"uv":[4.1875,8.125,4.28125,8.21875],"rotation":0,"texture":"#0","tintindex":0},"up":{"uv":[4.1875,8.125,4.15625,8.03125],"rotation":0,"texture":"#0","tintindex":0},"down":{"uv":[4.21875,8.03125,4.1875,8.125],"rotation":0,"texture":"#0","tintindex":0}}}],"display":{"head":{"translation":[0.0,-6.4,0.0],"scale":[4.0,4.0,4.0]}}}