{"textures":{"0":"modelengine:entity/quakefish"},"elements":[{"from":[4.5714283,2.7689538,16.582302],"to":[11.428572,24.483242,22.868017],"rotation":{"angle":0.0,"axis":"y","origin":[8.0,1.054668,25.153732]},"faces":{"east":{"uv":[2.75,4.75,3.09375,5.9375],"rotation":0,"texture":"#0","tintindex":0},"south":{"uv":[3.8125,4.75,4.1875,5.9375],"rotation":0,"texture":"#0","tintindex":0},"north":{"uv":[3.09375,4.75,3.46875,5.9375],"rotation":0,"texture":"#0","tintindex":0},"west":{"uv":[3.46875,4.75,3.8125,5.9375],"rotation":0,"texture":"#0","tintindex":0},"up":{"uv":[3.46875,4.75,3.09375,4.40625],"rotation":0,"texture":"#0","tintindex":0},"down":{"uv":[3.84375,4.40625,3.46875,4.75],"rotation":0,"texture":"#0","tintindex":0}}},{"from":[5.714286,7.9118114,10.296589],"to":[10.285714,17.054668,16.582302],"rotation":{"angle":0.0,"axis":"y","origin":[8.0,6.1975255,18.868017]},"faces":{"east":{"uv":[3.125,7.53125,3.46875,8.03125],"rotation":0,"texture":"#0","tintindex":0},"south":{"uv":[4.0625,7.53125,4.3125,8.03125],"rotation":0,"texture":"#0","tintindex":0},"north":{"uv":[3.46875,7.53125,3.71875,8.03125],"rotation":0,"texture":"#0","tintindex":0},"west":{"uv":[3.71875,7.53125,4.0625,8.03125],"rotation":0,"texture":"#0","tintindex":0},"up":{"uv":[3.71875,7.53125,3.46875,7.1875],"rotation":0,"texture":"#0","tintindex":0},"down":{"uv":[3.96875,7.1875,3.71875,7.53125],"rotation":0,"texture":"#0","tintindex":0}}},{"from":[6.857143,6.7689543,8.582303],"to":[9.142858,15.340384,11.4394455],"rotation":{"angle":22.5,"axis":"x","origin":[8.0,11.054668,9.725161]},"faces":{"east":{"uv":[7.0625,8.4375,7.21875,8.90625],"rotation":0,"texture":"#0","tintindex":0},"south":{"uv":[7.5,8.4375,7.625,8.90625],"rotation":0,"texture":"#0","tintindex":0},"north":{"uv":[7.21875,8.4375,7.34375,8.90625],"rotation":0,"texture":"#0","tintindex":0},"west":{"uv":[7.34375,8.4375,7.5,8.90625],"rotation":0,"texture":"#0","tintindex":0},"up":{"uv":[7.34375,8.4375,7.21875,8.28125],"rotation":0,"texture":"#0","tintindex":0},"down":{"uv":[7.46875,8.28125,7.34375,8.4375],"rotation":0,"texture":"#0","tintindex":0}}},{"from":[6.857143,14.768954,14.868017],"to":[9.142858,23.340384,17.72516],"rotation":{"angle":22.5,"axis":"x","origin":[8.0,19.054668,16.010876]},"faces":{"east":{"uv":[7.625,8.4375,7.78125,8.90625],"rotation":0,"texture":"#0","tintindex":0},"south":{"uv":[8.0625,8.4375,8.1875,8.90625],"rotation":0,"texture":"#0","tintindex":0},"north":{"uv":[7.78125,8.4375,7.90625,8.90625],"rotation":0,"texture":"#0","tintindex":0},"west":{"uv":[7.90625,8.4375,8.0625,8.90625],"rotation":0,"texture":"#0","tintindex":0},"up":{"uv":[7.90625,8.4375,7.78125,8.28125],"rotation":0,"texture":"#0","tintindex":0},"down":{"uv":[8.03125,8.28125,7.90625,8.4375],"rotation":0,"texture":"#0","tintindex":0}}}],"display":{"head":{"translation":[0.0,-6.4,0.0],"scale":[4.0,4.0,4.0]}}}