{"textures":{"0":"modelengine:entity/quakefish"},"elements":[{"from":[-2.8571434,3.047617,-3.4285717],"to":[18.857143,9.333331,8.0],"rotation":{"angle":0.0,"axis":"y","origin":[8.0,3.047617,-2.285715]},"faces":{"east":{"uv":[3.625,2.25,4.25,2.59375],"rotation":0,"texture":"#0","tintindex":0},"south":{"uv":[6.0625,2.25,7.25,2.59375],"rotation":0,"texture":"#0","tintindex":0},"north":{"uv":[4.25,2.25,5.4375,2.59375],"rotation":0,"texture":"#0","tintindex":0},"west":{"uv":[5.4375,2.25,6.0625,2.59375],"rotation":0,"texture":"#0","tintindex":0},"up":{"uv":[5.4375,2.25,4.25,1.625],"rotation":0,"texture":"#0","tintindex":0},"down":{"uv":[6.625,1.625,5.4375,2.25],"rotation":0,"texture":"#0","tintindex":0}}},{"from":[-1.7142859,9.333331,-3.4285717],"to":[17.714287,11.619046,8.0],"rotation":{"angle":0.0,"axis":"y","origin":[8.0,9.333331,-2.285715]},"faces":{"east":{"uv":[3.8125,4.28125,4.4375,4.40625],"rotation":0,"texture":"#0","tintindex":0},"south":{"uv":[6.125,4.28125,7.1875,4.40625],"rotation":0,"texture":"#0","tintindex":0},"north":{"uv":[4.4375,4.28125,5.5,4.40625],"rotation":0,"texture":"#0","tintindex":0},"west":{"uv":[5.5,4.28125,6.125,4.40625],"rotation":0,"texture":"#0","tintindex":0},"up":{"uv":[5.5,4.28125,4.4375,3.65625],"rotation":0,"texture":"#0","tintindex":0},"down":{"uv":[6.5625,3.65625,5.5,4.28125],"rotation":0,"texture":"#0","tintindex":0}}},{"from":[0.0,11.619046,-3.4285717],"to":[16.0,13.333332,8.0],"rotation":{"angle":0.0,"axis":"y","origin":[8.0,11.619046,-2.285715]},"faces":{"east":{"uv":[4.375,0.625,5.0,0.71875],"rotation":0,"texture":"#0","tintindex":0},"south":{"uv":[6.5,0.625,7.375,0.71875],"rotation":0,"texture":"#0","tintindex":0},"north":{"uv":[5.0,0.625,5.875,0.71875],"rotation":0,"texture":"#0","tintindex":0},"west":{"uv":[5.875,0.625,6.5,0.71875],"rotation":0,"texture":"#0","tintindex":0},"up":{"uv":[5.875,0.625,5.0,0.0],"rotation":0,"texture":"#0","tintindex":0},"down":{"uv":[6.75,0.0,5.875,0.625],"rotation":0,"texture":"#0","tintindex":0}}},{"from":[5.714286,13.333332,-2.285715],"to":[6.857143,15.047617,6.857143],"rotation":{"angle":0.0,"axis":"y","origin":[10.857143,13.333332,-2.285715]},"faces":{"east":{"uv":[7.25,2.03125,7.75,2.125],"rotation":0,"texture":"#0","tintindex":0},"south":{"uv":[8.3125,2.03125,8.375,2.125],"rotation":0,"texture":"#0","tintindex":0},"north":{"uv":[7.75,2.03125,7.8125,2.125],"rotation":0,"texture":"#0","tintindex":0},"west":{"uv":[7.8125,2.03125,8.3125,2.125],"rotation":0,"texture":"#0","tintindex":0},"up":{"uv":[7.8125,2.03125,7.75,1.53125],"rotation":0,"texture":"#0","tintindex":0},"down":{"uv":[7.875,1.53125,7.8125,2.03125],"rotation":0,"texture":"#0","tintindex":0}}},{"from":[5.714286,15.047617,0.0],"to":[6.857143,16.761904,6.857143],"rotation":{"angle":0.0,"axis":"y","origin":[10.857143,15.047617,-2.285715]},"faces":{"east":{"uv":[7.9375,5.65625,8.3125,5.75],"rotation":0,"texture":"#0","tintindex":0},"south":{"uv":[8.75,5.65625,8.8125,5.75],"rotation":0,"texture":"#0","tintindex":0},"north":{"uv":[8.3125,5.65625,8.375,5.75],"rotation":0,"texture":"#0","tintindex":0},"west":{"uv":[8.375,5.65625,8.75,5.75],"rotation":0,"texture":"#0","tintindex":0},"up":{"uv":[8.375,5.65625,8.3125,5.28125],"rotation":0,"texture":"#0","tintindex":0},"down":{"uv":[8.4375,5.28125,8.375,5.65625],"rotation":0,"texture":"#0","tintindex":0}}},{"from":[5.714286,16.761904,2.8571424],"to":[6.857143,17.90476,6.857143],"rotation":{"angle":0.0,"axis":"y","origin":[10.857143,16.761904,-2.285715]},"faces":{"east":{"uv":[8.5,0.46875,8.71875,0.53125],"rotation":0,"texture":"#0","tintindex":0},"south":{"uv":[9.0,0.46875,9.0625,0.53125],"rotation":0,"texture":"#0","tintindex":0},"north":{"uv":[8.71875,0.46875,8.78125,0.53125],"rotation":0,"texture":"#0","tintindex":0},"west":{"uv":[8.78125,0.46875,9.0,0.53125],"rotation":0,"texture":"#0","tintindex":0},"up":{"uv":[8.78125,0.46875,8.71875,0.25],"rotation":0,"texture":"#0","tintindex":0},"down":{"uv":[8.84375,0.25,8.78125,0.46875],"rotation":0,"texture":"#0","tintindex":0}}},{"from":[5.714286,17.90476,4.5714283],"to":[6.857143,19.619045,6.857143],"rotation":{"angle":0.0,"axis":"y","origin":[10.857143,17.90476,-0.57142925]},"faces":{"east":{"uv":[6.25,1.53125,6.375,1.625],"rotation":0,"texture":"#0","tintindex":0},"south":{"uv":[6.5625,1.53125,6.625,1.625],"rotation":0,"texture":"#0","tintindex":0},"north":{"uv":[6.375,1.53125,6.4375,1.625],"rotation":0,"texture":"#0","tintindex":0},"west":{"uv":[6.4375,1.53125,6.5625,1.625],"rotation":0,"texture":"#0","tintindex":0},"up":{"uv":[6.4375,1.53125,6.375,1.40625],"rotation":0,"texture":"#0","tintindex":0},"down":{"uv":[6.5,1.40625,6.4375,1.53125],"rotation":0,"texture":"#0","tintindex":0}}},{"from":[5.714286,19.619045,5.714286],"to":[6.857143,21.333332,6.857143],"rotation":{"angle":0.0,"axis":"y","origin":[10.857143,19.619045,-0.57142925]},"faces":{"east":{"uv":[3.8125,8.53125,3.875,8.625],"rotation":0,"texture":"#0","tintindex":0},"south":{"uv":[4.0,8.53125,4.0625,8.625],"rotation":0,"texture":"#0","tintindex":0},"north":{"uv":[3.875,8.53125,3.9375,8.625],"rotation":0,"texture":"#0","tintindex":0},"west":{"uv":[3.9375,8.53125,4.0,8.625],"rotation":0,"texture":"#0","tintindex":0},"up":{"uv":[3.9375,8.53125,3.875,8.46875],"rotation":0,"texture":"#0","tintindex":0},"down":{"uv":[4.0,8.46875,3.9375,8.53125],"rotation":0,"texture":"#0","tintindex":0}}},{"from":[9.142858,19.619045,5.714286],"to":[10.285714,21.333332,6.857143],"rotation":{"angle":0.0,"axis":"y","origin":[5.142857,19.619045,-0.57142925]},"faces":{"east":{"uv":[0.5625,8.5,0.625,8.59375],"rotation":0,"texture":"#0","tintindex":0},"south":{"uv":[0.75,8.5,0.8125,8.59375],"rotation":0,"texture":"#0","tintindex":0},"north":{"uv":[0.625,8.5,0.6875,8.59375],"rotation":0,"texture":"#0","tintindex":0},"west":{"uv":[0.6875,8.5,0.75,8.59375],"rotation":0,"texture":"#0","tintindex":0},"up":{"uv":[0.6875,8.5,0.625,8.4375],"rotation":0,"texture":"#0","tintindex":0},"down":{"uv":[0.75,8.4375,0.6875,8.5],"rotation":0,"texture":"#0","tintindex":0}}},{"from":[9.142858,13.333332,-2.285715],"to":[10.285714,15.047617,6.857143],"rotation":{"angle":0.0,"axis":"y","origin":[5.142857,13.333332,-2.285715]},"faces":{"east":{"uv":[7.375,0.5,7.875,0.59375],"rotation":0,"texture":"#0","tintindex":0},"south":{"uv":[8.4375,0.5,8.5,0.59375],"rotation":0,"texture":"#0","tintindex":0},"north":{"uv":[7.875,0.5,7.9375,0.59375],"rotation":0,"texture":"#0","tintindex":0},"west":{"uv":[7.9375,0.5,8.4375,0.59375],"rotation":0,"texture":"#0","tintindex":0},"up":{"uv":[7.9375,0.5,7.875,0.0],"rotation":0,"texture":"#0","tintindex":0},"down":{"uv":[8.0,0.0,7.9375,0.5],"rotation":0,"texture":"#0","tintindex":0}}},{"from":[9.142858,15.047617,0.0],"to":[10.285714,16.761904,6.857143],"rotation":{"angle":0.0,"axis":"y","origin":[5.142857,15.047617,-2.285715]},"faces":{"east":{"uv":[2.3125,8.40625,2.6875,8.5],"rotation":0,"texture":"#0","tintindex":0},"south":{"uv":[3.125,8.40625,3.1875,8.5],"rotation":0,"texture":"#0","tintindex":0},"north":{"uv":[2.6875,8.40625,2.75,8.5],"rotation":0,"texture":"#0","tintindex":0},"west":{"uv":[2.75,8.40625,3.125,8.5],"rotation":0,"texture":"#0","tintindex":0},"up":{"uv":[2.75,8.40625,2.6875,8.03125],"rotation":0,"texture":"#0","tintindex":0},"down":{"uv":[2.8125,8.03125,2.75,8.40625],"rotation":0,"texture":"#0","tintindex":0}}},{"from":[9.142858,16.761904,2.8571424],"to":[10.285714,17.90476,6.857143],"rotation":{"angle":0.0,"axis":"y","origin":[5.142857,16.761904,-2.285715]},"faces":{"east":{"uv":[8.5,0.75,8.71875,0.8125],"rotation":0,"texture":"#0","tintindex":0},"south":{"uv":[9.0,0.75,9.0625,0.8125],"rotation":0,"texture":"#0","tintindex":0},"north":{"uv":[8.71875,0.75,8.78125,0.8125],"rotation":0,"texture":"#0","tintindex":0},"west":{"uv":[8.78125,0.75,9.0,0.8125],"rotation":0,"texture":"#0","tintindex":0},"up":{"uv":[8.78125,0.75,8.71875,0.53125],"rotation":0,"texture":"#0","tintindex":0},"down":{"uv":[8.84375,0.53125,8.78125,0.75],"rotation":0,"texture":"#0","tintindex":0}}},{"from":[9.142858,17.90476,4.5714283],"to":[10.285714,19.619045,6.857143],"rotation":{"angle":0.0,"axis":"y","origin":[5.142857,17.90476,-0.57142925]},"faces":{"east":{"uv":[6.625,1.53125,6.75,1.625],"rotation":0,"texture":"#0","tintindex":0},"south":{"uv":[6.9375,1.53125,7.0,1.625],"rotation":0,"texture":"#0","tintindex":0},"north":{"uv":[6.75,1.53125,6.8125,1.625],"rotation":0,"texture":"#0","tintindex":0},"west":{"uv":[6.8125,1.53125,6.9375,1.625],"rotation":0,"texture":"#0","tintindex":0},"up":{"uv":[6.8125,1.53125,6.75,1.40625],"rotation":0,"texture":"#0","tintindex":0},"down":{"uv":[6.875,1.40625,6.8125,1.53125],"rotation":0,"texture":"#0","tintindex":0}}}],"display":{"head":{"translation":[0.0,-6.4,0.0],"scale":[4.0,4.0,4.0]}}}