{"textures":{"0":"modelengine:entity/quakefish"},"elements":[{"from":[2.2857141,9.028571,-0.8571434],"to":[13.714286,11.314286,7.714286],"rotation":{"angle":0.0,"axis":"y","origin":[8.0,9.028571,-2.5714293]},"faces":{"east":{"uv":[6.125,5.15625,6.59375,5.28125],"rotation":0,"texture":"#0","tintindex":0},"south":{"uv":[7.6875,5.15625,8.3125,5.28125],"rotation":0,"texture":"#0","tintindex":0},"north":{"uv":[6.59375,5.15625,7.21875,5.28125],"rotation":0,"texture":"#0","tintindex":0},"west":{"uv":[7.21875,5.15625,7.6875,5.28125],"rotation":0,"texture":"#0","tintindex":0},"up":{"uv":[7.21875,5.15625,6.59375,4.6875],"rotation":0,"texture":"#0","tintindex":0},"down":{"uv":[7.84375,4.6875,7.21875,5.15625],"rotation":0,"texture":"#0","tintindex":0}}},{"from":[0.5714283,6.742857,0.28571415],"to":[2.2857141,9.028571,7.714286],"rotation":{"angle":0.0,"axis":"y","origin":[-3.4285717,6.742857,-2.5714293]},"faces":{"east":{"uv":[7.5625,8.15625,7.96875,8.28125],"rotation":0,"texture":"#0","tintindex":0},"south":{"uv":[8.46875,8.15625,8.5625,8.28125],"rotation":0,"texture":"#0","tintindex":0},"north":{"uv":[7.96875,8.15625,8.0625,8.28125],"rotation":0,"texture":"#0","tintindex":0},"west":{"uv":[8.0625,8.15625,8.46875,8.28125],"rotation":0,"texture":"#0","tintindex":0},"up":{"uv":[8.0625,8.15625,7.96875,7.75],"rotation":0,"texture":"#0","tintindex":0},"down":{"uv":[8.15625,7.75,8.0625,8.15625],"rotation":0,"texture":"#0","tintindex":0}}},{"from":[-1.1428576,6.1714287,3.7142854],"to":[0.5714283,7.885714,7.714286],"rotation":{"angle":0.0,"axis":"y","origin":[-5.1428576,5.6,-2.5714293]},"faces":{"east":{"uv":[8.3125,5.1875,8.53125,5.28125],"rotation":0,"texture":"#0","tintindex":0},"south":{"uv":[8.84375,5.1875,8.9375,5.28125],"rotation":0,"texture":"#0","tintindex":0},"north":{"uv":[8.53125,5.1875,8.625,5.28125],"rotation":0,"texture":"#0","tintindex":0},"west":{"uv":[8.625,5.1875,8.84375,5.28125],"rotation":0,"texture":"#0","tintindex":0},"up":{"uv":[8.625,5.1875,8.53125,4.96875],"rotation":0,"texture":"#0","tintindex":0},"down":{"uv":[8.71875,4.96875,8.625,5.1875],"rotation":0,"texture":"#0","tintindex":0}}},{"from":[13.714286,6.742857,0.28571415],"to":[15.428572,9.028571,7.714286],"rotation":{"angle":0.0,"axis":"y","origin":[19.428572,6.742857,-2.5714293]},"faces":{"east":{"uv":[1.3125,8.1875,1.71875,8.3125],"rotation":0,"texture":"#0","tintindex":0},"south":{"uv":[2.21875,8.1875,2.3125,8.3125],"rotation":0,"texture":"#0","tintindex":0},"north":{"uv":[1.71875,8.1875,1.8125,8.3125],"rotation":0,"texture":"#0","tintindex":0},"west":{"uv":[1.8125,8.1875,2.21875,8.3125],"rotation":0,"texture":"#0","tintindex":0},"up":{"uv":[1.8125,8.1875,1.71875,7.78125],"rotation":0,"texture":"#0","tintindex":0},"down":{"uv":[1.90625,7.78125,1.8125,8.1875],"rotation":0,"texture":"#0","tintindex":0}}},{"from":[15.428572,6.1714287,3.7142854],"to":[17.142857,7.885714,7.714286],"rotation":{"angle":0.0,"axis":"y","origin":[21.142857,5.6,-2.5714293]},"faces":{"east":{"uv":[8.375,1.75,8.59375,1.84375],"rotation":0,"texture":"#0","tintindex":0},"south":{"uv":[8.90625,1.75,9.0,1.84375],"rotation":0,"texture":"#0","tintindex":0},"north":{"uv":[8.59375,1.75,8.6875,1.84375],"rotation":0,"texture":"#0","tintindex":0},"west":{"uv":[8.6875,1.75,8.90625,1.84375],"rotation":0,"texture":"#0","tintindex":0},"up":{"uv":[8.6875,1.75,8.59375,1.53125],"rotation":0,"texture":"#0","tintindex":0},"down":{"uv":[8.78125,1.53125,8.6875,1.75],"rotation":0,"texture":"#0","tintindex":0}}}],"display":{"head":{"translation":[0.0,-6.4,0.0],"scale":[4.0,4.0,4.0]}}}