{"textures":{"0":"modelengine:entity/quakefish"},"elements":[{"from":[-1.7142859,5.285714,4.047617],"to":[17.714287,7.0,7.4761887],"rotation":{"angle":0.0,"axis":"y","origin":[8.0,5.285714,-2.8095264]},"faces":{"east":{"uv":[6.125,4.59375,6.3125,4.6875],"rotation":0,"texture":"#0","tintindex":0},"south":{"uv":[7.5625,4.59375,8.625,4.6875],"rotation":0,"texture":"#0","tintindex":0},"north":{"uv":[6.3125,4.59375,7.375,4.6875],"rotation":0,"texture":"#0","tintindex":0},"west":{"uv":[7.375,4.59375,7.5625,4.6875],"rotation":0,"texture":"#0","tintindex":0},"up":{"uv":[7.375,4.59375,6.3125,4.40625],"rotation":0,"texture":"#0","tintindex":0},"down":{"uv":[8.4375,4.40625,7.375,4.59375],"rotation":0,"texture":"#0","tintindex":0}}},{"from":[-0.57142925,5.285714,0.61904526],"to":[16.57143,7.0,4.047617],"rotation":{"angle":0.0,"axis":"y","origin":[8.0,5.285714,-6.238098]},"faces":{"east":{"uv":[1.6875,6.96875,1.875,7.0625],"rotation":0,"texture":"#0","tintindex":0},"south":{"uv":[3.0,6.96875,3.9375,7.0625],"rotation":0,"texture":"#0","tintindex":0},"north":{"uv":[1.875,6.96875,2.8125,7.0625],"rotation":0,"texture":"#0","tintindex":0},"west":{"uv":[2.8125,6.96875,3.0,7.0625],"rotation":0,"texture":"#0","tintindex":0},"up":{"uv":[2.8125,6.96875,1.875,6.78125],"rotation":0,"texture":"#0","tintindex":0},"down":{"uv":[3.75,6.78125,2.8125,6.96875],"rotation":0,"texture":"#0","tintindex":0}}},{"from":[2.8571424,7.0,-1.6666689],"to":[13.142858,9.285714,0.61904526],"rotation":{"angle":0.0,"axis":"y","origin":[8.0,7.0,-9.66667]},"faces":{"east":{"uv":[7.25,2.25,7.375,2.375],"rotation":0,"texture":"#0","tintindex":0},"south":{"uv":[8.0625,2.25,8.625,2.375],"rotation":0,"texture":"#0","tintindex":0},"north":{"uv":[7.375,2.25,7.9375,2.375],"rotation":0,"texture":"#0","tintindex":0},"west":{"uv":[7.9375,2.25,8.0625,2.375],"rotation":0,"texture":"#0","tintindex":0},"up":{"uv":[7.9375,2.25,7.375,2.125],"rotation":0,"texture":"#0","tintindex":0},"down":{"uv":[8.5,2.125,7.9375,2.25],"rotation":0,"texture":"#0","tintindex":0}}},{"from":[10.571428,7.5714283,-2.8095264],"to":[11.714286,11.571428,-1.6666689],"rotation":{"angle":-45.0,"axis":"x","origin":[11.142858,8.714286,-2.2380972]},"faces":{"east":{"uv":[7.5,2.25,7.4375,2.46875],"rotation":0,"texture":"#0","tintindex":0},"south":{"uv":[7.5625,2.25,7.5,2.46875],"rotation":0,"texture":"#0","tintindex":0},"north":{"uv":[7.4375,2.25,7.375,2.46875],"rotation":0,"texture":"#0","tintindex":0},"west":{"uv":[7.375,2.25,7.3125,2.46875],"rotation":0,"texture":"#0","tintindex":0},"up":{"uv":[7.375,2.25,7.4375,2.1875],"rotation":0,"texture":"#0","tintindex":0},"down":{"uv":[7.4375,2.1875,7.5,2.25],"rotation":0,"texture":"#0","tintindex":0}}},{"from":[10.571428,10.915989,-5.668275],"to":[11.714286,14.344561,-4.5254173],"rotation":{"angle":-22.5,"axis":"x","origin":[11.142858,12.915989,-3.3825598]},"faces":{"east":{"uv":[7.5,2.25,7.4375,2.4375],"rotation":0,"texture":"#0","tintindex":0},"south":{"uv":[7.5625,2.25,7.5,2.4375],"rotation":0,"texture":"#0","tintindex":0},"north":{"uv":[7.4375,2.25,7.375,2.4375],"rotation":0,"texture":"#0","tintindex":0},"west":{"uv":[7.375,2.25,7.3125,2.4375],"rotation":0,"texture":"#0","tintindex":0},"up":{"uv":[7.375,2.25,7.4375,2.1875],"rotation":0,"texture":"#0","tintindex":0},"down":{"uv":[7.4375,2.1875,7.5,2.25],"rotation":0,"texture":"#0","tintindex":0}}},{"from":[4.285714,7.5714283,-2.8095264],"to":[5.428571,11.571428,-1.6666689],"rotation":{"angle":-45.0,"axis":"x","origin":[4.8571424,8.714286,-2.2380972]},"faces":{"east":{"uv":[7.3125,2.25,7.375,2.46875],"rotation":0,"texture":"#0","tintindex":0},"south":{"uv":[7.5,2.25,7.5625,2.46875],"rotation":0,"texture":"#0","tintindex":0},"north":{"uv":[7.375,2.25,7.4375,2.46875],"rotation":0,"texture":"#0","tintindex":0},"west":{"uv":[7.4375,2.25,7.5,2.46875],"rotation":0,"texture":"#0","tintindex":0},"up":{"uv":[7.4375,2.25,7.375,2.1875],"rotation":0,"texture":"#0","tintindex":0},"down":{"uv":[7.5,2.1875,7.4375,2.25],"rotation":0,"texture":"#0","tintindex":0}}},{"from":[4.285714,10.915989,-5.668275],"to":[5.428571,14.344561,-4.5254173],"rotation":{"angle":-22.5,"axis":"x","origin":[4.8571424,12.915989,-3.3825598]},"faces":{"east":{"uv":[7.3125,2.25,7.375,2.4375],"rotation":0,"texture":"#0","tintindex":0},"south":{"uv":[7.5,2.25,7.5625,2.4375],"rotation":0,"texture":"#0","tintindex":0},"north":{"uv":[7.375,2.25,7.4375,2.4375],"rotation":0,"texture":"#0","tintindex":0},"west":{"uv":[7.4375,2.25,7.5,2.4375],"rotation":0,"texture":"#0","tintindex":0},"up":{"uv":[7.4375,2.25,7.375,2.1875],"rotation":0,"texture":"#0","tintindex":0},"down":{"uv":[7.5,2.1875,7.4375,2.25],"rotation":0,"texture":"#0","tintindex":0}}},{"from":[4.0,8.142858,-3.952383],"to":[12.0,9.857143,-1.6666689],"rotation":{"angle":0.0,"axis":"y","origin":[8.0,9.0,-2.8095264]},"faces":{"east":{"uv":[7.875,6.28125,8.0,6.375],"rotation":0,"texture":"#0","tintindex":0},"south":{"uv":[8.5625,6.28125,9.0,6.375],"rotation":0,"texture":"#0","tintindex":0},"north":{"uv":[8.0,6.28125,8.4375,6.375],"rotation":0,"texture":"#0","tintindex":0},"west":{"uv":[8.4375,6.28125,8.5625,6.375],"rotation":0,"texture":"#0","tintindex":0},"up":{"uv":[8.4375,6.28125,8.0,6.15625],"rotation":0,"texture":"#0","tintindex":0},"down":{"uv":[8.875,6.15625,8.4375,6.28125],"rotation":0,"texture":"#0","tintindex":0}}},{"from":[-2.285715,7.0,4.047617],"to":[0.0,8.714286,7.4761887],"rotation":{"angle":0.0,"axis":"y","origin":[-6.285715,5.285714,-2.8095264]},"faces":{"east":{"uv":[8.375,2.03125,8.5625,2.125],"rotation":0,"texture":"#0","tintindex":0},"south":{"uv":[8.875,2.03125,9.0,2.125],"rotation":0,"texture":"#0","tintindex":0},"north":{"uv":[8.5625,2.03125,8.6875,2.125],"rotation":0,"texture":"#0","tintindex":0},"west":{"uv":[8.6875,2.03125,8.875,2.125],"rotation":0,"texture":"#0","tintindex":0},"up":{"uv":[8.6875,2.03125,8.5625,1.84375],"rotation":0,"texture":"#0","tintindex":0},"down":{"uv":[8.8125,1.84375,8.6875,2.03125],"rotation":0,"texture":"#0","tintindex":0}}},{"from":[13.142858,7.0,-0.52381134],"to":[14.857143,9.0,0.61904526],"rotation":{"angle":0.0,"axis":"y","origin":[18.857143,5.285714,-7.3809547]},"faces":{"east":{"uv":[5.59375,7.40625,5.53125,7.5],"rotation":0,"texture":"#0","tintindex":0},"south":{"uv":[5.6875,7.40625,5.59375,7.5],"rotation":0,"texture":"#0","tintindex":0},"north":{"uv":[5.53125,7.40625,5.4375,7.5],"rotation":0,"texture":"#0","tintindex":0},"west":{"uv":[5.4375,7.40625,5.375,7.5],"rotation":0,"texture":"#0","tintindex":0},"up":{"uv":[5.4375,7.40625,5.53125,7.34375],"rotation":0,"texture":"#0","tintindex":0},"down":{"uv":[5.53125,7.34375,5.625,7.40625],"rotation":0,"texture":"#0","tintindex":0}}},{"from":[-1.1428576,7.0,0.61904526],"to":[1.1428566,8.142858,4.047617],"rotation":{"angle":0.0,"axis":"y","origin":[-5.1428576,5.285714,-6.238098]},"faces":{"east":{"uv":[2.3125,7.96875,2.5,8.03125],"rotation":0,"texture":"#0","tintindex":0},"south":{"uv":[2.8125,7.96875,2.9375,8.03125],"rotation":0,"texture":"#0","tintindex":0},"north":{"uv":[2.5,7.96875,2.625,8.03125],"rotation":0,"texture":"#0","tintindex":0},"west":{"uv":[2.625,7.96875,2.8125,8.03125],"rotation":0,"texture":"#0","tintindex":0},"up":{"uv":[2.625,7.96875,2.5,7.78125],"rotation":0,"texture":"#0","tintindex":0},"down":{"uv":[2.75,7.78125,2.625,7.96875],"rotation":0,"texture":"#0","tintindex":0}}},{"from":[16.0,7.0,4.047617],"to":[18.285715,8.714286,7.4761887],"rotation":{"angle":0.0,"axis":"y","origin":[22.285715,5.285714,-2.8095264]},"faces":{"east":{"uv":[3.1875,8.65625,3.375,8.75],"rotation":0,"texture":"#0","tintindex":0},"south":{"uv":[3.6875,8.65625,3.8125,8.75],"rotation":0,"texture":"#0","tintindex":0},"north":{"uv":[3.375,8.65625,3.5,8.75],"rotation":0,"texture":"#0","tintindex":0},"west":{"uv":[3.5,8.65625,3.6875,8.75],"rotation":0,"texture":"#0","tintindex":0},"up":{"uv":[3.5,8.65625,3.375,8.46875],"rotation":0,"texture":"#0","tintindex":0},"down":{"uv":[3.625,8.46875,3.5,8.65625],"rotation":0,"texture":"#0","tintindex":0}}},{"from":[1.1428566,7.0,-0.52381134],"to":[2.8571424,9.0,0.61904526],"rotation":{"angle":0.0,"axis":"y","origin":[-2.8571434,5.285714,-7.3809547]},"faces":{"east":{"uv":[5.375,7.40625,5.4375,7.5],"rotation":0,"texture":"#0","tintindex":0},"south":{"uv":[5.59375,7.40625,5.6875,7.5],"rotation":0,"texture":"#0","tintindex":0},"north":{"uv":[5.4375,7.40625,5.53125,7.5],"rotation":0,"texture":"#0","tintindex":0},"west":{"uv":[5.53125,7.40625,5.59375,7.5],"rotation":0,"texture":"#0","tintindex":0},"up":{"uv":[5.53125,7.40625,5.4375,7.34375],"rotation":0,"texture":"#0","tintindex":0},"down":{"uv":[5.625,7.34375,5.53125,7.40625],"rotation":0,"texture":"#0","tintindex":0}}},{"from":[14.857143,7.0,0.61904526],"to":[17.142857,8.142858,4.047617],"rotation":{"angle":0.0,"axis":"y","origin":[21.142857,5.285714,-6.238098]},"faces":{"east":{"uv":[8.5,0.1875,8.6875,0.25],"rotation":0,"texture":"#0","tintindex":0},"south":{"uv":[9.0,0.1875,9.125,0.25],"rotation":0,"texture":"#0","tintindex":0},"north":{"uv":[8.6875,0.1875,8.8125,0.25],"rotation":0,"texture":"#0","tintindex":0},"west":{"uv":[8.8125,0.1875,9.0,0.25],"rotation":0,"texture":"#0","tintindex":0},"up":{"uv":[8.8125,0.1875,8.6875,0.0],"rotation":0,"texture":"#0","tintindex":0},"down":{"uv":[8.9375,0.0,8.8125,0.1875],"rotation":0,"texture":"#0","tintindex":0}}},{"from":[-2.285715,8.714286,5.761903],"to":[-0.57142925,10.428572,7.4761887],"rotation":{"angle":0.0,"axis":"y","origin":[-6.285715,8.142858,-2.8095264]},"faces":{"east":{"uv":[7.625,2.46875,7.71875,2.5625],"rotation":0,"texture":"#0","tintindex":0},"south":{"uv":[7.90625,2.46875,8.0,2.5625],"rotation":0,"texture":"#0","tintindex":0},"north":{"uv":[7.71875,2.46875,7.8125,2.5625],"rotation":0,"texture":"#0","tintindex":0},"west":{"uv":[7.8125,2.46875,7.90625,2.5625],"rotation":0,"texture":"#0","tintindex":0},"up":{"uv":[7.8125,2.46875,7.71875,2.375],"rotation":0,"texture":"#0","tintindex":0},"down":{"uv":[7.90625,2.375,7.8125,2.46875],"rotation":0,"texture":"#0","tintindex":0}}},{"from":[16.57143,8.714286,5.761903],"to":[18.285715,10.428572,7.4761887],"rotation":{"angle":0.0,"axis":"y","origin":[22.285715,8.142858,-2.8095264]},"faces":{"east":{"uv":[7.25,2.46875,7.34375,2.5625],"rotation":0,"texture":"#0","tintindex":0},"south":{"uv":[7.53125,2.46875,7.625,2.5625],"rotation":0,"texture":"#0","tintindex":0},"north":{"uv":[7.34375,2.46875,7.4375,2.5625],"rotation":0,"texture":"#0","tintindex":0},"west":{"uv":[7.4375,2.46875,7.53125,2.5625],"rotation":0,"texture":"#0","tintindex":0},"up":{"uv":[7.4375,2.46875,7.34375,2.375],"rotation":0,"texture":"#0","tintindex":0},"down":{"uv":[7.53125,2.375,7.4375,2.46875],"rotation":0,"texture":"#0","tintindex":0}}}],"display":{"head":{"translation":[0.0,-6.4,0.0],"scale":[4.0,4.0,4.0]}}}