{"textures":{"0":"modelengine:entity/quakefish"},"elements":[{"from":[3.4285712,6.857143,5.142857],"to":[12.571428,9.142858,8.571428],"rotation":{"angle":-45.0,"axis":"y","origin":[6.285714,8.285714,6.857143]},"faces":{"east":{"uv":[7.1875,4.28125,7.375,4.40625],"rotation":0,"texture":"#0","tintindex":0},"south":{"uv":[8.0625,4.28125,8.5625,4.40625],"rotation":0,"texture":"#0","tintindex":0},"north":{"uv":[7.375,4.28125,7.875,4.40625],"rotation":0,"texture":"#0","tintindex":0},"west":{"uv":[7.875,4.28125,8.0625,4.40625],"rotation":0,"texture":"#0","tintindex":0},"up":{"uv":[7.875,4.28125,7.375,4.09375],"rotation":0,"texture":"#0","tintindex":0},"down":{"uv":[8.375,4.09375,7.875,4.28125],"rotation":0,"texture":"#0","tintindex":0}}},{"from":[-6.285715,6.285714,4.5714283],"to":[3.4285712,9.714286,9.142858],"rotation":{"angle":-45.0,"axis":"y","origin":[6.285714,8.285714,6.857143]},"faces":{"east":{"uv":[7.1875,3.90625,7.4375,4.09375],"rotation":0,"texture":"#0","tintindex":0},"south":{"uv":[8.21875,3.90625,8.75,4.09375],"rotation":0,"texture":"#0","tintindex":0},"north":{"uv":[7.4375,3.90625,7.96875,4.09375],"rotation":0,"texture":"#0","tintindex":0},"west":{"uv":[7.96875,3.90625,8.21875,4.09375],"rotation":0,"texture":"#0","tintindex":0},"up":{"uv":[7.96875,3.90625,7.4375,3.65625],"rotation":0,"texture":"#0","tintindex":0},"down":{"uv":[8.5,3.65625,7.96875,3.90625],"rotation":0,"texture":"#0","tintindex":0}}}],"display":{"head":{"translation":[0.0,-6.4,0.0],"scale":[4.0,4.0,4.0]}}}