{"textures":{"0":"modelengine:entity/quakefish"},"elements":[{"from":[5.142857,5.714286,-4.000001],"to":[10.857143,10.285714,8.571428],"rotation":{"angle":0.0,"axis":"y","origin":[8.0,8.0,2.2857141]},"faces":{"east":{"uv":[0.0,6.0,0.6875,6.25],"rotation":0,"texture":"#0","tintindex":0},"south":{"uv":[1.6875,6.0,2.0,6.25],"rotation":0,"texture":"#0","tintindex":0},"north":{"uv":[0.6875,6.0,1.0,6.25],"rotation":0,"texture":"#0","tintindex":0},"west":{"uv":[1.0,6.0,1.6875,6.25],"rotation":0,"texture":"#0","tintindex":0},"up":{"uv":[1.0,6.0,0.6875,5.3125],"rotation":0,"texture":"#0","tintindex":0},"down":{"uv":[1.3125,5.3125,1.0,6.0],"rotation":0,"texture":"#0","tintindex":0}}}],"display":{"head":{"translation":[0.0,-6.4,0.0],"scale":[4.0,4.0,4.0]}}}