{"textures":{"0":"modelengine:entity/quakefish"},"elements":[{"from":[6.857143,8.0,3.4285712],"to":[9.142858,8.571428,8.0],"rotation":{"angle":0.0,"axis":"y","origin":[8.0,8.0,7.428571]},"faces":{"east":{"uv":[8.25,7.65625,8.5,7.6875],"rotation":0,"texture":"#0","tintindex":0},"south":{"uv":[8.875,7.65625,9.0,7.6875],"rotation":0,"texture":"#0","tintindex":0},"north":{"uv":[8.5,7.65625,8.625,7.6875],"rotation":0,"texture":"#0","tintindex":0},"west":{"uv":[8.625,7.65625,8.875,7.6875],"rotation":0,"texture":"#0","tintindex":0},"up":{"uv":[8.625,7.65625,8.5,7.40625],"rotation":0,"texture":"#0","tintindex":0},"down":{"uv":[8.75,7.40625,8.625,7.65625],"rotation":0,"texture":"#0","tintindex":0}}},{"from":[7.428571,8.0,0.5714283],"to":[8.571428,8.571428,4.0],"rotation":{"angle":-45.0,"axis":"x","origin":[8.0,8.285714,3.4285712]},"faces":{"east":{"uv":[4.375,1.59375,4.5625,1.625],"rotation":0,"texture":"#0","tintindex":0},"south":{"uv":[4.8125,1.59375,4.875,1.625],"rotation":0,"texture":"#0","tintindex":0},"north":{"uv":[4.5625,1.59375,4.625,1.625],"rotation":0,"texture":"#0","tintindex":0},"west":{"uv":[4.625,1.59375,4.8125,1.625],"rotation":0,"texture":"#0","tintindex":0},"up":{"uv":[4.625,1.59375,4.5625,1.40625],"rotation":0,"texture":"#0","tintindex":0},"down":{"uv":[4.6875,1.40625,4.625,1.59375],"rotation":0,"texture":"#0","tintindex":0}}}],"display":{"head":{"translation":[0.0,-6.4,0.0],"scale":[4.0,4.0,4.0]}}}