{"textures":{"0":"modelengine:entity/quakefish"},"elements":[{"from":[6.857143,8.0,6.285714],"to":[9.142858,8.571428,10.857143],"rotation":{"angle":0.0,"axis":"y","origin":[8.0,8.0,10.285714]},"faces":{"east":{"uv":[2.75,4.34375,3.0,4.375],"rotation":0,"texture":"#0","tintindex":0},"south":{"uv":[3.375,4.34375,3.5,4.375],"rotation":0,"texture":"#0","tintindex":0},"north":{"uv":[3.0,4.34375,3.125,4.375],"rotation":0,"texture":"#0","tintindex":0},"west":{"uv":[3.125,4.34375,3.375,4.375],"rotation":0,"texture":"#0","tintindex":0},"up":{"uv":[3.125,4.34375,3.0,4.09375],"rotation":0,"texture":"#0","tintindex":0},"down":{"uv":[3.25,4.09375,3.125,4.34375],"rotation":0,"texture":"#0","tintindex":0}}}],"display":{"head":{"translation":[0.0,-6.4,0.0],"scale":[4.0,4.0,4.0]}}}