{"textures":{"0":"modelengine:entity/quakefish"},"elements":[{"from":[6.857143,8.0,6.285714],"to":[9.142858,8.571428,10.857143],"rotation":{"angle":0.0,"axis":"y","origin":[8.0,8.0,10.285714]},"faces":{"east":{"uv":[4.0625,8.5625,4.3125,8.59375],"rotation":0,"texture":"#0","tintindex":0},"south":{"uv":[4.6875,8.5625,4.8125,8.59375],"rotation":0,"texture":"#0","tintindex":0},"north":{"uv":[4.3125,8.5625,4.4375,8.59375],"rotation":0,"texture":"#0","tintindex":0},"west":{"uv":[4.4375,8.5625,4.6875,8.59375],"rotation":0,"texture":"#0","tintindex":0},"up":{"uv":[4.4375,8.5625,4.3125,8.3125],"rotation":0,"texture":"#0","tintindex":0},"down":{"uv":[4.5625,8.3125,4.4375,8.5625],"rotation":0,"texture":"#0","tintindex":0}}}],"display":{"head":{"translation":[0.0,-6.4,0.0],"scale":[4.0,4.0,4.0]}}}