{"textures":{"0":"modelengine:entity/quakefish"},"elements":[{"from":[4.0,5.714286,-2.285715],"to":[12.0,10.857143,8.0],"rotation":{"angle":0.0,"axis":"y","origin":[8.0,8.0,8.0]},"faces":{"east":{"uv":[2.0,6.5,2.5625,6.78125],"rotation":0,"texture":"#0","tintindex":0},"south":{"uv":[3.5625,6.5,4.0,6.78125],"rotation":0,"texture":"#0","tintindex":0},"north":{"uv":[2.5625,6.5,3.0,6.78125],"rotation":0,"texture":"#0","tintindex":0},"west":{"uv":[3.0,6.5,3.5625,6.78125],"rotation":0,"texture":"#0","tintindex":0},"up":{"uv":[3.0,6.5,2.5625,5.9375],"rotation":0,"texture":"#0","tintindex":0},"down":{"uv":[3.4375,5.9375,3.0,6.5],"rotation":0,"texture":"#0","tintindex":0}}},{"from":[4.285714,5.714286,8.0],"to":[11.714286,10.857143,9.714286],"rotation":{"angle":0.0,"axis":"y","origin":[8.0,8.0,8.0]},"faces":{"east":{"uv":[4.3125,8.03125,4.40625,8.3125],"rotation":0,"texture":"#0","tintindex":0},"south":{"uv":[4.90625,8.03125,5.3125,8.3125],"rotation":0,"texture":"#0","tintindex":0},"north":{"uv":[4.40625,8.03125,4.8125,8.3125],"rotation":0,"texture":"#0","tintindex":0},"west":{"uv":[4.8125,8.03125,4.90625,8.3125],"rotation":0,"texture":"#0","tintindex":0},"up":{"uv":[4.8125,8.03125,4.40625,7.9375],"rotation":0,"texture":"#0","tintindex":0},"down":{"uv":[5.21875,7.9375,4.8125,8.03125],"rotation":0,"texture":"#0","tintindex":0}}},{"from":[3.4285712,5.714286,-1.7142859],"to":[4.0,10.285714,7.428571],"rotation":{"angle":0.0,"axis":"y","origin":[8.0,8.0,8.0]},"faces":{"east":{"uv":[4.3125,7.6875,4.8125,7.9375],"rotation":0,"texture":"#0","tintindex":0},"south":{"uv":[5.34375,7.6875,5.375,7.9375],"rotation":0,"texture":"#0","tintindex":0},"north":{"uv":[4.8125,7.6875,4.84375,7.9375],"rotation":0,"texture":"#0","tintindex":0},"west":{"uv":[4.84375,7.6875,5.34375,7.9375],"rotation":0,"texture":"#0","tintindex":0},"up":{"uv":[4.84375,7.6875,4.8125,7.1875],"rotation":0,"texture":"#0","tintindex":0},"down":{"uv":[4.875,7.1875,4.84375,7.6875],"rotation":0,"texture":"#0","tintindex":0}}},{"from":[12.0,5.714286,-1.7142859],"to":[12.571428,10.285714,7.428571],"rotation":{"angle":0.0,"axis":"y","origin":[8.0,8.0,8.0]},"faces":{"east":{"uv":[7.1875,7.5,7.6875,7.75],"rotation":0,"texture":"#0","tintindex":0},"south":{"uv":[8.21875,7.5,8.25,7.75],"rotation":0,"texture":"#0","tintindex":0},"north":{"uv":[7.6875,7.5,7.71875,7.75],"rotation":0,"texture":"#0","tintindex":0},"west":{"uv":[7.71875,7.5,8.21875,7.75],"rotation":0,"texture":"#0","tintindex":0},"up":{"uv":[7.71875,7.5,7.6875,7.0],"rotation":0,"texture":"#0","tintindex":0},"down":{"uv":[7.75,7.0,7.71875,7.5],"rotation":0,"texture":"#0","tintindex":0}}},{"from":[4.5714283,10.857143,-1.7142859],"to":[11.428572,11.428572,8.0],"rotation":{"angle":0.0,"axis":"y","origin":[8.0,8.0,8.0]},"faces":{"east":{"uv":[7.0,3.125,7.53125,3.15625],"rotation":0,"texture":"#0","tintindex":0},"south":{"uv":[8.4375,3.125,8.8125,3.15625],"rotation":0,"texture":"#0","tintindex":0},"north":{"uv":[7.53125,3.125,7.90625,3.15625],"rotation":0,"texture":"#0","tintindex":0},"west":{"uv":[7.90625,3.125,8.4375,3.15625],"rotation":0,"texture":"#0","tintindex":0},"up":{"uv":[7.90625,3.125,7.53125,2.59375],"rotation":0,"texture":"#0","tintindex":0},"down":{"uv":[8.28125,2.59375,7.90625,3.125],"rotation":0,"texture":"#0","tintindex":0}}}],"display":{"head":{"translation":[0.0,-6.4,0.0],"scale":[4.0,4.0,4.0]}}}