{"textures":{"0":"modelengine:entity/quakefish"},"elements":[{"from":[6.857143,8.0,3.4285712],"to":[9.142858,8.571428,8.0],"rotation":{"angle":0.0,"axis":"y","origin":[8.0,8.0,7.428571]},"faces":{"east":{"uv":[8.3125,4.9375,8.5625,4.96875],"rotation":0,"texture":"#0","tintindex":0},"south":{"uv":[8.9375,4.9375,9.0625,4.96875],"rotation":0,"texture":"#0","tintindex":0},"north":{"uv":[8.5625,4.9375,8.6875,4.96875],"rotation":0,"texture":"#0","tintindex":0},"west":{"uv":[8.6875,4.9375,8.9375,4.96875],"rotation":0,"texture":"#0","tintindex":0},"up":{"uv":[8.6875,4.9375,8.5625,4.6875],"rotation":0,"texture":"#0","tintindex":0},"down":{"uv":[8.8125,4.6875,8.6875,4.9375],"rotation":0,"texture":"#0","tintindex":0}}},{"from":[7.428571,8.0,0.5714283],"to":[8.571428,8.571428,4.0],"rotation":{"angle":45.0,"axis":"x","origin":[8.0,8.285714,3.4285712]},"faces":{"east":{"uv":[4.875,1.59375,5.0625,1.625],"rotation":0,"texture":"#0","tintindex":0},"south":{"uv":[5.3125,1.59375,5.375,1.625],"rotation":0,"texture":"#0","tintindex":0},"north":{"uv":[5.0625,1.59375,5.125,1.625],"rotation":0,"texture":"#0","tintindex":0},"west":{"uv":[5.125,1.59375,5.3125,1.625],"rotation":0,"texture":"#0","tintindex":0},"up":{"uv":[5.125,1.59375,5.0625,1.40625],"rotation":0,"texture":"#0","tintindex":0},"down":{"uv":[5.1875,1.40625,5.125,1.59375],"rotation":0,"texture":"#0","tintindex":0}}}],"display":{"head":{"translation":[0.0,-6.4,0.0],"scale":[4.0,4.0,4.0]}}}