{"textures":{"0":"modelengine:entity/quakefish"},"elements":[{"from":[-1.7142859,-0.57142925,-1.7142859],"to":[17.714287,8.571428,18.857143],"rotation":{"angle":0.0,"axis":"y","origin":[8.0,-0.57142925,8.571428]},"faces":{"east":{"uv":[0.0,1.125,1.125,1.625],"rotation":0,"texture":"#0","tintindex":0},"south":{"uv":[3.3125,1.125,4.375,1.625],"rotation":0,"texture":"#0","tintindex":0},"north":{"uv":[1.125,1.125,2.1875,1.625],"rotation":0,"texture":"#0","tintindex":0},"west":{"uv":[2.1875,1.125,3.3125,1.625],"rotation":0,"texture":"#0","tintindex":0},"up":{"uv":[2.1875,1.125,1.125,0.0],"rotation":0,"texture":"#0","tintindex":0},"down":{"uv":[3.25,0.0,2.1875,1.125],"rotation":0,"texture":"#0","tintindex":0}}},{"from":[0.0,8.571428,-1.7142859],"to":[16.0,10.285714,17.142857],"rotation":{"angle":0.0,"axis":"y","origin":[8.0,8.571428,-0.57142925]},"faces":{"east":{"uv":[0.0,4.0,1.03125,4.09375],"rotation":0,"texture":"#0","tintindex":0},"south":{"uv":[2.9375,4.0,3.8125,4.09375],"rotation":0,"texture":"#0","tintindex":0},"north":{"uv":[1.03125,4.0,1.90625,4.09375],"rotation":0,"texture":"#0","tintindex":0},"west":{"uv":[1.90625,4.0,2.9375,4.09375],"rotation":0,"texture":"#0","tintindex":0},"up":{"uv":[1.90625,4.0,1.03125,2.96875],"rotation":0,"texture":"#0","tintindex":0},"down":{"uv":[2.78125,2.96875,1.90625,4.0],"rotation":0,"texture":"#0","tintindex":0}}},{"from":[2.8571424,10.285714,-1.7142859],"to":[13.142858,10.857143,17.142857],"rotation":{"angle":0.0,"axis":"y","origin":[8.0,10.285714,-0.57142925]},"faces":{"east":{"uv":[3.8125,3.625,4.84375,3.65625],"rotation":0,"texture":"#0","tintindex":0},"south":{"uv":[6.4375,3.625,7.0,3.65625],"rotation":0,"texture":"#0","tintindex":0},"north":{"uv":[4.84375,3.625,5.40625,3.65625],"rotation":0,"texture":"#0","tintindex":0},"west":{"uv":[5.40625,3.625,6.4375,3.65625],"rotation":0,"texture":"#0","tintindex":0},"up":{"uv":[5.40625,3.625,4.84375,2.59375],"rotation":0,"texture":"#0","tintindex":0},"down":{"uv":[5.96875,2.59375,5.40625,3.625],"rotation":0,"texture":"#0","tintindex":0}}},{"from":[4.0,10.857143,1.7142854],"to":[5.142857,14.857143,12.571428],"rotation":{"angle":0.0,"axis":"y","origin":[9.142858,10.857143,-2.285715]},"faces":{"east":{"uv":[0.0,7.71875,0.59375,7.9375],"rotation":0,"texture":"#0","tintindex":0},"south":{"uv":[1.25,7.71875,1.3125,7.9375],"rotation":0,"texture":"#0","tintindex":0},"north":{"uv":[0.59375,7.71875,0.65625,7.9375],"rotation":0,"texture":"#0","tintindex":0},"west":{"uv":[0.65625,7.71875,1.25,7.9375],"rotation":0,"texture":"#0","tintindex":0},"up":{"uv":[0.65625,7.71875,0.59375,7.125],"rotation":0,"texture":"#0","tintindex":0},"down":{"uv":[0.71875,7.125,0.65625,7.71875],"rotation":0,"texture":"#0","tintindex":0}}},{"from":[4.0,10.857143,0.0],"to":[5.142857,13.142858,1.7142854],"rotation":{"angle":0.0,"axis":"y","origin":[9.142858,10.857143,-13.1428585]},"faces":{"east":{"uv":[1.6875,6.34375,1.78125,6.46875],"rotation":0,"texture":"#0","tintindex":0},"south":{"uv":[1.9375,6.34375,2.0,6.46875],"rotation":0,"texture":"#0","tintindex":0},"north":{"uv":[1.78125,6.34375,1.84375,6.46875],"rotation":0,"texture":"#0","tintindex":0},"west":{"uv":[1.84375,6.34375,1.9375,6.46875],"rotation":0,"texture":"#0","tintindex":0},"up":{"uv":[1.84375,6.34375,1.78125,6.25],"rotation":0,"texture":"#0","tintindex":0},"down":{"uv":[1.90625,6.25,1.84375,6.34375],"rotation":0,"texture":"#0","tintindex":0}}},{"from":[4.0,14.857143,5.142857],"to":[5.142857,16.57143,12.571428],"rotation":{"angle":0.0,"axis":"y","origin":[9.142858,14.857143,-2.285715]},"faces":{"east":{"uv":[7.875,6.875,8.28125,6.96875],"rotation":0,"texture":"#0","tintindex":0},"south":{"uv":[8.75,6.875,8.8125,6.96875],"rotation":0,"texture":"#0","tintindex":0},"north":{"uv":[8.28125,6.875,8.34375,6.96875],"rotation":0,"texture":"#0","tintindex":0},"west":{"uv":[8.34375,6.875,8.75,6.96875],"rotation":0,"texture":"#0","tintindex":0},"up":{"uv":[8.34375,6.875,8.28125,6.46875],"rotation":0,"texture":"#0","tintindex":0},"down":{"uv":[8.40625,6.46875,8.34375,6.875],"rotation":0,"texture":"#0","tintindex":0}}},{"from":[4.0,16.57143,7.428571],"to":[5.142857,18.285715,12.571428],"rotation":{"angle":0.0,"axis":"y","origin":[9.142858,16.57143,-2.285715]},"faces":{"east":{"uv":[7.9375,6.03125,8.21875,6.125],"rotation":0,"texture":"#0","tintindex":0},"south":{"uv":[8.5625,6.03125,8.625,6.125],"rotation":0,"texture":"#0","tintindex":0},"north":{"uv":[8.21875,6.03125,8.28125,6.125],"rotation":0,"texture":"#0","tintindex":0},"west":{"uv":[8.28125,6.03125,8.5625,6.125],"rotation":0,"texture":"#0","tintindex":0},"up":{"uv":[8.28125,6.03125,8.21875,5.75],"rotation":0,"texture":"#0","tintindex":0},"down":{"uv":[8.34375,5.75,8.28125,6.03125],"rotation":0,"texture":"#0","tintindex":0}}},{"from":[4.0,18.285715,10.285714],"to":[5.142857,21.714287,12.571428],"rotation":{"angle":0.0,"axis":"y","origin":[9.142858,18.285715,-2.285715]},"faces":{"east":{"uv":[1.3125,7.25,1.4375,7.4375],"rotation":0,"texture":"#0","tintindex":0},"south":{"uv":[1.625,7.25,1.6875,7.4375],"rotation":0,"texture":"#0","tintindex":0},"north":{"uv":[1.4375,7.25,1.5,7.4375],"rotation":0,"texture":"#0","tintindex":0},"west":{"uv":[1.5,7.25,1.625,7.4375],"rotation":0,"texture":"#0","tintindex":0},"up":{"uv":[1.5,7.25,1.4375,7.125],"rotation":0,"texture":"#0","tintindex":0},"down":{"uv":[1.5625,7.125,1.5,7.25],"rotation":0,"texture":"#0","tintindex":0}}},{"from":[4.0,21.714287,11.428572],"to":[5.142857,23.428572,12.571428],"rotation":{"angle":0.0,"axis":"y","origin":[9.142858,21.714287,-2.285715]},"faces":{"east":{"uv":[0.9375,8.1875,1.0,8.28125],"rotation":0,"texture":"#0","tintindex":0},"south":{"uv":[1.125,8.1875,1.1875,8.28125],"rotation":0,"texture":"#0","tintindex":0},"north":{"uv":[1.0,8.1875,1.0625,8.28125],"rotation":0,"texture":"#0","tintindex":0},"west":{"uv":[1.0625,8.1875,1.125,8.28125],"rotation":0,"texture":"#0","tintindex":0},"up":{"uv":[1.0625,8.1875,1.0,8.125],"rotation":0,"texture":"#0","tintindex":0},"down":{"uv":[1.125,8.125,1.0625,8.1875],"rotation":0,"texture":"#0","tintindex":0}}},{"from":[4.0,18.285715,9.142858],"to":[5.142857,20.0,10.285714],"rotation":{"angle":0.0,"axis":"y","origin":[9.142858,18.285715,-4.5714293]},"faces":{"east":{"uv":[4.8125,8.375,4.875,8.46875],"rotation":0,"texture":"#0","tintindex":0},"south":{"uv":[5.0,8.375,5.0625,8.46875],"rotation":0,"texture":"#0","tintindex":0},"north":{"uv":[4.875,8.375,4.9375,8.46875],"rotation":0,"texture":"#0","tintindex":0},"west":{"uv":[4.9375,8.375,5.0,8.46875],"rotation":0,"texture":"#0","tintindex":0},"up":{"uv":[4.9375,8.375,4.875,8.3125],"rotation":0,"texture":"#0","tintindex":0},"down":{"uv":[5.0,8.3125,4.9375,8.375],"rotation":0,"texture":"#0","tintindex":0}}},{"from":[10.857143,10.857143,1.7142854],"to":[12.0,14.857143,12.571428],"rotation":{"angle":0.0,"axis":"y","origin":[6.857143,10.857143,-2.285715]},"faces":{"east":{"uv":[7.1875,1.3125,7.78125,1.53125],"rotation":0,"texture":"#0","tintindex":0},"south":{"uv":[8.4375,1.3125,8.5,1.53125],"rotation":0,"texture":"#0","tintindex":0},"north":{"uv":[7.78125,1.3125,7.84375,1.53125],"rotation":0,"texture":"#0","tintindex":0},"west":{"uv":[7.84375,1.3125,8.4375,1.53125],"rotation":0,"texture":"#0","tintindex":0},"up":{"uv":[7.84375,1.3125,7.78125,0.71875],"rotation":0,"texture":"#0","tintindex":0},"down":{"uv":[7.90625,0.71875,7.84375,1.3125],"rotation":0,"texture":"#0","tintindex":0}}},{"from":[10.857143,14.857143,5.142857],"to":[12.0,16.57143,12.571428],"rotation":{"angle":0.0,"axis":"y","origin":[6.857143,14.857143,-2.285715]},"faces":{"east":{"uv":[0.0,8.34375,0.40625,8.4375],"rotation":0,"texture":"#0","tintindex":0},"south":{"uv":[0.875,8.34375,0.9375,8.4375],"rotation":0,"texture":"#0","tintindex":0},"north":{"uv":[0.40625,8.34375,0.46875,8.4375],"rotation":0,"texture":"#0","tintindex":0},"west":{"uv":[0.46875,8.34375,0.875,8.4375],"rotation":0,"texture":"#0","tintindex":0},"up":{"uv":[0.46875,8.34375,0.40625,7.9375],"rotation":0,"texture":"#0","tintindex":0},"down":{"uv":[0.53125,7.9375,0.46875,8.34375],"rotation":0,"texture":"#0","tintindex":0}}},{"from":[10.857143,16.57143,7.428571],"to":[12.0,18.285715,12.571428],"rotation":{"angle":0.0,"axis":"y","origin":[6.857143,16.57143,-2.285715]},"faces":{"east":{"uv":[1.5625,8.59375,1.84375,8.6875],"rotation":0,"texture":"#0","tintindex":0},"south":{"uv":[2.1875,8.59375,2.25,8.6875],"rotation":0,"texture":"#0","tintindex":0},"north":{"uv":[1.84375,8.59375,1.90625,8.6875],"rotation":0,"texture":"#0","tintindex":0},"west":{"uv":[1.90625,8.59375,2.1875,8.6875],"rotation":0,"texture":"#0","tintindex":0},"up":{"uv":[1.90625,8.59375,1.84375,8.3125],"rotation":0,"texture":"#0","tintindex":0},"down":{"uv":[1.96875,8.3125,1.90625,8.59375],"rotation":0,"texture":"#0","tintindex":0}}},{"from":[10.857143,18.285715,10.285714],"to":[12.0,21.714287,12.571428],"rotation":{"angle":0.0,"axis":"y","origin":[6.857143,18.285715,-2.285715]},"faces":{"east":{"uv":[1.3125,7.5625,1.4375,7.75],"rotation":0,"texture":"#0","tintindex":0},"south":{"uv":[1.625,7.5625,1.6875,7.75],"rotation":0,"texture":"#0","tintindex":0},"north":{"uv":[1.4375,7.5625,1.5,7.75],"rotation":0,"texture":"#0","tintindex":0},"west":{"uv":[1.5,7.5625,1.625,7.75],"rotation":0,"texture":"#0","tintindex":0},"up":{"uv":[1.5,7.5625,1.4375,7.4375],"rotation":0,"texture":"#0","tintindex":0},"down":{"uv":[1.5625,7.4375,1.5,7.5625],"rotation":0,"texture":"#0","tintindex":0}}},{"from":[10.857143,21.714287,11.428572],"to":[12.0,23.428572,12.571428],"rotation":{"angle":0.0,"axis":"y","origin":[6.857143,21.714287,-2.285715]},"faces":{"east":{"uv":[5.0625,8.375,5.125,8.46875],"rotation":0,"texture":"#0","tintindex":0},"south":{"uv":[5.25,8.375,5.3125,8.46875],"rotation":0,"texture":"#0","tintindex":0},"north":{"uv":[5.125,8.375,5.1875,8.46875],"rotation":0,"texture":"#0","tintindex":0},"west":{"uv":[5.1875,8.375,5.25,8.46875],"rotation":0,"texture":"#0","tintindex":0},"up":{"uv":[5.1875,8.375,5.125,8.3125],"rotation":0,"texture":"#0","tintindex":0},"down":{"uv":[5.25,8.3125,5.1875,8.375],"rotation":0,"texture":"#0","tintindex":0}}},{"from":[10.857143,18.285715,9.142858],"to":[12.0,20.0,10.285714],"rotation":{"angle":0.0,"axis":"y","origin":[6.857143,18.285715,-4.5714293]},"faces":{"east":{"uv":[8.375,2.4375,8.4375,2.53125],"rotation":0,"texture":"#0","tintindex":0},"south":{"uv":[8.5625,2.4375,8.625,2.53125],"rotation":0,"texture":"#0","tintindex":0},"north":{"uv":[8.4375,2.4375,8.5,2.53125],"rotation":0,"texture":"#0","tintindex":0},"west":{"uv":[8.5,2.4375,8.5625,2.53125],"rotation":0,"texture":"#0","tintindex":0},"up":{"uv":[8.5,2.4375,8.4375,2.375],"rotation":0,"texture":"#0","tintindex":0},"down":{"uv":[8.5625,2.375,8.5,2.4375],"rotation":0,"texture":"#0","tintindex":0}}},{"from":[10.857143,10.857143,0.0],"to":[12.0,13.142858,1.7142854],"rotation":{"angle":0.0,"axis":"y","origin":[6.857143,10.857143,-13.1428585]},"faces":{"east":{"uv":[1.6875,6.5625,1.78125,6.6875],"rotation":0,"texture":"#0","tintindex":0},"south":{"uv":[1.9375,6.5625,2.0,6.6875],"rotation":0,"texture":"#0","tintindex":0},"north":{"uv":[1.78125,6.5625,1.84375,6.6875],"rotation":0,"texture":"#0","tintindex":0},"west":{"uv":[1.84375,6.5625,1.9375,6.6875],"rotation":0,"texture":"#0","tintindex":0},"up":{"uv":[1.84375,6.5625,1.78125,6.46875],"rotation":0,"texture":"#0","tintindex":0},"down":{"uv":[1.90625,6.46875,1.84375,6.5625],"rotation":0,"texture":"#0","tintindex":0}}}],"display":{"head":{"translation":[0.0,-6.4,0.0],"scale":[4.0,4.0,4.0]}}}