{"textures":{"0":"modelengine:entity/quakefish"},"elements":[{"from":[8.0,8.0,2.2857141],"to":[9.142858,9.142858,11.428572],"rotation":{"angle":0.0,"axis":"y","origin":[8.571428,8.0,8.0]},"faces":{"east":{"uv":[5.375,8.21875,5.875,8.28125],"rotation":0,"texture":"#0","tintindex":0},"south":{"uv":[6.4375,8.21875,6.5,8.28125],"rotation":0,"texture":"#0","tintindex":0},"north":{"uv":[5.875,8.21875,5.9375,8.28125],"rotation":0,"texture":"#0","tintindex":0},"west":{"uv":[5.9375,8.21875,6.4375,8.28125],"rotation":0,"texture":"#0","tintindex":0},"up":{"uv":[5.9375,8.21875,5.875,7.71875],"rotation":0,"texture":"#0","tintindex":0},"down":{"uv":[6.0,7.71875,5.9375,8.21875],"rotation":0,"texture":"#0","tintindex":0}}},{"from":[9.142858,8.0,1.7142854],"to":[10.857143,9.142858,13.714286],"rotation":{"angle":0.0,"axis":"y","origin":[10.285714,8.0,8.0]},"faces":{"east":{"uv":[5.6875,7.65625,6.34375,7.71875],"rotation":0,"texture":"#0","tintindex":0},"south":{"uv":[7.09375,7.65625,7.1875,7.71875],"rotation":0,"texture":"#0","tintindex":0},"north":{"uv":[6.34375,7.65625,6.4375,7.71875],"rotation":0,"texture":"#0","tintindex":0},"west":{"uv":[6.4375,7.65625,7.09375,7.71875],"rotation":0,"texture":"#0","tintindex":0},"up":{"uv":[6.4375,7.65625,6.34375,7.0],"rotation":0,"texture":"#0","tintindex":0},"down":{"uv":[6.53125,7.0,6.4375,7.65625],"rotation":0,"texture":"#0","tintindex":0}}},{"from":[10.857143,8.0,1.4285712],"to":[12.571428,9.142858,15.142858],"rotation":{"angle":0.0,"axis":"y","origin":[12.0,8.0,8.0]},"faces":{"east":{"uv":[4.0,7.125,4.75,7.1875],"rotation":0,"texture":"#0","tintindex":0},"south":{"uv":[5.59375,7.125,5.6875,7.1875],"rotation":0,"texture":"#0","tintindex":0},"north":{"uv":[4.75,7.125,4.84375,7.1875],"rotation":0,"texture":"#0","tintindex":0},"west":{"uv":[4.84375,7.125,5.59375,7.1875],"rotation":0,"texture":"#0","tintindex":0},"up":{"uv":[4.84375,7.125,4.75,6.375],"rotation":0,"texture":"#0","tintindex":0},"down":{"uv":[4.9375,6.375,4.84375,7.125],"rotation":0,"texture":"#0","tintindex":0}}},{"from":[12.571428,8.0,2.2857141],"to":[14.285715,9.142858,16.57143],"rotation":{"angle":0.0,"axis":"y","origin":[13.714286,8.0,8.0]},"faces":{"east":{"uv":[6.125,6.9375,6.90625,7.0],"rotation":0,"texture":"#0","tintindex":0},"south":{"uv":[7.78125,6.9375,7.875,7.0],"rotation":0,"texture":"#0","tintindex":0},"north":{"uv":[6.90625,6.9375,7.0,7.0],"rotation":0,"texture":"#0","tintindex":0},"west":{"uv":[7.0,6.9375,7.78125,7.0],"rotation":0,"texture":"#0","tintindex":0},"up":{"uv":[7.0,6.9375,6.90625,6.15625],"rotation":0,"texture":"#0","tintindex":0},"down":{"uv":[7.09375,6.15625,7.0,6.9375],"rotation":0,"texture":"#0","tintindex":0}}},{"from":[14.285715,8.0,5.142857],"to":[16.0,9.142858,20.0],"rotation":{"angle":0.0,"axis":"y","origin":[15.428572,8.0,8.0]},"faces":{"east":{"uv":[6.125,6.09375,6.9375,6.15625],"rotation":0,"texture":"#0","tintindex":0},"south":{"uv":[7.84375,6.09375,7.9375,6.15625],"rotation":0,"texture":"#0","tintindex":0},"north":{"uv":[6.9375,6.09375,7.03125,6.15625],"rotation":0,"texture":"#0","tintindex":0},"west":{"uv":[7.03125,6.09375,7.84375,6.15625],"rotation":0,"texture":"#0","tintindex":0},"up":{"uv":[7.03125,6.09375,6.9375,5.28125],"rotation":0,"texture":"#0","tintindex":0},"down":{"uv":[7.125,5.28125,7.03125,6.09375],"rotation":0,"texture":"#0","tintindex":0}}},{"from":[16.0,8.0,6.857143],"to":[17.714287,9.142858,22.857143],"rotation":{"angle":0.0,"axis":"y","origin":[17.142857,8.0,8.0]},"faces":{"east":{"uv":[4.1875,6.3125,5.0625,6.375],"rotation":0,"texture":"#0","tintindex":0},"south":{"uv":[6.03125,6.3125,6.125,6.375],"rotation":0,"texture":"#0","tintindex":0},"north":{"uv":[5.0625,6.3125,5.15625,6.375],"rotation":0,"texture":"#0","tintindex":0},"west":{"uv":[5.15625,6.3125,6.03125,6.375],"rotation":0,"texture":"#0","tintindex":0},"up":{"uv":[5.15625,6.3125,5.0625,5.4375],"rotation":0,"texture":"#0","tintindex":0},"down":{"uv":[5.25,5.4375,5.15625,6.3125],"rotation":0,"texture":"#0","tintindex":0}}}],"display":{"head":{"translation":[0.0,-6.4,0.0],"scale":[4.0,4.0,4.0]}}}