{"textures":{"0":"modelengine:entity/quakefish"},"elements":[{"from":[0.1428566,7.7881083,4.5750113],"to":[15.857143,10.073823,14.860726],"rotation":{"angle":22.5,"axis":"x","origin":[8.0,6.6452513,13.1464405]},"faces":{"east":{"uv":[4.375,1.28125,4.9375,1.40625],"rotation":0,"texture":"#0","tintindex":0},"south":{"uv":[6.34375,1.28125,7.1875,1.40625],"rotation":0,"texture":"#0","tintindex":0},"north":{"uv":[4.9375,1.28125,5.78125,1.40625],"rotation":0,"texture":"#0","tintindex":0},"west":{"uv":[5.78125,1.28125,6.34375,1.40625],"rotation":0,"texture":"#0","tintindex":0},"up":{"uv":[5.78125,1.28125,4.9375,0.71875],"rotation":0,"texture":"#0","tintindex":0},"down":{"uv":[6.625,0.71875,5.78125,1.28125],"rotation":0,"texture":"#0","tintindex":0}}},{"from":[0.0,2.21668,9.717869],"to":[16.0,9.645251,26.860727],"rotation":{"angle":0.0,"axis":"y","origin":[8.0,0.5023942,18.289297]},"faces":{"east":{"uv":[0.0,2.5625,0.9375,2.96875],"rotation":0,"texture":"#0","tintindex":0},"south":{"uv":[2.75,2.5625,3.625,2.96875],"rotation":0,"texture":"#0","tintindex":0},"north":{"uv":[0.9375,2.5625,1.8125,2.96875],"rotation":0,"texture":"#0","tintindex":0},"west":{"uv":[1.8125,2.5625,2.75,2.96875],"rotation":0,"texture":"#0","tintindex":0},"up":{"uv":[1.8125,2.5625,0.9375,1.625],"rotation":0,"texture":"#0","tintindex":0},"down":{"uv":[2.6875,1.625,1.8125,2.5625],"rotation":0,"texture":"#0","tintindex":0}}},{"from":[7.142857,9.645251,9.717869],"to":[8.857143,12.502395,25.717869],"rotation":{"angle":0.0,"axis":"y","origin":[11.714286,7.930966,18.289297]},"faces":{"east":{"uv":[4.1875,5.28125,5.0625,5.4375],"rotation":0,"texture":"#0","tintindex":0},"south":{"uv":[6.03125,5.28125,6.125,5.4375],"rotation":0,"texture":"#0","tintindex":0},"north":{"uv":[5.0625,5.28125,5.15625,5.4375],"rotation":0,"texture":"#0","tintindex":0},"west":{"uv":[5.15625,5.28125,6.03125,5.4375],"rotation":0,"texture":"#0","tintindex":0},"up":{"uv":[5.15625,5.28125,5.0625,4.40625],"rotation":0,"texture":"#0","tintindex":0},"down":{"uv":[5.25,4.40625,5.15625,5.28125],"rotation":0,"texture":"#0","tintindex":0}}},{"from":[7.142857,12.502395,12.575012],"to":[8.857143,14.788109,26.289299],"rotation":{"angle":0.0,"axis":"y","origin":[11.714286,10.788109,18.289297]},"faces":{"east":{"uv":[0.0,7.0,0.75,7.125],"rotation":0,"texture":"#0","tintindex":0},"south":{"uv":[1.59375,7.0,1.6875,7.125],"rotation":0,"texture":"#0","tintindex":0},"north":{"uv":[0.75,7.0,0.84375,7.125],"rotation":0,"texture":"#0","tintindex":0},"west":{"uv":[0.84375,7.0,1.59375,7.125],"rotation":0,"texture":"#0","tintindex":0},"up":{"uv":[0.84375,7.0,0.75,6.25],"rotation":0,"texture":"#0","tintindex":0},"down":{"uv":[0.9375,6.25,0.84375,7.0],"rotation":0,"texture":"#0","tintindex":0}}},{"from":[7.142857,14.788109,15.432155],"to":[8.857143,16.502396,26.860727],"rotation":{"angle":0.0,"axis":"y","origin":[11.714286,13.073824,18.289297]},"faces":{"east":{"uv":[1.6875,7.6875,2.3125,7.78125],"rotation":0,"texture":"#0","tintindex":0},"south":{"uv":[3.03125,7.6875,3.125,7.78125],"rotation":0,"texture":"#0","tintindex":0},"north":{"uv":[2.3125,7.6875,2.40625,7.78125],"rotation":0,"texture":"#0","tintindex":0},"west":{"uv":[2.40625,7.6875,3.03125,7.78125],"rotation":0,"texture":"#0","tintindex":0},"up":{"uv":[2.40625,7.6875,2.3125,7.0625],"rotation":0,"texture":"#0","tintindex":0},"down":{"uv":[2.5,7.0625,2.40625,7.6875],"rotation":0,"texture":"#0","tintindex":0}}},{"from":[7.142857,16.502396,18.860725],"to":[8.857143,18.21668,26.860727],"rotation":{"angle":0.0,"axis":"y","origin":[11.714286,14.788109,18.289297]},"faces":{"east":{"uv":[6.5,8.1875,6.9375,8.28125],"rotation":0,"texture":"#0","tintindex":0},"south":{"uv":[7.46875,8.1875,7.5625,8.28125],"rotation":0,"texture":"#0","tintindex":0},"north":{"uv":[6.9375,8.1875,7.03125,8.28125],"rotation":0,"texture":"#0","tintindex":0},"west":{"uv":[7.03125,8.1875,7.46875,8.28125],"rotation":0,"texture":"#0","tintindex":0},"up":{"uv":[7.03125,8.1875,6.9375,7.75],"rotation":0,"texture":"#0","tintindex":0},"down":{"uv":[7.125,7.75,7.03125,8.1875],"rotation":0,"texture":"#0","tintindex":0}}},{"from":[7.142857,18.21668,20.575012],"to":[8.857143,19.930965,26.860727],"rotation":{"angle":0.0,"axis":"y","origin":[11.714286,16.502396,18.289297]},"faces":{"east":{"uv":[3.1875,8.375,3.53125,8.46875],"rotation":0,"texture":"#0","tintindex":0},"south":{"uv":[3.96875,8.375,4.0625,8.46875],"rotation":0,"texture":"#0","tintindex":0},"north":{"uv":[3.53125,8.375,3.625,8.46875],"rotation":0,"texture":"#0","tintindex":0},"west":{"uv":[3.625,8.375,3.96875,8.46875],"rotation":0,"texture":"#0","tintindex":0},"up":{"uv":[3.625,8.375,3.53125,8.03125],"rotation":0,"texture":"#0","tintindex":0},"down":{"uv":[3.71875,8.03125,3.625,8.375],"rotation":0,"texture":"#0","tintindex":0}}},{"from":[7.142857,19.930965,21.14644],"to":[8.857143,24.502396,26.289299],"rotation":{"angle":0.0,"axis":"y","origin":[11.714286,18.21668,18.289297]},"faces":{"east":{"uv":[2.0,5.59375,2.28125,5.84375],"rotation":0,"texture":"#0","tintindex":0},"south":{"uv":[2.65625,5.59375,2.75,5.84375],"rotation":0,"texture":"#0","tintindex":0},"north":{"uv":[2.28125,5.59375,2.375,5.84375],"rotation":0,"texture":"#0","tintindex":0},"west":{"uv":[2.375,5.59375,2.65625,5.84375],"rotation":0,"texture":"#0","tintindex":0},"up":{"uv":[2.375,5.59375,2.28125,5.3125],"rotation":0,"texture":"#0","tintindex":0},"down":{"uv":[2.46875,5.3125,2.375,5.59375],"rotation":0,"texture":"#0","tintindex":0}}},{"from":[7.142857,24.502396,18.860725],"to":[8.857143,26.21668,25.14644],"rotation":{"angle":0.0,"axis":"y","origin":[11.714286,22.788109,16.575012]},"faces":{"east":{"uv":[8.25,7.3125,8.59375,7.40625],"rotation":0,"texture":"#0","tintindex":0},"south":{"uv":[9.03125,7.3125,9.125,7.40625],"rotation":0,"texture":"#0","tintindex":0},"north":{"uv":[8.59375,7.3125,8.6875,7.40625],"rotation":0,"texture":"#0","tintindex":0},"west":{"uv":[8.6875,7.3125,9.03125,7.40625],"rotation":0,"texture":"#0","tintindex":0},"up":{"uv":[8.6875,7.3125,8.59375,6.96875],"rotation":0,"texture":"#0","tintindex":0},"down":{"uv":[8.78125,6.96875,8.6875,7.3125],"rotation":0,"texture":"#0","tintindex":0}}},{"from":[7.142857,26.21668,17.14644],"to":[8.857143,27.930965,23.432156],"rotation":{"angle":0.0,"axis":"y","origin":[11.714286,24.502396,14.860726]},"faces":{"east":{"uv":[5.3125,8.625,5.65625,8.71875],"rotation":0,"texture":"#0","tintindex":0},"south":{"uv":[6.09375,8.625,6.1875,8.71875],"rotation":0,"texture":"#0","tintindex":0},"north":{"uv":[5.65625,8.625,5.75,8.71875],"rotation":0,"texture":"#0","tintindex":0},"west":{"uv":[5.75,8.625,6.09375,8.71875],"rotation":0,"texture":"#0","tintindex":0},"up":{"uv":[5.75,8.625,5.65625,8.28125],"rotation":0,"texture":"#0","tintindex":0},"down":{"uv":[5.84375,8.28125,5.75,8.625],"rotation":0,"texture":"#0","tintindex":0}}},{"from":[7.142857,27.930965,14.289297],"to":[8.857143,29.645252,20.575012],"rotation":{"angle":0.0,"axis":"y","origin":[11.714286,26.21668,12.003583]},"faces":{"east":{"uv":[6.1875,8.625,6.53125,8.71875],"rotation":0,"texture":"#0","tintindex":0},"south":{"uv":[6.96875,8.625,7.0625,8.71875],"rotation":0,"texture":"#0","tintindex":0},"north":{"uv":[6.53125,8.625,6.625,8.71875],"rotation":0,"texture":"#0","tintindex":0},"west":{"uv":[6.625,8.625,6.96875,8.71875],"rotation":0,"texture":"#0","tintindex":0},"up":{"uv":[6.625,8.625,6.53125,8.28125],"rotation":0,"texture":"#0","tintindex":0},"down":{"uv":[6.71875,8.28125,6.625,8.625],"rotation":0,"texture":"#0","tintindex":0}}},{"from":[7.142857,27.359537,13.1464405],"to":[8.857143,29.073822,14.289297],"rotation":{"angle":0.0,"axis":"y","origin":[11.714286,25.645252,5.7178683]},"faces":{"east":{"uv":[5.375,7.5625,5.4375,7.65625],"rotation":0,"texture":"#0","tintindex":0},"south":{"uv":[5.59375,7.5625,5.6875,7.65625],"rotation":0,"texture":"#0","tintindex":0},"north":{"uv":[5.4375,7.5625,5.53125,7.65625],"rotation":0,"texture":"#0","tintindex":0},"west":{"uv":[5.53125,7.5625,5.59375,7.65625],"rotation":0,"texture":"#0","tintindex":0},"up":{"uv":[5.53125,7.5625,5.4375,7.5],"rotation":0,"texture":"#0","tintindex":0},"down":{"uv":[5.625,7.5,5.53125,7.5625],"rotation":0,"texture":"#0","tintindex":0}}},{"from":[7.142857,27.359537,11.432155],"to":[8.857143,28.502394,13.1464405],"rotation":{"angle":0.0,"axis":"y","origin":[11.714286,25.645252,4.5750113]},"faces":{"east":{"uv":[8.0,2.46875,8.09375,2.53125],"rotation":0,"texture":"#0","tintindex":0},"south":{"uv":[8.28125,2.46875,8.375,2.53125],"rotation":0,"texture":"#0","tintindex":0},"north":{"uv":[8.09375,2.46875,8.1875,2.53125],"rotation":0,"texture":"#0","tintindex":0},"west":{"uv":[8.1875,2.46875,8.28125,2.53125],"rotation":0,"texture":"#0","tintindex":0},"up":{"uv":[8.1875,2.46875,8.09375,2.375],"rotation":0,"texture":"#0","tintindex":0},"down":{"uv":[8.28125,2.375,8.1875,2.46875],"rotation":0,"texture":"#0","tintindex":0}}},{"from":[7.142857,26.930965,10.289297],"to":[8.857143,27.645252,11.432155],"rotation":{"angle":0.0,"axis":"y","origin":[11.714286,24.788109,2.8607259]},"faces":{"east":{"uv":[2.0,5.90625,2.0625,5.9375],"rotation":0,"texture":"#0","tintindex":0},"south":{"uv":[2.21875,5.90625,2.3125,5.9375],"rotation":0,"texture":"#0","tintindex":0},"north":{"uv":[2.0625,5.90625,2.15625,5.9375],"rotation":0,"texture":"#0","tintindex":0},"west":{"uv":[2.15625,5.90625,2.21875,5.9375],"rotation":0,"texture":"#0","tintindex":0},"up":{"uv":[2.15625,5.90625,2.0625,5.84375],"rotation":0,"texture":"#0","tintindex":0},"down":{"uv":[2.25,5.84375,2.15625,5.90625],"rotation":0,"texture":"#0","tintindex":0}}}],"display":{"head":{"translation":[0.0,-6.4,0.0],"scale":[4.0,4.0,4.0]}}}