{"textures":{"0":"modelengine:entity/stage1"},"elements":[{"from":[11.428572,11.142858,6.885714],"to":[12.571428,14.571428,9.171429],"rotation":{"angle":-22.5,"axis":"z","origin":[10.857143,15.714286,7.857143]},"faces":{"east":{"uv":[9.375,2.625,9.875,3.375],"rotation":0,"texture":"#0","tintindex":0},"south":{"uv":[10.625,2.625,10.875,3.375],"rotation":0,"texture":"#0","tintindex":0},"north":{"uv":[9.875,2.625,10.125,3.375],"rotation":0,"texture":"#0","tintindex":0},"west":{"uv":[10.125,2.625,10.625,3.375],"rotation":0,"texture":"#0","tintindex":0},"up":{"uv":[10.125,2.625,9.875,2.125],"rotation":0,"texture":"#0","tintindex":0},"down":{"uv":[10.375,2.125,10.125,2.625],"rotation":0,"texture":"#0","tintindex":0}}},{"from":[3.5714283,12.142858,6.885714],"to":[4.714286,15.571428,9.171429],"rotation":{"angle":22.5,"axis":"z","origin":[8.0,15.714286,7.857143]},"faces":{"east":{"uv":[0.0,3.25,0.5,4.0],"rotation":0,"texture":"#0","tintindex":0},"south":{"uv":[1.25,3.25,1.5,4.0],"rotation":0,"texture":"#0","tintindex":0},"north":{"uv":[0.5,3.25,0.75,4.0],"rotation":0,"texture":"#0","tintindex":0},"west":{"uv":[0.75,3.25,1.25,4.0],"rotation":0,"texture":"#0","tintindex":0},"up":{"uv":[0.75,3.25,0.5,2.75],"rotation":0,"texture":"#0","tintindex":0},"down":{"uv":[1.0,2.75,0.75,3.25],"rotation":0,"texture":"#0","tintindex":0}}},{"from":[8.616715,11.878799,6.485714],"to":[10.90243,13.021657,6.485714],"rotation":{"angle":-22.5,"axis":"z","origin":[11.880979,13.272358,6.0571427]},"faces":{"east":{"uv":[2.25,4.125,2.25,4.375],"rotation":0,"texture":"#0","tintindex":0},"south":{"uv":[2.75,4.125,3.25,4.375],"rotation":0,"texture":"#0","tintindex":0},"north":{"uv":[2.25,4.125,2.75,4.375],"rotation":0,"texture":"#0","tintindex":0},"west":{"uv":[2.75,4.125,2.75,4.375],"rotation":0,"texture":"#0","tintindex":0},"up":{"uv":[2.75,4.125,2.25,4.125],"rotation":0,"texture":"#0","tintindex":0},"down":{"uv":[3.25,4.125,2.75,4.125],"rotation":0,"texture":"#0","tintindex":0}}},{"from":[5.142857,8.0,6.5714283],"to":[10.857143,13.714286,9.428572],"rotation":{"angle":0.0,"axis":"y","origin":[8.0,1.1428566,8.285714]},"faces":{"east":{"uv":[0.0,1.5,0.625,2.75],"rotation":0,"texture":"#0","tintindex":0},"south":{"uv":[2.5,1.5,3.75,2.75],"rotation":0,"texture":"#0","tintindex":0},"north":{"uv":[0.625,1.5,1.875,2.75],"rotation":0,"texture":"#0","tintindex":0},"west":{"uv":[1.875,1.5,2.5,2.75],"rotation":0,"texture":"#0","tintindex":0},"up":{"uv":[1.875,1.5,0.625,0.875],"rotation":0,"texture":"#0","tintindex":0},"down":{"uv":[3.125,0.875,1.875,1.5],"rotation":0,"texture":"#0","tintindex":0}}},{"from":[7.567223,10.432777,6.485714],"to":[8.71008,13.28992,6.485714],"rotation":{"angle":-45.0,"axis":"z","origin":[8.567224,14.28992,6.0571427]},"faces":{"east":{"uv":[3.625,0.875,3.625,1.5],"rotation":0,"texture":"#0","tintindex":0},"south":{"uv":[3.875,0.875,4.125,1.5],"rotation":0,"texture":"#0","tintindex":0},"north":{"uv":[3.625,0.875,3.875,1.5],"rotation":0,"texture":"#0","tintindex":0},"west":{"uv":[3.875,0.875,3.875,1.5],"rotation":0,"texture":"#0","tintindex":0},"up":{"uv":[3.875,0.875,3.625,0.875],"rotation":0,"texture":"#0","tintindex":0},"down":{"uv":[4.125,0.875,3.875,0.875],"rotation":0,"texture":"#0","tintindex":0}}}],"display":{"head":{"translation":[0.0,-6.4,0.0],"scale":[4.0,4.0,4.0]}}}