{"textures":{"0":"modelengine:entity/stage1"},"elements":[{"from":[4.5714283,8.0,8.0],"to":[14.285715,8.0,13.714286],"rotation":{"angle":0.0,"axis":"y","origin":[11.428572,4.0,-17.142859]},"faces":{"east":{"uv":[3.375,3.375,4.625,3.375],"rotation":0,"texture":"#0","tintindex":0},"south":{"uv":[8.0,3.375,10.125,3.375],"rotation":0,"texture":"#0","tintindex":0},"north":{"uv":[4.625,3.375,6.75,3.375],"rotation":0,"texture":"#0","tintindex":0},"west":{"uv":[6.75,3.375,8.0,3.375],"rotation":0,"texture":"#0","tintindex":0},"up":{"uv":[6.75,3.375,4.625,2.125],"rotation":0,"texture":"#0","tintindex":0},"down":{"uv":[8.875,2.125,6.75,3.375],"rotation":0,"texture":"#0","tintindex":0}}},{"from":[14.285715,8.0,12.0],"to":[14.857143,8.0,13.714286],"rotation":{"angle":0.0,"axis":"y","origin":[11.428572,4.0,-17.142859]},"faces":{"east":{"uv":[0.625,3.125,1.0,3.125],"rotation":0,"texture":"#0","tintindex":0},"south":{"uv":[1.5,3.125,1.625,3.125],"rotation":0,"texture":"#0","tintindex":0},"north":{"uv":[1.0,3.125,1.125,3.125],"rotation":0,"texture":"#0","tintindex":0},"west":{"uv":[1.125,3.125,1.5,3.125],"rotation":0,"texture":"#0","tintindex":0},"up":{"uv":[1.125,3.125,1.0,2.75],"rotation":0,"texture":"#0","tintindex":0},"down":{"uv":[1.25,2.75,1.125,3.125],"rotation":0,"texture":"#0","tintindex":0}}}],"display":{"head":{"translation":[0.0,-6.4,0.0],"scale":[4.0,4.0,4.0]}}}