{"textures":{"0":"modelengine:entity/stage1"},"elements":[{"from":[6.857143,8.0,8.0],"to":[15.428572,8.0,17.714287],"rotation":{"angle":0.0,"axis":"y","origin":[11.428572,4.0,-17.142859]},"faces":{"east":{"uv":[2.5,2.125,4.625,2.125],"rotation":0,"texture":"#0","tintindex":0},"south":{"uv":[8.625,2.125,10.5,2.125],"rotation":0,"texture":"#0","tintindex":0},"north":{"uv":[4.625,2.125,6.5,2.125],"rotation":0,"texture":"#0","tintindex":0},"west":{"uv":[6.5,2.125,8.625,2.125],"rotation":0,"texture":"#0","tintindex":0},"up":{"uv":[6.5,2.125,4.625,0.0],"rotation":0,"texture":"#0","tintindex":0},"down":{"uv":[8.375,0.0,6.5,2.125],"rotation":0,"texture":"#0","tintindex":0}}},{"from":[5.714286,8.0,12.571428],"to":[6.857143,8.0,15.428572],"rotation":{"angle":0.0,"axis":"y","origin":[11.428572,4.0,-17.142859]},"faces":{"east":{"uv":[2.5,1.5,3.125,1.5],"rotation":0,"texture":"#0","tintindex":0},"south":{"uv":[4.0,1.5,4.25,1.5],"rotation":0,"texture":"#0","tintindex":0},"north":{"uv":[3.125,1.5,3.375,1.5],"rotation":0,"texture":"#0","tintindex":0},"west":{"uv":[3.375,1.5,4.0,1.5],"rotation":0,"texture":"#0","tintindex":0},"up":{"uv":[3.375,1.5,3.125,0.875],"rotation":0,"texture":"#0","tintindex":0},"down":{"uv":[3.625,0.875,3.375,1.5],"rotation":0,"texture":"#0","tintindex":0}}},{"from":[6.285714,8.0,15.428572],"to":[6.857143,8.0,16.57143],"rotation":{"angle":0.0,"axis":"y","origin":[11.428572,4.0,-17.142859]},"faces":{"east":{"uv":[0.25,0.875,0.5,0.875],"rotation":0,"texture":"#0","tintindex":0},"south":{"uv":[0.875,0.875,1.0,0.875],"rotation":0,"texture":"#0","tintindex":0},"north":{"uv":[0.5,0.875,0.625,0.875],"rotation":0,"texture":"#0","tintindex":0},"west":{"uv":[0.625,0.875,0.875,0.875],"rotation":0,"texture":"#0","tintindex":0},"up":{"uv":[0.625,0.875,0.5,0.625],"rotation":0,"texture":"#0","tintindex":0},"down":{"uv":[0.75,0.625,0.625,0.875],"rotation":0,"texture":"#0","tintindex":0}}},{"from":[5.142857,8.0,8.0],"to":[6.857143,8.0,12.571428],"rotation":{"angle":0.0,"axis":"y","origin":[11.428572,4.0,-17.142859]},"faces":{"east":{"uv":[1.25,3.75,2.25,3.75],"rotation":0,"texture":"#0","tintindex":0},"south":{"uv":[3.625,3.75,4.0,3.75],"rotation":0,"texture":"#0","tintindex":0},"north":{"uv":[2.25,3.75,2.625,3.75],"rotation":0,"texture":"#0","tintindex":0},"west":{"uv":[2.625,3.75,3.625,3.75],"rotation":0,"texture":"#0","tintindex":0},"up":{"uv":[2.625,3.75,2.25,2.75],"rotation":0,"texture":"#0","tintindex":0},"down":{"uv":[3.0,2.75,2.625,3.75],"rotation":0,"texture":"#0","tintindex":0}}}],"display":{"head":{"translation":[0.0,-6.4,0.0],"scale":[4.0,4.0,4.0]}}}