{"textures":{"0":"modelengine:entity/stage1"},"elements":[{"from":[4.5714283,7.9994287,8.0],"to":[12.0,7.9994287,12.0],"rotation":{"angle":0.0,"axis":"y","origin":[11.428572,3.9994283,-17.142859]},"faces":{"east":{"uv":[0.0,0.875,0.875,0.875],"rotation":0,"texture":"#0","tintindex":0},"south":{"uv":[3.375,0.875,5.0,0.875],"rotation":0,"texture":"#0","tintindex":0},"north":{"uv":[0.875,0.875,2.5,0.875],"rotation":0,"texture":"#0","tintindex":0},"west":{"uv":[2.5,0.875,3.375,0.875],"rotation":0,"texture":"#0","tintindex":0},"up":{"uv":[2.5,0.875,0.875,0.0],"rotation":0,"texture":"#0","tintindex":0},"down":{"uv":[4.125,0.0,2.5,0.875],"rotation":0,"texture":"#0","tintindex":0}}},{"from":[12.0,7.9994287,9.142858],"to":[12.571428,7.9994287,12.0],"rotation":{"angle":0.0,"axis":"y","origin":[11.428572,3.9994283,-17.142859]},"faces":{"east":{"uv":[0.0,0.625,0.625,0.625],"rotation":0,"texture":"#0","tintindex":0},"south":{"uv":[1.375,0.625,1.5,0.625],"rotation":0,"texture":"#0","tintindex":0},"north":{"uv":[0.625,0.625,0.75,0.625],"rotation":0,"texture":"#0","tintindex":0},"west":{"uv":[0.75,0.625,1.375,0.625],"rotation":0,"texture":"#0","tintindex":0},"up":{"uv":[0.75,0.625,0.625,0.0],"rotation":0,"texture":"#0","tintindex":0},"down":{"uv":[0.875,0.0,0.75,0.625],"rotation":0,"texture":"#0","tintindex":0}}},{"from":[12.571428,7.9994287,10.285714],"to":[13.142858,7.9994287,12.0],"rotation":{"angle":0.0,"axis":"y","origin":[11.428572,3.9994283,-17.142859]},"faces":{"east":{"uv":[0.0,1.5,0.375,1.5],"rotation":0,"texture":"#0","tintindex":0},"south":{"uv":[0.875,1.5,1.0,1.5],"rotation":0,"texture":"#0","tintindex":0},"north":{"uv":[0.375,1.5,0.5,1.5],"rotation":0,"texture":"#0","tintindex":0},"west":{"uv":[0.5,1.5,0.875,1.5],"rotation":0,"texture":"#0","tintindex":0},"up":{"uv":[0.5,1.5,0.375,1.125],"rotation":0,"texture":"#0","tintindex":0},"down":{"uv":[0.625,1.125,0.5,1.5],"rotation":0,"texture":"#0","tintindex":0}}},{"from":[13.142858,7.9994287,11.428572],"to":[13.714286,7.9994287,12.0],"rotation":{"angle":0.0,"axis":"y","origin":[11.428572,3.9994283,-17.142859]},"faces":{"east":{"uv":[0.25,0.125,0.375,0.125],"rotation":0,"texture":"#0","tintindex":0},"south":{"uv":[0.625,0.125,0.75,0.125],"rotation":0,"texture":"#0","tintindex":0},"north":{"uv":[0.375,0.125,0.5,0.125],"rotation":0,"texture":"#0","tintindex":0},"west":{"uv":[0.5,0.125,0.625,0.125],"rotation":0,"texture":"#0","tintindex":0},"up":{"uv":[0.5,0.125,0.375,0.0],"rotation":0,"texture":"#0","tintindex":0},"down":{"uv":[0.625,0.0,0.5,0.125],"rotation":0,"texture":"#0","tintindex":0}}}],"display":{"head":{"translation":[0.0,-6.4,0.0],"scale":[4.0,4.0,4.0]}}}