{"textures":{"0":"modelengine:entity/stage1"},"elements":[{"from":[7.714286,7.428571,6.285714],"to":[8.285714,8.571428,9.714286],"rotation":{"angle":0.0,"axis":"y","origin":[7.714286,7.428571,7.428571]},"faces":{"east":{"uv":[3.75,10.0,4.5,10.25],"rotation":0,"texture":"#0","tintindex":0},"south":{"uv":[5.375,10.0,5.5,10.25],"rotation":0,"texture":"#0","tintindex":0},"north":{"uv":[4.5,10.0,4.625,10.25],"rotation":0,"texture":"#0","tintindex":0},"west":{"uv":[4.625,10.0,5.375,10.25],"rotation":0,"texture":"#0","tintindex":0},"up":{"uv":[4.625,10.0,4.5,9.25],"rotation":0,"texture":"#0","tintindex":0},"down":{"uv":[4.75,9.25,4.625,10.0],"rotation":0,"texture":"#0","tintindex":0}}},{"from":[7.714286,7.428571,9.714286],"to":[8.285714,8.571428,12.0],"rotation":{"angle":0.0,"axis":"y","origin":[7.714286,7.428571,10.857143]},"faces":{"east":{"uv":[0.0,5.25,0.5,5.5],"rotation":0,"texture":"#0","tintindex":0},"south":{"uv":[1.125,5.25,1.25,5.5],"rotation":0,"texture":"#0","tintindex":0},"north":{"uv":[0.5,5.25,0.625,5.5],"rotation":0,"texture":"#0","tintindex":0},"west":{"uv":[0.625,5.25,1.125,5.5],"rotation":0,"texture":"#0","tintindex":0},"up":{"uv":[0.625,5.25,0.5,4.75],"rotation":0,"texture":"#0","tintindex":0},"down":{"uv":[0.75,4.75,0.625,5.25],"rotation":0,"texture":"#0","tintindex":0}}},{"from":[8.0,6.857143,10.142858],"to":[8.0,7.428571,10.714286],"rotation":{"angle":0.0,"axis":"y","origin":[8.0,6.285714,5.5714283]},"faces":{"east":{"uv":[1.25,3.0,1.375,3.125],"rotation":0,"texture":"#0","tintindex":0},"south":{"uv":[1.5,3.0,1.5,3.125],"rotation":0,"texture":"#0","tintindex":0},"north":{"uv":[1.375,3.0,1.375,3.125],"rotation":0,"texture":"#0","tintindex":0},"west":{"uv":[1.375,3.0,1.5,3.125],"rotation":0,"texture":"#0","tintindex":0},"up":{"uv":[1.375,3.0,1.375,2.875],"rotation":0,"texture":"#0","tintindex":0},"down":{"uv":[1.375,2.875,1.375,3.0],"rotation":0,"texture":"#0","tintindex":0}}},{"from":[7.714286,7.857143,10.571428],"to":[8.285714,9.0,14.0],"rotation":{"angle":45.0,"axis":"x","origin":[7.714286,7.857143,11.142858]},"faces":{"east":{"uv":[2.0,10.0,2.75,10.25],"rotation":0,"texture":"#0","tintindex":0},"south":{"uv":[3.625,10.0,3.75,10.25],"rotation":0,"texture":"#0","tintindex":0},"north":{"uv":[2.75,10.0,2.875,10.25],"rotation":0,"texture":"#0","tintindex":0},"west":{"uv":[2.875,10.0,3.625,10.25],"rotation":0,"texture":"#0","tintindex":0},"up":{"uv":[2.875,10.0,2.75,9.25],"rotation":0,"texture":"#0","tintindex":0},"down":{"uv":[3.0,9.25,2.875,10.0],"rotation":0,"texture":"#0","tintindex":0}}},{"from":[7.714286,7.6204495,13.428572],"to":[8.285714,8.191878,14.0],"rotation":{"angle":45.0,"axis":"x","origin":[7.714286,7.049021,11.142858]},"faces":{"east":{"uv":[6.375,10.5,6.5,10.625],"rotation":0,"texture":"#0","tintindex":0},"south":{"uv":[6.75,10.5,6.875,10.625],"rotation":0,"texture":"#0","tintindex":0},"north":{"uv":[6.5,10.5,6.625,10.625],"rotation":0,"texture":"#0","tintindex":0},"west":{"uv":[6.625,10.5,6.75,10.625],"rotation":0,"texture":"#0","tintindex":0},"up":{"uv":[6.625,10.5,6.5,10.375],"rotation":0,"texture":"#0","tintindex":0},"down":{"uv":[6.75,10.375,6.625,10.5],"rotation":0,"texture":"#0","tintindex":0}}}],"display":{"head":{"translation":[0.0,-6.4,0.0],"scale":[4.0,4.0,4.0]}}}