{"textures":{"0":"modelengine:entity/stage1"},"elements":[{"from":[8.0,8.0,5.142857],"to":[9.714286,8.0,12.0],"rotation":{"angle":0.0,"axis":"y","origin":[5.714286,4.0,-23.428574]},"faces":{"east":{"uv":[0.0,4.25,1.5,4.25],"rotation":0,"texture":"#0","tintindex":0},"south":{"uv":[3.375,4.25,3.75,4.25],"rotation":0,"texture":"#0","tintindex":0},"north":{"uv":[1.5,4.25,1.875,4.25],"rotation":0,"texture":"#0","tintindex":0},"west":{"uv":[1.875,4.25,3.375,4.25],"rotation":0,"texture":"#0","tintindex":0},"up":{"uv":[1.875,4.25,1.5,2.75],"rotation":0,"texture":"#0","tintindex":0},"down":{"uv":[2.25,2.75,1.875,4.25],"rotation":0,"texture":"#0","tintindex":0}}},{"from":[8.0,8.0,4.5714283],"to":[9.142858,8.0,5.142857],"rotation":{"angle":0.0,"axis":"y","origin":[5.714286,4.0,-23.428574]},"faces":{"east":{"uv":[3.375,3.625,3.5,3.625],"rotation":0,"texture":"#0","tintindex":0},"south":{"uv":[3.875,3.625,4.125,3.625],"rotation":0,"texture":"#0","tintindex":0},"north":{"uv":[3.5,3.625,3.75,3.625],"rotation":0,"texture":"#0","tintindex":0},"west":{"uv":[3.75,3.625,3.875,3.625],"rotation":0,"texture":"#0","tintindex":0},"up":{"uv":[3.75,3.625,3.5,3.5],"rotation":0,"texture":"#0","tintindex":0},"down":{"uv":[4.0,3.5,3.75,3.625],"rotation":0,"texture":"#0","tintindex":0}}},{"from":[9.714286,8.0,8.0],"to":[10.857143,8.0,8.571428],"rotation":{"angle":0.0,"axis":"y","origin":[5.714286,4.0,-23.428574]},"faces":{"east":{"uv":[3.375,3.5,3.5,3.5],"rotation":0,"texture":"#0","tintindex":0},"south":{"uv":[3.875,3.5,4.125,3.5],"rotation":0,"texture":"#0","tintindex":0},"north":{"uv":[3.5,3.5,3.75,3.5],"rotation":0,"texture":"#0","tintindex":0},"west":{"uv":[3.75,3.5,3.875,3.5],"rotation":0,"texture":"#0","tintindex":0},"up":{"uv":[3.75,3.5,3.5,3.375],"rotation":0,"texture":"#0","tintindex":0},"down":{"uv":[4.0,3.375,3.75,3.5],"rotation":0,"texture":"#0","tintindex":0}}},{"from":[9.714286,8.0,6.285714],"to":[10.285714,8.0,6.857143],"rotation":{"angle":0.0,"axis":"y","origin":[5.714286,4.0,-23.428574]},"faces":{"east":{"uv":[1.125,2.875,1.25,2.875],"rotation":0,"texture":"#0","tintindex":0},"south":{"uv":[1.5,2.875,1.625,2.875],"rotation":0,"texture":"#0","tintindex":0},"north":{"uv":[1.25,2.875,1.375,2.875],"rotation":0,"texture":"#0","tintindex":0},"west":{"uv":[1.375,2.875,1.5,2.875],"rotation":0,"texture":"#0","tintindex":0},"up":{"uv":[1.375,2.875,1.25,2.75],"rotation":0,"texture":"#0","tintindex":0},"down":{"uv":[1.5,2.75,1.375,2.875],"rotation":0,"texture":"#0","tintindex":0}}},{"from":[9.714286,8.0,9.142858],"to":[11.428572,8.0,9.714286],"rotation":{"angle":0.0,"axis":"y","origin":[5.714286,4.0,-23.428574]},"faces":{"east":{"uv":[3.375,3.375,3.5,3.375],"rotation":0,"texture":"#0","tintindex":0},"south":{"uv":[4.0,3.375,4.375,3.375],"rotation":0,"texture":"#0","tintindex":0},"north":{"uv":[3.5,3.375,3.875,3.375],"rotation":0,"texture":"#0","tintindex":0},"west":{"uv":[3.875,3.375,4.0,3.375],"rotation":0,"texture":"#0","tintindex":0},"up":{"uv":[3.875,3.375,3.5,3.25],"rotation":0,"texture":"#0","tintindex":0},"down":{"uv":[4.25,3.25,3.875,3.375],"rotation":0,"texture":"#0","tintindex":0}}},{"from":[9.714286,8.0,10.285714],"to":[10.857143,8.0,10.857143],"rotation":{"angle":0.0,"axis":"y","origin":[5.714286,4.0,-23.428574]},"faces":{"east":{"uv":[0.875,3.25,1.0,3.25],"rotation":0,"texture":"#0","tintindex":0},"south":{"uv":[1.375,3.25,1.625,3.25],"rotation":0,"texture":"#0","tintindex":0},"north":{"uv":[1.0,3.25,1.25,3.25],"rotation":0,"texture":"#0","tintindex":0},"west":{"uv":[1.25,3.25,1.375,3.25],"rotation":0,"texture":"#0","tintindex":0},"up":{"uv":[1.25,3.25,1.0,3.125],"rotation":0,"texture":"#0","tintindex":0},"down":{"uv":[1.5,3.125,1.25,3.25],"rotation":0,"texture":"#0","tintindex":0}}},{"from":[9.714286,8.0,10.857143],"to":[11.428572,8.0,12.0],"rotation":{"angle":0.0,"axis":"y","origin":[5.714286,4.0,-23.428574]},"faces":{"east":{"uv":[2.75,3.0,3.0,3.0],"rotation":0,"texture":"#0","tintindex":0},"south":{"uv":[3.625,3.0,4.0,3.0],"rotation":0,"texture":"#0","tintindex":0},"north":{"uv":[3.0,3.0,3.375,3.0],"rotation":0,"texture":"#0","tintindex":0},"west":{"uv":[3.375,3.0,3.625,3.0],"rotation":0,"texture":"#0","tintindex":0},"up":{"uv":[3.375,3.0,3.0,2.75],"rotation":0,"texture":"#0","tintindex":0},"down":{"uv":[3.75,2.75,3.375,3.0],"rotation":0,"texture":"#0","tintindex":0}}},{"from":[8.0,8.0,4.0],"to":[8.571428,8.0,4.5714283],"rotation":{"angle":0.0,"axis":"y","origin":[5.714286,4.0,-23.428574]},"faces":{"east":{"uv":[1.125,3.0,1.25,3.0],"rotation":0,"texture":"#0","tintindex":0},"south":{"uv":[1.5,3.0,1.625,3.0],"rotation":0,"texture":"#0","tintindex":0},"north":{"uv":[1.25,3.0,1.375,3.0],"rotation":0,"texture":"#0","tintindex":0},"west":{"uv":[1.375,3.0,1.5,3.0],"rotation":0,"texture":"#0","tintindex":0},"up":{"uv":[1.375,3.0,1.25,2.875],"rotation":0,"texture":"#0","tintindex":0},"down":{"uv":[1.5,2.875,1.375,3.0],"rotation":0,"texture":"#0","tintindex":0}}}],"display":{"head":{"translation":[0.0,-6.4,0.0],"scale":[4.0,4.0,4.0]}}}