{"textures":{"0":"modelengine:entity/stage1"},"elements":[{"from":[6.285714,8.0,6.285714],"to":[9.714286,10.285714,9.714286],"rotation":{"angle":-45.0,"axis":"x","origin":[8.0,8.0,8.0]},"faces":{"east":{"uv":[0.0,6.875,0.75,7.375],"rotation":0,"texture":"#0","tintindex":0},"south":{"uv":[2.25,6.875,3.0,7.375],"rotation":0,"texture":"#0","tintindex":0},"north":{"uv":[0.75,6.875,1.5,7.375],"rotation":0,"texture":"#0","tintindex":0},"west":{"uv":[1.5,6.875,2.25,7.375],"rotation":0,"texture":"#0","tintindex":0},"up":{"uv":[1.5,6.875,0.75,6.125],"rotation":0,"texture":"#0","tintindex":0},"down":{"uv":[2.25,6.125,1.5,6.875],"rotation":0,"texture":"#0","tintindex":0}}},{"from":[5.142857,9.857143,5.142857],"to":[10.857143,10.428572,10.857143],"rotation":{"angle":-45.0,"axis":"x","origin":[8.0,8.0,8.0]},"faces":{"east":{"uv":[0.0,6.0,1.25,6.125],"rotation":0,"texture":"#0","tintindex":0},"south":{"uv":[3.75,6.0,5.0,6.125],"rotation":0,"texture":"#0","tintindex":0},"north":{"uv":[1.25,6.0,2.5,6.125],"rotation":0,"texture":"#0","tintindex":0},"west":{"uv":[2.5,6.0,3.75,6.125],"rotation":0,"texture":"#0","tintindex":0},"up":{"uv":[2.5,6.0,1.25,4.75],"rotation":0,"texture":"#0","tintindex":0},"down":{"uv":[3.75,4.75,2.5,6.0],"rotation":0,"texture":"#0","tintindex":0}}},{"from":[6.0,10.142858,6.0],"to":[10.0,10.714286,10.0],"rotation":{"angle":-45.0,"axis":"x","origin":[8.0,8.0,8.0]},"faces":{"east":{"uv":[4.625,4.25,5.5,4.375],"rotation":0,"texture":"#0","tintindex":0},"south":{"uv":[7.25,4.25,8.125,4.375],"rotation":0,"texture":"#0","tintindex":0},"north":{"uv":[5.5,4.25,6.375,4.375],"rotation":0,"texture":"#0","tintindex":0},"west":{"uv":[6.375,4.25,7.25,4.375],"rotation":0,"texture":"#0","tintindex":0},"up":{"uv":[6.375,4.25,5.5,3.375],"rotation":0,"texture":"#0","tintindex":0},"down":{"uv":[7.25,3.375,6.375,4.25],"rotation":0,"texture":"#0","tintindex":0}}},{"from":[6.285714,10.571428,6.285714],"to":[9.714286,11.142858,9.714286],"rotation":{"angle":-45.0,"axis":"x","origin":[8.0,8.0,8.0]},"faces":{"east":{"uv":[4.375,7.0,5.125,7.125],"rotation":0,"texture":"#0","tintindex":0},"south":{"uv":[6.625,7.0,7.375,7.125],"rotation":0,"texture":"#0","tintindex":0},"north":{"uv":[5.125,7.0,5.875,7.125],"rotation":0,"texture":"#0","tintindex":0},"west":{"uv":[5.875,7.0,6.625,7.125],"rotation":0,"texture":"#0","tintindex":0},"up":{"uv":[5.875,7.0,5.125,6.25],"rotation":0,"texture":"#0","tintindex":0},"down":{"uv":[6.625,6.25,5.875,7.0],"rotation":0,"texture":"#0","tintindex":0}}},{"from":[6.857143,11.142858,6.857143],"to":[9.142858,14.0,9.142858],"rotation":{"angle":-45.0,"axis":"x","origin":[8.0,8.0,8.0]},"faces":{"east":{"uv":[0.0,9.625,0.5,10.25],"rotation":0,"texture":"#0","tintindex":0},"south":{"uv":[1.5,9.625,2.0,10.25],"rotation":0,"texture":"#0","tintindex":0},"north":{"uv":[0.5,9.625,1.0,10.25],"rotation":0,"texture":"#0","tintindex":0},"west":{"uv":[1.0,9.625,1.5,10.25],"rotation":0,"texture":"#0","tintindex":0},"up":{"uv":[1.0,9.625,0.5,9.125],"rotation":0,"texture":"#0","tintindex":0},"down":{"uv":[1.5,9.125,1.0,9.625],"rotation":0,"texture":"#0","tintindex":0}}},{"from":[7.142857,13.714286,7.142857],"to":[8.857143,14.285715,8.857143],"rotation":{"angle":-45.0,"axis":"x","origin":[8.0,8.0,8.0]},"faces":{"east":{"uv":[3.0,9.625,3.375,9.75],"rotation":0,"texture":"#0","tintindex":0},"south":{"uv":[4.125,9.625,4.5,9.75],"rotation":0,"texture":"#0","tintindex":0},"north":{"uv":[3.375,9.625,3.75,9.75],"rotation":0,"texture":"#0","tintindex":0},"west":{"uv":[3.75,9.625,4.125,9.75],"rotation":0,"texture":"#0","tintindex":0},"up":{"uv":[3.75,9.625,3.375,9.25],"rotation":0,"texture":"#0","tintindex":0},"down":{"uv":[4.125,9.25,3.75,9.625],"rotation":0,"texture":"#0","tintindex":0}}},{"from":[7.428571,14.0,7.428571],"to":[8.571428,14.571428,8.571428],"rotation":{"angle":-45.0,"axis":"x","origin":[8.0,8.0,8.0]},"faces":{"east":{"uv":[0.0,4.25,0.25,4.375],"rotation":0,"texture":"#0","tintindex":0},"south":{"uv":[0.75,4.25,1.0,4.375],"rotation":0,"texture":"#0","tintindex":0},"north":{"uv":[0.25,4.25,0.5,4.375],"rotation":0,"texture":"#0","tintindex":0},"west":{"uv":[0.5,4.25,0.75,4.375],"rotation":0,"texture":"#0","tintindex":0},"up":{"uv":[0.5,4.25,0.25,4.0],"rotation":0,"texture":"#0","tintindex":0},"down":{"uv":[0.75,4.0,0.5,4.25],"rotation":0,"texture":"#0","tintindex":0}}},{"from":[7.714286,14.428572,7.714286],"to":[8.285714,15.0,8.285714],"rotation":{"angle":-45.0,"axis":"x","origin":[8.0,8.0,8.0]},"faces":{"east":{"uv":[3.75,2.375,3.875,2.5],"rotation":0,"texture":"#0","tintindex":0},"south":{"uv":[4.125,2.375,4.25,2.5],"rotation":0,"texture":"#0","tintindex":0},"north":{"uv":[3.875,2.375,4.0,2.5],"rotation":0,"texture":"#0","tintindex":0},"west":{"uv":[4.0,2.375,4.125,2.5],"rotation":0,"texture":"#0","tintindex":0},"up":{"uv":[4.0,2.375,3.875,2.25],"rotation":0,"texture":"#0","tintindex":0},"down":{"uv":[4.125,2.25,4.0,2.375],"rotation":0,"texture":"#0","tintindex":0}}},{"from":[5.142857,10.142858,10.285714],"to":[10.857143,10.714286,10.857143],"rotation":{"angle":-45.0,"axis":"x","origin":[8.0,8.0,8.0]},"faces":{"east":{"uv":[8.375,2.0,8.5,2.125],"rotation":0,"texture":"#0","tintindex":0},"south":{"uv":[9.875,2.0,11.125,2.125],"rotation":0,"texture":"#0","tintindex":0},"north":{"uv":[8.5,2.0,9.75,2.125],"rotation":0,"texture":"#0","tintindex":0},"west":{"uv":[9.75,2.0,9.875,2.125],"rotation":0,"texture":"#0","tintindex":0},"up":{"uv":[9.75,2.0,8.5,1.875],"rotation":0,"texture":"#0","tintindex":0},"down":{"uv":[11.0,1.875,9.75,2.0],"rotation":0,"texture":"#0","tintindex":0}}},{"from":[5.142857,10.142858,10.285714],"to":[10.857143,10.714286,10.857143],"rotation":{"angle":-45.0,"axis":"x","origin":[8.0,8.0,8.0]},"faces":{"east":{"uv":[6.625,6.375,6.75,6.5],"rotation":0,"texture":"#0","tintindex":0},"south":{"uv":[8.125,6.375,9.375,6.5],"rotation":0,"texture":"#0","tintindex":0},"north":{"uv":[6.75,6.375,8.0,6.5],"rotation":0,"texture":"#0","tintindex":0},"west":{"uv":[8.0,6.375,8.125,6.5],"rotation":0,"texture":"#0","tintindex":0},"up":{"uv":[8.0,6.375,6.75,6.25],"rotation":0,"texture":"#0","tintindex":0},"down":{"uv":[9.25,6.25,8.0,6.375],"rotation":0,"texture":"#0","tintindex":0}}}],"display":{"head":{"translation":[0.0,-6.4,0.0],"scale":[4.0,4.0,4.0]}}}