{"textures":{"0":"modelengine:entity/stage1"},"elements":[{"from":[6.857143,2.2857141,6.857143],"to":[9.142858,8.0,9.142858],"rotation":{"angle":0.0,"axis":"y","origin":[8.0,8.0,8.0]},"faces":{"east":{"uv":[6.875,7.125,7.375,8.375],"rotation":0,"texture":"#0","tintindex":0},"south":{"uv":[8.375,7.125,8.875,8.375],"rotation":0,"texture":"#0","tintindex":0},"north":{"uv":[7.375,7.125,7.875,8.375],"rotation":0,"texture":"#0","tintindex":0},"west":{"uv":[7.875,7.125,8.375,8.375],"rotation":0,"texture":"#0","tintindex":0},"up":{"uv":[7.875,7.125,7.375,6.625],"rotation":0,"texture":"#0","tintindex":0},"down":{"uv":[8.375,6.625,7.875,7.125],"rotation":0,"texture":"#0","tintindex":0}}}],"display":{"head":{"translation":[0.0,-6.4,0.0],"scale":[4.0,4.0,4.0]}}}