{"textures":{"0":"modelengine:entity/stage1"},"elements":[{"from":[6.857143,6.857143,9.0],"to":[9.142858,9.714286,9.571428],"rotation":{"angle":0.0,"axis":"y","origin":[8.0,8.0,8.0]},"faces":{"east":{"uv":[2.25,6.25,2.375,6.875],"rotation":0,"texture":"#0","tintindex":0},"south":{"uv":[3.0,6.25,3.5,6.875],"rotation":0,"texture":"#0","tintindex":0},"north":{"uv":[2.375,6.25,2.875,6.875],"rotation":0,"texture":"#0","tintindex":0},"west":{"uv":[2.875,6.25,3.0,6.875],"rotation":0,"texture":"#0","tintindex":0},"up":{"uv":[2.875,6.25,2.375,6.125],"rotation":0,"texture":"#0","tintindex":0},"down":{"uv":[3.375,6.125,2.875,6.25],"rotation":0,"texture":"#0","tintindex":0}}},{"from":[6.857143,6.857143,6.428571],"to":[9.142858,9.714286,7.0],"rotation":{"angle":0.0,"axis":"y","origin":[8.0,8.0,8.0]},"faces":{"east":{"uv":[3.75,4.875,3.875,5.5],"rotation":0,"texture":"#0","tintindex":0},"south":{"uv":[4.5,4.875,5.0,5.5],"rotation":0,"texture":"#0","tintindex":0},"north":{"uv":[3.875,4.875,4.375,5.5],"rotation":0,"texture":"#0","tintindex":0},"west":{"uv":[4.375,4.875,4.5,5.5],"rotation":0,"texture":"#0","tintindex":0},"up":{"uv":[4.375,4.875,3.875,4.75],"rotation":0,"texture":"#0","tintindex":0},"down":{"uv":[4.875,4.75,4.375,4.875],"rotation":0,"texture":"#0","tintindex":0}}},{"from":[6.285714,6.5714283,6.285714],"to":[6.857143,10.0,9.714286],"rotation":{"angle":0.0,"axis":"y","origin":[5.142857,8.0,8.0]},"faces":{"east":{"uv":[9.0,8.875,9.75,9.625],"rotation":0,"texture":"#0","tintindex":0},"south":{"uv":[10.625,8.875,10.75,9.625],"rotation":0,"texture":"#0","tintindex":0},"north":{"uv":[9.75,8.875,9.875,9.625],"rotation":0,"texture":"#0","tintindex":0},"west":{"uv":[9.875,8.875,10.625,9.625],"rotation":0,"texture":"#0","tintindex":0},"up":{"uv":[9.875,8.875,9.75,8.125],"rotation":0,"texture":"#0","tintindex":0},"down":{"uv":[10.0,8.125,9.875,8.875],"rotation":0,"texture":"#0","tintindex":0}}},{"from":[8.519558,7.017562,6.285714],"to":[9.6624155,11.017562,9.714286],"rotation":{"angle":22.5,"axis":"z","origin":[10.233844,8.731848,8.0]},"faces":{"east":{"uv":[8.125,3.375,8.875,4.25],"rotation":0,"texture":"#0","tintindex":0},"south":{"uv":[9.875,3.375,10.125,4.25],"rotation":0,"texture":"#0","tintindex":0},"north":{"uv":[8.875,3.375,9.125,4.25],"rotation":0,"texture":"#0","tintindex":0},"west":{"uv":[9.125,3.375,9.875,4.25],"rotation":0,"texture":"#0","tintindex":0},"up":{"uv":[9.125,3.375,8.875,2.625],"rotation":0,"texture":"#0","tintindex":0},"down":{"uv":[9.375,2.625,9.125,3.375],"rotation":0,"texture":"#0","tintindex":0}}},{"from":[6.857143,9.714286,6.285714],"to":[8.0,10.285714,9.714286],"rotation":{"angle":0.0,"axis":"y","origin":[6.857143,8.0,8.0]},"faces":{"east":{"uv":[2.25,3.75,3.0,3.875],"rotation":0,"texture":"#0","tintindex":0},"south":{"uv":[4.0,3.75,4.25,3.875],"rotation":0,"texture":"#0","tintindex":0},"north":{"uv":[3.0,3.75,3.25,3.875],"rotation":0,"texture":"#0","tintindex":0},"west":{"uv":[3.25,3.75,4.0,3.875],"rotation":0,"texture":"#0","tintindex":0},"up":{"uv":[3.25,3.75,3.0,3.0],"rotation":0,"texture":"#0","tintindex":0},"down":{"uv":[3.5,3.0,3.25,3.75],"rotation":0,"texture":"#0","tintindex":0}}},{"from":[6.857143,6.857143,6.857143],"to":[9.142858,7.428571,9.142858],"rotation":{"angle":0.0,"axis":"y","origin":[6.857143,5.142857,8.0]},"faces":{"east":{"uv":[0.0,10.75,0.5,10.875],"rotation":0,"texture":"#0","tintindex":0},"south":{"uv":[1.5,10.75,2.0,10.875],"rotation":0,"texture":"#0","tintindex":0},"north":{"uv":[0.5,10.75,1.0,10.875],"rotation":0,"texture":"#0","tintindex":0},"west":{"uv":[1.0,10.75,1.5,10.875],"rotation":0,"texture":"#0","tintindex":0},"up":{"uv":[1.0,10.75,0.5,10.25],"rotation":0,"texture":"#0","tintindex":0},"down":{"uv":[1.5,10.25,1.0,10.75],"rotation":0,"texture":"#0","tintindex":0}}},{"from":[6.857143,2.8571424,6.857143],"to":[8.0,9.142858,9.142858],"rotation":{"angle":0.0,"axis":"y","origin":[8.0,8.0,8.0]},"faces":{"east":{"uv":[7.5,8.875,8.0,10.25],"rotation":0,"texture":"#0","tintindex":0},"south":{"uv":[8.75,8.875,9.0,10.25],"rotation":0,"texture":"#0","tintindex":0},"north":{"uv":[8.0,8.875,8.25,10.25],"rotation":0,"texture":"#0","tintindex":0},"west":{"uv":[8.25,8.875,8.75,10.25],"rotation":0,"texture":"#0","tintindex":0},"up":{"uv":[8.25,8.875,8.0,8.375],"rotation":0,"texture":"#0","tintindex":0},"down":{"uv":[8.5,8.375,8.25,8.875],"rotation":0,"texture":"#0","tintindex":0}}}],"display":{"head":{"translation":[0.0,-6.4,0.0],"scale":[4.0,4.0,4.0]}}}