{"textures":{"0":"modelengine:entity/stage1"},"elements":[{"from":[7.142857,6.285714,6.5714283],"to":[8.857143,7.428571,9.428572],"rotation":{"angle":0.0,"axis":"y","origin":[8.0,8.0,9.142858]},"faces":{"east":{"uv":[9.125,4.875,9.75,5.125],"rotation":0,"texture":"#0","tintindex":0},"south":{"uv":[10.75,4.875,11.125,5.125],"rotation":0,"texture":"#0","tintindex":0},"north":{"uv":[9.75,4.875,10.125,5.125],"rotation":0,"texture":"#0","tintindex":0},"west":{"uv":[10.125,4.875,10.75,5.125],"rotation":0,"texture":"#0","tintindex":0},"up":{"uv":[10.125,4.875,9.75,4.25],"rotation":0,"texture":"#0","tintindex":0},"down":{"uv":[10.5,4.25,10.125,4.875],"rotation":0,"texture":"#0","tintindex":0}}},{"from":[6.5714283,6.714286,6.5714283],"to":[7.142857,8.428572,9.428572],"rotation":{"angle":22.5,"axis":"z","origin":[7.428571,8.428572,9.142858]},"faces":{"east":{"uv":[4.875,10.25,5.5,10.625],"rotation":0,"texture":"#0","tintindex":0},"south":{"uv":[6.25,10.25,6.375,10.625],"rotation":0,"texture":"#0","tintindex":0},"north":{"uv":[5.5,10.25,5.625,10.625],"rotation":0,"texture":"#0","tintindex":0},"west":{"uv":[5.625,10.25,6.25,10.625],"rotation":0,"texture":"#0","tintindex":0},"up":{"uv":[5.625,10.25,5.5,9.625],"rotation":0,"texture":"#0","tintindex":0},"down":{"uv":[5.75,9.625,5.625,10.25],"rotation":0,"texture":"#0","tintindex":0}}},{"from":[7.428571,1.7142854,6.857143],"to":[8.571428,8.0,9.142858],"rotation":{"angle":0.0,"axis":"y","origin":[8.0,8.0,9.142858]},"faces":{"east":{"uv":[8.375,0.5,8.875,1.875],"rotation":0,"texture":"#0","tintindex":0},"south":{"uv":[9.625,0.5,9.875,1.875],"rotation":0,"texture":"#0","tintindex":0},"north":{"uv":[8.875,0.5,9.125,1.875],"rotation":0,"texture":"#0","tintindex":0},"west":{"uv":[9.125,0.5,9.625,1.875],"rotation":0,"texture":"#0","tintindex":0},"up":{"uv":[9.125,0.5,8.875,0.0],"rotation":0,"texture":"#0","tintindex":0},"down":{"uv":[9.375,0.0,9.125,0.5],"rotation":0,"texture":"#0","tintindex":0}}}],"display":{"head":{"translation":[0.0,-6.4,0.0],"scale":[4.0,4.0,4.0]}}}