{"textures":{"0":"modelengine:entity/stage1"},"elements":[{"from":[6.857143,2.2857141,6.857143],"to":[9.142858,8.0,9.142858],"rotation":{"angle":0.0,"axis":"y","origin":[8.0,8.0,8.0]},"faces":{"east":{"uv":[2.0,8.0,2.5,9.25],"rotation":0,"texture":"#0","tintindex":0},"south":{"uv":[3.5,8.0,4.0,9.25],"rotation":0,"texture":"#0","tintindex":0},"north":{"uv":[2.5,8.0,3.0,9.25],"rotation":0,"texture":"#0","tintindex":0},"west":{"uv":[3.0,8.0,3.5,9.25],"rotation":0,"texture":"#0","tintindex":0},"up":{"uv":[3.0,8.0,2.5,7.5],"rotation":0,"texture":"#0","tintindex":0},"down":{"uv":[3.5,7.5,3.0,8.0],"rotation":0,"texture":"#0","tintindex":0}}}],"display":{"head":{"translation":[0.0,-6.4,0.0],"scale":[4.0,4.0,4.0]}}}