{"textures":{"0":"modelengine:entity/stage1"},"elements":[{"from":[6.857143,2.2857141,6.857143],"to":[9.142858,8.0,9.142858],"rotation":{"angle":0.0,"axis":"y","origin":[8.0,8.0,8.0]},"faces":{"east":{"uv":[4.0,8.0,4.5,9.25],"rotation":0,"texture":"#0","tintindex":0},"south":{"uv":[5.5,8.0,6.0,9.25],"rotation":0,"texture":"#0","tintindex":0},"north":{"uv":[4.5,8.0,5.0,9.25],"rotation":0,"texture":"#0","tintindex":0},"west":{"uv":[5.0,8.0,5.5,9.25],"rotation":0,"texture":"#0","tintindex":0},"up":{"uv":[5.0,8.0,4.5,7.5],"rotation":0,"texture":"#0","tintindex":0},"down":{"uv":[5.5,7.5,5.0,8.0],"rotation":0,"texture":"#0","tintindex":0}}}],"display":{"head":{"translation":[0.0,-6.4,0.0],"scale":[4.0,4.0,4.0]}}}