{"textures":{"0":"modelengine:entity/stage1"},"elements":[{"from":[7.428571,1.7142854,6.857143],"to":[8.571428,8.0,9.142858],"rotation":{"angle":0.0,"axis":"y","origin":[8.0,8.0,9.142858]},"faces":{"east":{"uv":[6.0,8.875,6.5,10.25],"rotation":0,"texture":"#0","tintindex":0},"south":{"uv":[7.25,8.875,7.5,10.25],"rotation":0,"texture":"#0","tintindex":0},"north":{"uv":[6.5,8.875,6.75,10.25],"rotation":0,"texture":"#0","tintindex":0},"west":{"uv":[6.75,8.875,7.25,10.25],"rotation":0,"texture":"#0","tintindex":0},"up":{"uv":[6.75,8.875,6.5,8.375],"rotation":0,"texture":"#0","tintindex":0},"down":{"uv":[7.0,8.375,6.75,8.875],"rotation":0,"texture":"#0","tintindex":0}}}],"display":{"head":{"translation":[0.0,-6.4,0.0],"scale":[4.0,4.0,4.0]}}}