{"textures":{"0":"modelengine:entity/stage1"},"elements":[{"from":[8.0,2.8571424,6.857143],"to":[9.142858,9.142858,9.142858],"rotation":{"angle":0.0,"axis":"y","origin":[8.0,8.571428,8.0]},"faces":{"east":{"uv":[8.875,6.75,9.375,8.125],"rotation":0,"texture":"#0","tintindex":0},"south":{"uv":[10.125,6.75,10.375,8.125],"rotation":0,"texture":"#0","tintindex":0},"north":{"uv":[9.375,6.75,9.625,8.125],"rotation":0,"texture":"#0","tintindex":0},"west":{"uv":[9.625,6.75,10.125,8.125],"rotation":0,"texture":"#0","tintindex":0},"up":{"uv":[9.625,6.75,9.375,6.25],"rotation":0,"texture":"#0","tintindex":0},"down":{"uv":[9.875,6.25,9.625,6.75],"rotation":0,"texture":"#0","tintindex":0}}},{"from":[9.428572,3.4285712,6.857143],"to":[9.428572,5.142857,7.428571],"rotation":{"angle":22.5,"axis":"z","origin":[10.0,4.0,6.857143]},"faces":{"east":{"uv":[0.25,2.75,0.375,3.125],"rotation":0,"texture":"#0","tintindex":0},"south":{"uv":[0.5,2.75,0.5,3.125],"rotation":0,"texture":"#0","tintindex":0},"north":{"uv":[0.375,2.75,0.375,3.125],"rotation":0,"texture":"#0","tintindex":0},"west":{"uv":[0.375,2.75,0.5,3.125],"rotation":0,"texture":"#0","tintindex":0},"up":{"uv":[0.375,2.75,0.375,2.625],"rotation":0,"texture":"#0","tintindex":0},"down":{"uv":[0.375,2.625,0.375,2.75],"rotation":0,"texture":"#0","tintindex":0}}},{"from":[9.428572,2.8571424,8.0],"to":[9.428572,5.142857,8.571428],"rotation":{"angle":22.5,"axis":"z","origin":[10.0,4.0,8.0]},"faces":{"east":{"uv":[0.0,2.75,0.125,3.25],"rotation":0,"texture":"#0","tintindex":0},"south":{"uv":[0.25,2.75,0.25,3.25],"rotation":0,"texture":"#0","tintindex":0},"north":{"uv":[0.125,2.75,0.125,3.25],"rotation":0,"texture":"#0","tintindex":0},"west":{"uv":[0.125,2.75,0.25,3.25],"rotation":0,"texture":"#0","tintindex":0},"up":{"uv":[0.125,2.75,0.125,2.625],"rotation":0,"texture":"#0","tintindex":0},"down":{"uv":[0.125,2.625,0.125,2.75],"rotation":0,"texture":"#0","tintindex":0}}},{"from":[9.428572,4.0,8.571428],"to":[9.428572,5.714286,9.142858],"rotation":{"angle":22.5,"axis":"z","origin":[10.0,4.5714283,8.571428]},"faces":{"east":{"uv":[0.0,1.125,0.125,1.5],"rotation":0,"texture":"#0","tintindex":0},"south":{"uv":[0.25,1.125,0.25,1.5],"rotation":0,"texture":"#0","tintindex":0},"north":{"uv":[0.125,1.125,0.125,1.5],"rotation":0,"texture":"#0","tintindex":0},"west":{"uv":[0.125,1.125,0.25,1.5],"rotation":0,"texture":"#0","tintindex":0},"up":{"uv":[0.125,1.125,0.125,1.0],"rotation":0,"texture":"#0","tintindex":0},"down":{"uv":[0.125,1.0,0.125,1.125],"rotation":0,"texture":"#0","tintindex":0}}},{"from":[9.428572,4.5714283,7.428571],"to":[9.428572,5.714286,8.0],"rotation":{"angle":22.5,"axis":"z","origin":[10.0,4.5714283,7.428571]},"faces":{"east":{"uv":[3.75,2.5,3.875,2.75],"rotation":0,"texture":"#0","tintindex":0},"south":{"uv":[4.0,2.5,4.0,2.75],"rotation":0,"texture":"#0","tintindex":0},"north":{"uv":[3.875,2.5,3.875,2.75],"rotation":0,"texture":"#0","tintindex":0},"west":{"uv":[3.875,2.5,4.0,2.75],"rotation":0,"texture":"#0","tintindex":0},"up":{"uv":[3.875,2.5,3.875,2.375],"rotation":0,"texture":"#0","tintindex":0},"down":{"uv":[3.875,2.375,3.875,2.5],"rotation":0,"texture":"#0","tintindex":0}}}],"display":{"head":{"translation":[0.0,-6.4,0.0],"scale":[4.0,4.0,4.0]}}}