{"textures":{"0":"modelengine:entity/stage1"},"elements":[{"from":[6.857143,6.5714283,6.714286],"to":[9.142858,9.428572,6.714286],"rotation":{"angle":0.0,"axis":"y","origin":[8.0,12.285715,7.857143]},"faces":{"east":{"uv":[5.5,7.125,5.5,7.75],"rotation":0,"texture":"#0","tintindex":0},"south":{"uv":[6.0,7.125,6.5,7.75],"rotation":0,"texture":"#0","tintindex":0},"north":{"uv":[5.5,7.125,6.0,7.75],"rotation":0,"texture":"#0","tintindex":0},"west":{"uv":[6.0,7.125,6.0,7.75],"rotation":0,"texture":"#0","tintindex":0},"up":{"uv":[6.0,7.125,5.5,7.125],"rotation":0,"texture":"#0","tintindex":0},"down":{"uv":[6.5,7.125,6.0,7.125],"rotation":0,"texture":"#0","tintindex":0}}},{"from":[6.857143,2.2857141,6.857143],"to":[9.142858,8.0,9.142858],"rotation":{"angle":0.0,"axis":"y","origin":[8.0,8.0,8.0]},"faces":{"east":{"uv":[0.0,7.875,0.5,9.125],"rotation":0,"texture":"#0","tintindex":0},"south":{"uv":[1.5,7.875,2.0,9.125],"rotation":0,"texture":"#0","tintindex":0},"north":{"uv":[0.5,7.875,1.0,9.125],"rotation":0,"texture":"#0","tintindex":0},"west":{"uv":[1.0,7.875,1.5,9.125],"rotation":0,"texture":"#0","tintindex":0},"up":{"uv":[1.0,7.875,0.5,7.375],"rotation":0,"texture":"#0","tintindex":0},"down":{"uv":[1.5,7.375,1.0,7.875],"rotation":0,"texture":"#0","tintindex":0}}}],"display":{"head":{"translation":[0.0,-6.4,0.0],"scale":[4.0,4.0,4.0]}}}