{"textures":{"0":"modelengine:entity/stage1"},"elements":[{"from":[7.714286,7.428571,6.285715],"to":[8.285714,8.571428,11.428573],"rotation":{"angle":0.0,"axis":"y","origin":[8.0,7.428571,9.428573]},"faces":{"east":{"uv":[3.0,7.25,4.125,7.5],"rotation":0,"texture":"#0","tintindex":0},"south":{"uv":[5.375,7.25,5.5,7.5],"rotation":0,"texture":"#0","tintindex":0},"north":{"uv":[4.125,7.25,4.25,7.5],"rotation":0,"texture":"#0","tintindex":0},"west":{"uv":[4.25,7.25,5.375,7.5],"rotation":0,"texture":"#0","tintindex":0},"up":{"uv":[4.25,7.25,4.125,6.125],"rotation":0,"texture":"#0","tintindex":0},"down":{"uv":[4.375,6.125,4.25,7.25],"rotation":0,"texture":"#0","tintindex":0}}},{"from":[7.714286,5.714286,5.7142863],"to":[8.285714,10.285714,6.285715],"rotation":{"angle":0.0,"axis":"y","origin":[8.0,8.0,3.7142863]},"faces":{"east":{"uv":[0.0,0.125,0.125,1.125],"rotation":0,"texture":"#0","tintindex":0},"south":{"uv":[0.375,0.125,0.5,1.125],"rotation":0,"texture":"#0","tintindex":0},"north":{"uv":[0.125,0.125,0.25,1.125],"rotation":0,"texture":"#0","tintindex":0},"west":{"uv":[0.25,0.125,0.375,1.125],"rotation":0,"texture":"#0","tintindex":0},"up":{"uv":[0.25,0.125,0.125,0.0],"rotation":0,"texture":"#0","tintindex":0},"down":{"uv":[0.375,0.0,0.25,0.125],"rotation":0,"texture":"#0","tintindex":0}}},{"from":[7.714286,9.714286,5.1428576],"to":[8.285714,10.285714,5.7142863],"rotation":{"angle":0.0,"axis":"y","origin":[8.0,8.0,2.5714293]},"faces":{"east":{"uv":[3.75,2.125,3.875,2.25],"rotation":0,"texture":"#0","tintindex":0},"south":{"uv":[4.125,2.125,4.25,2.25],"rotation":0,"texture":"#0","tintindex":0},"north":{"uv":[3.875,2.125,4.0,2.25],"rotation":0,"texture":"#0","tintindex":0},"west":{"uv":[4.0,2.125,4.125,2.25],"rotation":0,"texture":"#0","tintindex":0},"up":{"uv":[4.0,2.125,3.875,2.0],"rotation":0,"texture":"#0","tintindex":0},"down":{"uv":[4.125,2.0,4.0,2.125],"rotation":0,"texture":"#0","tintindex":0}}},{"from":[7.714286,5.714286,5.1428576],"to":[8.285714,6.285714,5.7142863],"rotation":{"angle":0.0,"axis":"y","origin":[8.0,8.0,2.5714293]},"faces":{"east":{"uv":[3.75,1.875,3.875,2.0],"rotation":0,"texture":"#0","tintindex":0},"south":{"uv":[4.125,1.875,4.25,2.0],"rotation":0,"texture":"#0","tintindex":0},"north":{"uv":[3.875,1.875,4.0,2.0],"rotation":0,"texture":"#0","tintindex":0},"west":{"uv":[4.0,1.875,4.125,2.0],"rotation":0,"texture":"#0","tintindex":0},"up":{"uv":[4.0,1.875,3.875,1.75],"rotation":0,"texture":"#0","tintindex":0},"down":{"uv":[4.125,1.75,4.0,1.875],"rotation":0,"texture":"#0","tintindex":0}}},{"from":[7.714286,7.142857,-14.285715],"to":[8.285714,8.857143,5.7142863],"rotation":{"angle":0.0,"axis":"y","origin":[8.0,8.0,-16.857143]},"faces":{"east":{"uv":[0.0,4.375,4.375,4.75],"rotation":0,"texture":"#0","tintindex":0},"south":{"uv":[8.875,4.375,9.0,4.75],"rotation":0,"texture":"#0","tintindex":0},"north":{"uv":[4.375,4.375,4.5,4.75],"rotation":0,"texture":"#0","tintindex":0},"west":{"uv":[4.5,4.375,8.875,4.75],"rotation":0,"texture":"#0","tintindex":0},"up":{"uv":[4.5,4.375,4.375,0.0],"rotation":0,"texture":"#0","tintindex":0},"down":{"uv":[4.625,0.0,4.5,4.375],"rotation":0,"texture":"#0","tintindex":0}}},{"from":[7.714286,7.428571,-15.428572],"to":[8.285714,8.571428,-14.285715],"rotation":{"angle":0.0,"axis":"y","origin":[8.0,8.0,-38.0]},"faces":{"east":{"uv":[3.5,3.0,3.75,3.25],"rotation":0,"texture":"#0","tintindex":0},"south":{"uv":[4.125,3.0,4.25,3.25],"rotation":0,"texture":"#0","tintindex":0},"north":{"uv":[3.75,3.0,3.875,3.25],"rotation":0,"texture":"#0","tintindex":0},"west":{"uv":[3.875,3.0,4.125,3.25],"rotation":0,"texture":"#0","tintindex":0},"up":{"uv":[3.875,3.0,3.75,2.75],"rotation":0,"texture":"#0","tintindex":0},"down":{"uv":[4.0,2.75,3.875,3.0],"rotation":0,"texture":"#0","tintindex":0}}},{"from":[7.714286,7.714286,-16.0],"to":[8.285714,8.285714,-15.428572],"rotation":{"angle":0.0,"axis":"y","origin":[8.0,8.0,-39.714287]},"faces":{"east":{"uv":[3.75,1.625,3.875,1.75],"rotation":0,"texture":"#0","tintindex":0},"south":{"uv":[4.125,1.625,4.25,1.75],"rotation":0,"texture":"#0","tintindex":0},"north":{"uv":[3.875,1.625,4.0,1.75],"rotation":0,"texture":"#0","tintindex":0},"west":{"uv":[4.0,1.625,4.125,1.75],"rotation":0,"texture":"#0","tintindex":0},"up":{"uv":[4.0,1.625,3.875,1.5],"rotation":0,"texture":"#0","tintindex":0},"down":{"uv":[4.125,1.5,4.0,1.625],"rotation":0,"texture":"#0","tintindex":0}}}],"display":{"head":{"translation":[0.0,-6.4,-1.1428604],"scale":[4.0,4.0,4.0]}}}