{"textures":{"0":"modelengine:entity/stage1"},"elements":[{"from":[4.502103,9.261204,6.485714],"to":[9.073531,10.404061,6.485714],"rotation":{"angle":-45.0,"axis":"z","origin":[6.714286,9.857143,6.0571427]},"faces":{"east":{"uv":[2.25,3.875,2.25,4.125],"rotation":0,"texture":"#0","tintindex":0},"south":{"uv":[3.25,3.875,4.25,4.125],"rotation":0,"texture":"#0","tintindex":0},"north":{"uv":[2.25,3.875,3.25,4.125],"rotation":0,"texture":"#0","tintindex":0},"west":{"uv":[3.25,3.875,3.25,4.125],"rotation":0,"texture":"#0","tintindex":0},"up":{"uv":[3.25,3.875,2.25,3.875],"rotation":0,"texture":"#0","tintindex":0},"down":{"uv":[4.25,3.875,3.25,3.875],"rotation":0,"texture":"#0","tintindex":0}}},{"from":[4.0,8.0,6.5714283],"to":[12.0,12.0,9.428572],"rotation":{"angle":0.0,"axis":"y","origin":[8.0,8.571428,8.285714]},"faces":{"east":{"uv":[5.0,5.375,5.625,6.25],"rotation":0,"texture":"#0","tintindex":0},"south":{"uv":[8.0,5.375,9.75,6.25],"rotation":0,"texture":"#0","tintindex":0},"north":{"uv":[5.625,5.375,7.375,6.25],"rotation":0,"texture":"#0","tintindex":0},"west":{"uv":[7.375,5.375,8.0,6.25],"rotation":0,"texture":"#0","tintindex":0},"up":{"uv":[7.375,5.375,5.625,4.75],"rotation":0,"texture":"#0","tintindex":0},"down":{"uv":[9.125,4.75,7.375,5.375],"rotation":0,"texture":"#0","tintindex":0}}}],"display":{"head":{"translation":[0.0,-6.4,0.0],"scale":[4.0,4.0,4.0]}}}