{"textures":{"1":"modelengine:entity/ala\u0027rak"},"elements":[{"from":[5.714286,22.857141,5.714286],"to":[10.285714,27.42857,10.285714],"rotation":{"angle":0.0,"axis":"y","origin":[8.0,22.828571,8.0]},"faces":{"east":{"uv":[0.0,7.125,1.0,8.125],"rotation":0,"texture":"#1","tintindex":0},"south":{"uv":[3.0,7.125,4.0,8.125],"rotation":0,"texture":"#1","tintindex":0},"north":{"uv":[1.0,7.125,2.0,8.125],"rotation":0,"texture":"#1","tintindex":0},"west":{"uv":[2.0,7.125,3.0,8.125],"rotation":0,"texture":"#1","tintindex":0},"up":{"uv":[2.0,7.125,1.0,6.125],"rotation":0,"texture":"#1","tintindex":0},"down":{"uv":[3.0,6.125,2.0,7.125],"rotation":0,"texture":"#1","tintindex":0}}},{"from":[4.0,27.42857,4.0],"to":[12.0,28.0,12.0],"rotation":{"angle":0.0,"axis":"y","origin":[8.0,27.4,8.0]},"faces":{"east":{"uv":[0.0,1.75,1.75,1.875],"rotation":0,"texture":"#1","tintindex":0},"south":{"uv":[5.25,1.75,7.0,1.875],"rotation":0,"texture":"#1","tintindex":0},"north":{"uv":[1.75,1.75,3.5,1.875],"rotation":0,"texture":"#1","tintindex":0},"west":{"uv":[3.5,1.75,5.25,1.875],"rotation":0,"texture":"#1","tintindex":0},"up":{"uv":[3.5,1.75,1.75,0.0],"rotation":0,"texture":"#1","tintindex":0},"down":{"uv":[5.25,0.0,3.5,1.75],"rotation":0,"texture":"#1","tintindex":0}}},{"from":[4.5714283,28.0,4.5714283],"to":[11.428572,29.142857,11.428572],"rotation":{"angle":0.0,"axis":"y","origin":[8.0,27.971428,8.0]},"faces":{"east":{"uv":[0.0,3.375,1.5,3.625],"rotation":0,"texture":"#1","tintindex":0},"south":{"uv":[4.5,3.375,6.0,3.625],"rotation":0,"texture":"#1","tintindex":0},"north":{"uv":[1.5,3.375,3.0,3.625],"rotation":0,"texture":"#1","tintindex":0},"west":{"uv":[3.0,3.375,4.5,3.625],"rotation":0,"texture":"#1","tintindex":0},"up":{"uv":[3.0,3.375,1.5,1.875],"rotation":0,"texture":"#1","tintindex":0},"down":{"uv":[4.5,1.875,3.0,3.375],"rotation":0,"texture":"#1","tintindex":0}}},{"from":[5.142857,29.142857,5.142857],"to":[10.857143,31.42857,10.857143],"rotation":{"angle":0.0,"axis":"y","origin":[8.0,29.114285,8.0]},"faces":{"east":{"uv":[3.75,6.375,5.0,6.875],"rotation":0,"texture":"#1","tintindex":0},"south":{"uv":[7.5,6.375,8.75,6.875],"rotation":0,"texture":"#1","tintindex":0},"north":{"uv":[5.0,6.375,6.25,6.875],"rotation":0,"texture":"#1","tintindex":0},"west":{"uv":[6.25,6.375,7.5,6.875],"rotation":0,"texture":"#1","tintindex":0},"up":{"uv":[6.25,6.375,5.0,5.125],"rotation":0,"texture":"#1","tintindex":0},"down":{"uv":[7.5,5.125,6.25,6.375],"rotation":0,"texture":"#1","tintindex":0}}},{"from":[4.8571424,31.42857,4.8571424],"to":[11.142858,32.0,11.142858],"rotation":{"angle":0.0,"axis":"y","origin":[8.0,31.4,8.0]},"faces":{"east":{"uv":[2.75,5.0,4.125,5.125],"rotation":0,"texture":"#1","tintindex":0},"south":{"uv":[6.875,5.0,8.25,5.125],"rotation":0,"texture":"#1","tintindex":0},"north":{"uv":[4.125,5.0,5.5,5.125],"rotation":0,"texture":"#1","tintindex":0},"west":{"uv":[5.5,5.0,6.875,5.125],"rotation":0,"texture":"#1","tintindex":0},"up":{"uv":[5.5,5.0,4.125,3.625],"rotation":0,"texture":"#1","tintindex":0},"down":{"uv":[6.875,3.625,5.5,5.0],"rotation":0,"texture":"#1","tintindex":0}}},{"from":[5.714286,22.257143,5.142857],"to":[10.285714,23.4,5.714286],"rotation":{"angle":0.0,"axis":"y","origin":[8.0,22.828571,2.8571424]},"faces":{"east":{"uv":[5.25,1.25,5.375,1.5],"rotation":0,"texture":"#1","tintindex":0},"south":{"uv":[6.5,1.25,7.5,1.5],"rotation":0,"texture":"#1","tintindex":0},"north":{"uv":[5.375,1.25,6.375,1.5],"rotation":0,"texture":"#1","tintindex":0},"west":{"uv":[6.375,1.25,6.5,1.5],"rotation":0,"texture":"#1","tintindex":0},"up":{"uv":[6.375,1.25,5.375,1.125],"rotation":0,"texture":"#1","tintindex":0},"down":{"uv":[7.375,1.125,6.375,1.25],"rotation":0,"texture":"#1","tintindex":0}}},{"from":[5.714286,23.971428,5.142857],"to":[10.285714,25.114285,5.714286],"rotation":{"angle":0.0,"axis":"y","origin":[8.0,24.542856,2.8571424]},"faces":{"east":{"uv":[2.75,5.25,2.875,5.5],"rotation":0,"texture":"#1","tintindex":0},"south":{"uv":[4.0,5.25,5.0,5.5],"rotation":0,"texture":"#1","tintindex":0},"north":{"uv":[2.875,5.25,3.875,5.5],"rotation":0,"texture":"#1","tintindex":0},"west":{"uv":[3.875,5.25,4.0,5.5],"rotation":0,"texture":"#1","tintindex":0},"up":{"uv":[3.875,5.25,2.875,5.125],"rotation":0,"texture":"#1","tintindex":0},"down":{"uv":[4.875,5.125,3.875,5.25],"rotation":0,"texture":"#1","tintindex":0}}},{"from":[8.571428,23.4,5.142857],"to":[10.285714,23.971428,5.714286],"rotation":{"angle":0.0,"axis":"y","origin":[8.0,24.542856,2.8571424]},"faces":{"east":{"uv":[5.25,1.625,5.375,1.75],"rotation":0,"texture":"#1","tintindex":0},"south":{"uv":[5.875,1.625,6.25,1.75],"rotation":0,"texture":"#1","tintindex":0},"north":{"uv":[5.375,1.625,5.75,1.75],"rotation":0,"texture":"#1","tintindex":0},"west":{"uv":[5.75,1.625,5.875,1.75],"rotation":0,"texture":"#1","tintindex":0},"up":{"uv":[5.75,1.625,5.375,1.5],"rotation":0,"texture":"#1","tintindex":0},"down":{"uv":[6.125,1.5,5.75,1.625],"rotation":0,"texture":"#1","tintindex":0}}},{"from":[6.285714,21.114285,5.142857],"to":[9.714286,22.257143,5.714286],"rotation":{"angle":0.0,"axis":"y","origin":[8.0,21.114285,2.8571424]},"faces":{"east":{"uv":[0.0,5.625,0.125,5.875],"rotation":0,"texture":"#1","tintindex":0},"south":{"uv":[1.0,5.625,1.75,5.875],"rotation":0,"texture":"#1","tintindex":0},"north":{"uv":[0.125,5.625,0.875,5.875],"rotation":0,"texture":"#1","tintindex":0},"west":{"uv":[0.875,5.625,1.0,5.875],"rotation":0,"texture":"#1","tintindex":0},"up":{"uv":[0.875,5.625,0.125,5.5],"rotation":0,"texture":"#1","tintindex":0},"down":{"uv":[1.625,5.5,0.875,5.625],"rotation":0,"texture":"#1","tintindex":0}}},{"from":[7.428571,18.828571,5.142857],"to":[8.571428,19.971428,5.714286],"rotation":{"angle":0.0,"axis":"y","origin":[8.0,18.828571,2.8571424]},"faces":{"east":{"uv":[1.5,3.75,1.625,4.0],"rotation":0,"texture":"#1","tintindex":0},"south":{"uv":[2.0,3.75,2.25,4.0],"rotation":0,"texture":"#1","tintindex":0},"north":{"uv":[1.625,3.75,1.875,4.0],"rotation":0,"texture":"#1","tintindex":0},"west":{"uv":[1.875,3.75,2.0,4.0],"rotation":0,"texture":"#1","tintindex":0},"up":{"uv":[1.875,3.75,1.625,3.625],"rotation":0,"texture":"#1","tintindex":0},"down":{"uv":[2.125,3.625,1.875,3.75],"rotation":0,"texture":"#1","tintindex":0}}},{"from":[6.857143,19.971428,5.142857],"to":[9.142858,21.114285,5.714286],"rotation":{"angle":0.0,"axis":"y","origin":[8.0,19.971428,2.8571424]},"faces":{"east":{"uv":[2.75,5.625,2.875,5.875],"rotation":0,"texture":"#1","tintindex":0},"south":{"uv":[3.5,5.625,4.0,5.875],"rotation":0,"texture":"#1","tintindex":0},"north":{"uv":[2.875,5.625,3.375,5.875],"rotation":0,"texture":"#1","tintindex":0},"west":{"uv":[3.375,5.625,3.5,5.875],"rotation":0,"texture":"#1","tintindex":0},"up":{"uv":[3.375,5.625,2.875,5.5],"rotation":0,"texture":"#1","tintindex":0},"down":{"uv":[3.875,5.5,3.375,5.625],"rotation":0,"texture":"#1","tintindex":0}}},{"from":[5.714286,23.4,5.142857],"to":[7.428571,23.971428,5.714286],"rotation":{"angle":0.0,"axis":"y","origin":[8.0,24.542856,2.8571424]},"faces":{"east":{"uv":[5.25,0.875,5.375,1.0],"rotation":0,"texture":"#1","tintindex":0},"south":{"uv":[5.875,0.875,6.25,1.0],"rotation":0,"texture":"#1","tintindex":0},"north":{"uv":[5.375,0.875,5.75,1.0],"rotation":0,"texture":"#1","tintindex":0},"west":{"uv":[5.75,0.875,5.875,1.0],"rotation":0,"texture":"#1","tintindex":0},"up":{"uv":[5.75,0.875,5.375,0.75],"rotation":0,"texture":"#1","tintindex":0},"down":{"uv":[6.125,0.75,5.75,0.875],"rotation":0,"texture":"#1","tintindex":0}}}],"display":{"head":{"translation":[0.0,2.8571486,0.0],"scale":[4.0,4.0,4.0]}}}