{"textures":{"1":"modelengine:entity/ala\u0027rak"},"elements":[{"from":[6.857143,-2.285715,7.0],"to":[8.0,2.8571424,9.0],"rotation":{"angle":0.0,"axis":"y","origin":[7.428571,1.1428566,8.0]},"faces":{"east":{"uv":[8.875,3.25,9.25,4.375],"rotation":0,"texture":"#1","tintindex":0},"south":{"uv":[9.875,3.25,10.125,4.375],"rotation":0,"texture":"#1","tintindex":0},"north":{"uv":[9.25,3.25,9.5,4.375],"rotation":0,"texture":"#1","tintindex":0},"west":{"uv":[9.5,3.25,9.875,4.375],"rotation":0,"texture":"#1","tintindex":0},"up":{"uv":[9.5,3.25,9.25,2.875],"rotation":0,"texture":"#1","tintindex":0},"down":{"uv":[9.75,2.875,9.5,3.25],"rotation":0,"texture":"#1","tintindex":0}}}],"display":{"head":{"translation":[0.0,-6.4,0.0],"scale":[4.0,4.0,4.0]}}}