{"textures":{"1":"modelengine:entity/ala\u0027rak"},"elements":[{"from":[9.142858,8.0,6.857143],"to":[11.428572,12.0,9.142858],"rotation":{"angle":0.0,"axis":"y","origin":[10.285714,8.0,8.0]},"faces":{"east":{"uv":[4.5,9.25,5.0,10.125],"rotation":0,"texture":"#1","tintindex":0},"south":{"uv":[6.0,9.25,6.5,10.125],"rotation":0,"texture":"#1","tintindex":0},"north":{"uv":[5.0,9.25,5.5,10.125],"rotation":0,"texture":"#1","tintindex":0},"west":{"uv":[5.5,9.25,6.0,10.125],"rotation":0,"texture":"#1","tintindex":0},"up":{"uv":[5.5,9.25,5.0,8.75],"rotation":0,"texture":"#1","tintindex":0},"down":{"uv":[6.0,8.75,5.5,9.25],"rotation":0,"texture":"#1","tintindex":0}}},{"from":[9.142858,12.0,6.857143],"to":[11.428572,16.0,9.142858],"rotation":{"angle":0.0,"axis":"y","origin":[10.285714,12.0,8.0]},"faces":{"east":{"uv":[6.5,9.25,7.0,10.125],"rotation":0,"texture":"#1","tintindex":0},"south":{"uv":[8.0,9.25,8.5,10.125],"rotation":0,"texture":"#1","tintindex":0},"north":{"uv":[7.0,9.25,7.5,10.125],"rotation":0,"texture":"#1","tintindex":0},"west":{"uv":[7.5,9.25,8.0,10.125],"rotation":0,"texture":"#1","tintindex":0},"up":{"uv":[7.5,9.25,7.0,8.75],"rotation":0,"texture":"#1","tintindex":0},"down":{"uv":[8.0,8.75,7.5,9.25],"rotation":0,"texture":"#1","tintindex":0}}}],"display":{"head":{"translation":[0.0,-6.4,0.0],"scale":[4.0,4.0,4.0]}}}