{"textures":{"1":"modelengine:entity/ala\u0027rak"},"elements":[{"from":[6.857143,2.8571424,6.857143],"to":[8.0,8.0,9.142858],"rotation":{"angle":0.0,"axis":"y","origin":[7.428571,6.857143,8.0]},"faces":{"east":{"uv":[6.875,3.75,7.375,4.875],"rotation":0,"texture":"#1","tintindex":0},"south":{"uv":[8.125,3.75,8.375,4.875],"rotation":0,"texture":"#1","tintindex":0},"north":{"uv":[7.375,3.75,7.625,4.875],"rotation":0,"texture":"#1","tintindex":0},"west":{"uv":[7.625,3.75,8.125,4.875],"rotation":0,"texture":"#1","tintindex":0},"up":{"uv":[7.625,3.75,7.375,3.25],"rotation":0,"texture":"#1","tintindex":0},"down":{"uv":[7.875,3.25,7.625,3.75],"rotation":0,"texture":"#1","tintindex":0}}}],"display":{"head":{"translation":[0.0,-6.4,0.0],"scale":[4.0,4.0,4.0]}}}