{"textures":{"1":"modelengine:entity/ala\u0027rak"},"elements":[{"from":[5.142857,8.0,6.428571],"to":[10.857143,13.714286,9.571428],"rotation":{"angle":0.0,"axis":"y","origin":[8.0,8.0,8.0]},"faces":{"east":{"uv":[6.0,7.5,6.625,8.75],"rotation":0,"texture":"#1","tintindex":0},"south":{"uv":[8.5,7.5,9.75,8.75],"rotation":0,"texture":"#1","tintindex":0},"north":{"uv":[6.625,7.5,7.875,8.75],"rotation":0,"texture":"#1","tintindex":0},"west":{"uv":[7.875,7.5,8.5,8.75],"rotation":0,"texture":"#1","tintindex":0},"up":{"uv":[7.875,7.5,6.625,6.875],"rotation":0,"texture":"#1","tintindex":0},"down":{"uv":[9.125,6.875,7.875,7.5],"rotation":0,"texture":"#1","tintindex":0}}},{"from":[4.8571424,10.285714,6.857143],"to":[6.0,14.285715,9.142858],"rotation":{"angle":22.5,"axis":"z","origin":[5.142857,12.0,8.0]},"faces":{"east":{"uv":[4.25,7.375,4.75,8.25],"rotation":0,"texture":"#1","tintindex":0},"south":{"uv":[5.5,7.375,5.75,8.25],"rotation":0,"texture":"#1","tintindex":0},"north":{"uv":[4.75,7.375,5.0,8.25],"rotation":0,"texture":"#1","tintindex":0},"west":{"uv":[5.0,7.375,5.5,8.25],"rotation":0,"texture":"#1","tintindex":0},"up":{"uv":[5.0,7.375,4.75,6.875],"rotation":0,"texture":"#1","tintindex":0},"down":{"uv":[5.25,6.875,5.0,7.375],"rotation":0,"texture":"#1","tintindex":0}}},{"from":[10.0,10.285714,6.857143],"to":[11.142858,14.285715,9.142858],"rotation":{"angle":-22.5,"axis":"z","origin":[10.857143,12.0,8.0]},"faces":{"east":{"uv":[0.0,2.375,0.5,3.25],"rotation":0,"texture":"#1","tintindex":0},"south":{"uv":[1.25,2.375,1.5,3.25],"rotation":0,"texture":"#1","tintindex":0},"north":{"uv":[0.5,2.375,0.75,3.25],"rotation":0,"texture":"#1","tintindex":0},"west":{"uv":[0.75,2.375,1.25,3.25],"rotation":0,"texture":"#1","tintindex":0},"up":{"uv":[0.75,2.375,0.5,1.875],"rotation":0,"texture":"#1","tintindex":0},"down":{"uv":[1.0,1.875,0.75,2.375],"rotation":0,"texture":"#1","tintindex":0}}}],"display":{"head":{"translation":[0.0,-6.4,0.0],"scale":[4.0,4.0,4.0]}}}