{"textures":{"1":"modelengine:entity/ala\u0027rak"},"elements":[{"from":[8.0,2.8571424,6.857143],"to":[9.142858,8.0,9.142858],"rotation":{"angle":0.0,"axis":"y","origin":[8.571428,6.857143,8.0]},"faces":{"east":{"uv":[0.0,0.5,0.5,1.625],"rotation":0,"texture":"#1","tintindex":0},"south":{"uv":[1.25,0.5,1.5,1.625],"rotation":0,"texture":"#1","tintindex":0},"north":{"uv":[0.5,0.5,0.75,1.625],"rotation":0,"texture":"#1","tintindex":0},"west":{"uv":[0.75,0.5,1.25,1.625],"rotation":0,"texture":"#1","tintindex":0},"up":{"uv":[0.75,0.5,0.5,0.0],"rotation":0,"texture":"#1","tintindex":0},"down":{"uv":[1.0,0.0,0.75,0.5],"rotation":0,"texture":"#1","tintindex":0}}}],"display":{"head":{"translation":[0.0,-6.4,0.0],"scale":[4.0,4.0,4.0]}}}