{"textures":{"1":"modelengine:entity/ala\u0027rak"},"elements":[{"from":[8.0,-2.285715,7.0],"to":[9.142858,2.8571424,9.0],"rotation":{"angle":0.0,"axis":"y","origin":[8.571428,1.1428566,8.0]},"faces":{"east":{"uv":[8.5,9.125,8.875,10.25],"rotation":0,"texture":"#1","tintindex":0},"south":{"uv":[9.5,9.125,9.75,10.25],"rotation":0,"texture":"#1","tintindex":0},"north":{"uv":[8.875,9.125,9.125,10.25],"rotation":0,"texture":"#1","tintindex":0},"west":{"uv":[9.125,9.125,9.5,10.25],"rotation":0,"texture":"#1","tintindex":0},"up":{"uv":[9.125,9.125,8.875,8.75],"rotation":0,"texture":"#1","tintindex":0},"down":{"uv":[9.375,8.75,9.125,9.125],"rotation":0,"texture":"#1","tintindex":0}}}],"display":{"head":{"translation":[0.0,-6.4,0.0],"scale":[4.0,4.0,4.0]}}}