{"textures":{"1":"modelengine:entity/ala\u0027rak"},"elements":[{"from":[4.5714283,8.0,6.857143],"to":[6.857143,12.0,9.142858],"rotation":{"angle":0.0,"axis":"y","origin":[5.714286,8.0,8.0]},"faces":{"east":{"uv":[2.5,9.25,3.0,10.125],"rotation":0,"texture":"#1","tintindex":0},"south":{"uv":[4.0,9.25,4.5,10.125],"rotation":0,"texture":"#1","tintindex":0},"north":{"uv":[3.0,9.25,3.5,10.125],"rotation":0,"texture":"#1","tintindex":0},"west":{"uv":[3.5,9.25,4.0,10.125],"rotation":0,"texture":"#1","tintindex":0},"up":{"uv":[3.5,9.25,3.0,8.75],"rotation":0,"texture":"#1","tintindex":0},"down":{"uv":[4.0,8.75,3.5,9.25],"rotation":0,"texture":"#1","tintindex":0}}},{"from":[4.5714283,12.0,6.857143],"to":[6.857143,16.0,9.142858],"rotation":{"angle":0.0,"axis":"y","origin":[5.714286,12.0,8.0]},"faces":{"east":{"uv":[0.0,4.125,0.5,5.0],"rotation":0,"texture":"#1","tintindex":0},"south":{"uv":[1.5,4.125,2.0,5.0],"rotation":0,"texture":"#1","tintindex":0},"north":{"uv":[0.5,4.125,1.0,5.0],"rotation":0,"texture":"#1","tintindex":0},"west":{"uv":[1.0,4.125,1.5,5.0],"rotation":0,"texture":"#1","tintindex":0},"up":{"uv":[1.0,4.125,0.5,3.625],"rotation":0,"texture":"#1","tintindex":0},"down":{"uv":[1.5,3.625,1.0,4.125],"rotation":0,"texture":"#1","tintindex":0}}}],"display":{"head":{"translation":[0.0,-6.4,0.0],"scale":[4.0,4.0,4.0]}}}