{"textures":{"1":"modelengine:entity/ala\u0027rak"},"elements":[{"from":[7.5714283,8.142858,5.714286],"to":[8.428572,9.0,13.714286],"rotation":{"angle":0.0,"axis":"y","origin":[8.0,8.0,10.285714]},"faces":{"east":{"uv":[2.25,8.625,4.0,8.75],"rotation":0,"texture":"#1","tintindex":0},"south":{"uv":[5.875,8.625,6.0,8.75],"rotation":0,"texture":"#1","tintindex":0},"north":{"uv":[4.0,8.625,4.125,8.75],"rotation":0,"texture":"#1","tintindex":0},"west":{"uv":[4.125,8.625,5.875,8.75],"rotation":0,"texture":"#1","tintindex":0},"up":{"uv":[4.125,8.625,4.0,6.875],"rotation":0,"texture":"#1","tintindex":0},"down":{"uv":[4.25,6.875,4.125,8.625],"rotation":0,"texture":"#1","tintindex":0}}},{"from":[7.428571,8.0,-4.5714293],"to":[8.571428,9.142858,5.714286],"rotation":{"angle":0.0,"axis":"y","origin":[8.0,8.0,1.1428566]},"faces":{"east":{"uv":[0.0,5.875,2.25,6.125],"rotation":0,"texture":"#1","tintindex":0},"south":{"uv":[4.75,5.875,5.0,6.125],"rotation":0,"texture":"#1","tintindex":0},"north":{"uv":[2.25,5.875,2.5,6.125],"rotation":0,"texture":"#1","tintindex":0},"west":{"uv":[2.5,5.875,4.75,6.125],"rotation":0,"texture":"#1","tintindex":0},"up":{"uv":[2.5,5.875,2.25,3.625],"rotation":0,"texture":"#1","tintindex":0},"down":{"uv":[2.75,3.625,2.5,5.875],"rotation":0,"texture":"#1","tintindex":0}}},{"from":[7.714286,8.285714,-7.4285717],"to":[8.285714,8.857143,-6.8571434],"rotation":{"angle":0.0,"axis":"y","origin":[8.0,8.571428,-7.4285717]},"faces":{"east":{"uv":[1.0,2.0,1.125,2.125],"rotation":0,"texture":"#1","tintindex":0},"south":{"uv":[1.375,2.0,1.5,2.125],"rotation":0,"texture":"#1","tintindex":0},"north":{"uv":[1.125,2.0,1.25,2.125],"rotation":0,"texture":"#1","tintindex":0},"west":{"uv":[1.25,2.0,1.375,2.125],"rotation":0,"texture":"#1","tintindex":0},"up":{"uv":[1.25,2.0,1.125,1.875],"rotation":0,"texture":"#1","tintindex":0},"down":{"uv":[1.375,1.875,1.25,2.0],"rotation":0,"texture":"#1","tintindex":0}}},{"from":[7.428571,8.0,-8.0],"to":[8.571428,9.142858,-7.4285717],"rotation":{"angle":0.0,"axis":"y","origin":[8.0,8.571428,-8.0]},"faces":{"east":{"uv":[1.0,0.125,1.125,0.375],"rotation":0,"texture":"#1","tintindex":0},"south":{"uv":[1.5,0.125,1.75,0.375],"rotation":0,"texture":"#1","tintindex":0},"north":{"uv":[1.125,0.125,1.375,0.375],"rotation":0,"texture":"#1","tintindex":0},"west":{"uv":[1.375,0.125,1.5,0.375],"rotation":0,"texture":"#1","tintindex":0},"up":{"uv":[1.375,0.125,1.125,0.0],"rotation":0,"texture":"#1","tintindex":0},"down":{"uv":[1.625,0.0,1.375,0.125],"rotation":0,"texture":"#1","tintindex":0}}},{"from":[7.428571,9.142858,-5.714287],"to":[8.571428,9.714286,-2.8571434],"rotation":{"angle":0.0,"axis":"y","origin":[8.0,9.142858,-8.0]},"faces":{"east":{"uv":[8.875,5.0,9.5,5.125],"rotation":0,"texture":"#1","tintindex":0},"south":{"uv":[10.375,5.0,10.625,5.125],"rotation":0,"texture":"#1","tintindex":0},"north":{"uv":[9.5,5.0,9.75,5.125],"rotation":0,"texture":"#1","tintindex":0},"west":{"uv":[9.75,5.0,10.375,5.125],"rotation":0,"texture":"#1","tintindex":0},"up":{"uv":[9.75,5.0,9.5,4.375],"rotation":0,"texture":"#1","tintindex":0},"down":{"uv":[10.0,4.375,9.75,5.0],"rotation":0,"texture":"#1","tintindex":0}}},{"from":[7.428571,9.714286,-7.4285717],"to":[8.571428,10.285714,-4.5714293],"rotation":{"angle":0.0,"axis":"y","origin":[8.0,9.714286,-9.1428585]},"faces":{"east":{"uv":[8.75,6.625,9.375,6.75],"rotation":0,"texture":"#1","tintindex":0},"south":{"uv":[10.25,6.625,10.5,6.75],"rotation":0,"texture":"#1","tintindex":0},"north":{"uv":[9.375,6.625,9.625,6.75],"rotation":0,"texture":"#1","tintindex":0},"west":{"uv":[9.625,6.625,10.25,6.75],"rotation":0,"texture":"#1","tintindex":0},"up":{"uv":[9.625,6.625,9.375,6.0],"rotation":0,"texture":"#1","tintindex":0},"down":{"uv":[9.875,6.0,9.625,6.625],"rotation":0,"texture":"#1","tintindex":0}}},{"from":[7.428571,7.428571,-5.714287],"to":[8.571428,8.0,-2.8571434],"rotation":{"angle":0.0,"axis":"y","origin":[8.0,7.428571,-8.0]},"faces":{"east":{"uv":[7.0,1.75,7.625,1.875],"rotation":0,"texture":"#1","tintindex":0},"south":{"uv":[8.5,1.75,8.75,1.875],"rotation":0,"texture":"#1","tintindex":0},"north":{"uv":[7.625,1.75,7.875,1.875],"rotation":0,"texture":"#1","tintindex":0},"west":{"uv":[7.875,1.75,8.5,1.875],"rotation":0,"texture":"#1","tintindex":0},"up":{"uv":[7.875,1.75,7.625,1.125],"rotation":0,"texture":"#1","tintindex":0},"down":{"uv":[8.125,1.125,7.875,1.75],"rotation":0,"texture":"#1","tintindex":0}}},{"from":[7.428571,6.857143,-7.4285717],"to":[8.571428,7.428571,-4.5714293],"rotation":{"angle":0.0,"axis":"y","origin":[8.0,6.857143,-9.1428585]},"faces":{"east":{"uv":[8.625,2.0,9.25,2.125],"rotation":0,"texture":"#1","tintindex":0},"south":{"uv":[10.125,2.0,10.375,2.125],"rotation":0,"texture":"#1","tintindex":0},"north":{"uv":[9.25,2.0,9.5,2.125],"rotation":0,"texture":"#1","tintindex":0},"west":{"uv":[9.5,2.0,10.125,2.125],"rotation":0,"texture":"#1","tintindex":0},"up":{"uv":[9.5,2.0,9.25,1.375],"rotation":0,"texture":"#1","tintindex":0},"down":{"uv":[9.75,1.375,9.5,2.0],"rotation":0,"texture":"#1","tintindex":0}}},{"from":[8.571428,8.0,-5.714287],"to":[9.142858,9.142858,-2.8571434],"rotation":{"angle":0.0,"axis":"y","origin":[9.142858,8.571428,-8.0]},"faces":{"east":{"uv":[9.125,10.25,9.75,10.5],"rotation":0,"texture":"#1","tintindex":0},"south":{"uv":[10.5,10.25,10.625,10.5],"rotation":0,"texture":"#1","tintindex":0},"north":{"uv":[9.75,10.25,9.875,10.5],"rotation":0,"texture":"#1","tintindex":0},"west":{"uv":[9.875,10.25,10.5,10.5],"rotation":0,"texture":"#1","tintindex":0},"up":{"uv":[9.875,10.25,9.75,9.625],"rotation":0,"texture":"#1","tintindex":0},"down":{"uv":[10.0,9.625,9.875,10.25],"rotation":0,"texture":"#1","tintindex":0}}},{"from":[9.142858,8.0,-7.4285717],"to":[9.714286,9.142858,-4.5714293],"rotation":{"angle":0.0,"axis":"y","origin":[9.714286,8.571428,-9.1428585]},"faces":{"east":{"uv":[9.75,0.625,10.375,0.875],"rotation":0,"texture":"#1","tintindex":0},"south":{"uv":[11.125,0.625,11.25,0.875],"rotation":0,"texture":"#1","tintindex":0},"north":{"uv":[10.375,0.625,10.5,0.875],"rotation":0,"texture":"#1","tintindex":0},"west":{"uv":[10.5,0.625,11.125,0.875],"rotation":0,"texture":"#1","tintindex":0},"up":{"uv":[10.5,0.625,10.375,0.0],"rotation":0,"texture":"#1","tintindex":0},"down":{"uv":[10.625,0.0,10.5,0.625],"rotation":0,"texture":"#1","tintindex":0}}},{"from":[6.857143,8.0,-5.714287],"to":[7.428571,9.142858,-2.8571434],"rotation":{"angle":0.0,"axis":"y","origin":[7.428571,8.571428,-8.0]},"faces":{"east":{"uv":[1.375,8.75,2.0,9.0],"rotation":0,"texture":"#1","tintindex":0},"south":{"uv":[2.75,8.75,2.875,9.0],"rotation":0,"texture":"#1","tintindex":0},"north":{"uv":[2.0,8.75,2.125,9.0],"rotation":0,"texture":"#1","tintindex":0},"west":{"uv":[2.125,8.75,2.75,9.0],"rotation":0,"texture":"#1","tintindex":0},"up":{"uv":[2.125,8.75,2.0,8.125],"rotation":0,"texture":"#1","tintindex":0},"down":{"uv":[2.25,8.125,2.125,8.75],"rotation":0,"texture":"#1","tintindex":0}}},{"from":[6.857143,9.142858,-6.285715],"to":[7.428571,9.714286,-4.000001],"rotation":{"angle":0.0,"axis":"y","origin":[7.428571,9.714286,-8.0]},"faces":{"east":{"uv":[9.25,2.625,9.75,2.75],"rotation":0,"texture":"#1","tintindex":0},"south":{"uv":[10.375,2.625,10.5,2.75],"rotation":0,"texture":"#1","tintindex":0},"north":{"uv":[9.75,2.625,9.875,2.75],"rotation":0,"texture":"#1","tintindex":0},"west":{"uv":[9.875,2.625,10.375,2.75],"rotation":0,"texture":"#1","tintindex":0},"up":{"uv":[9.875,2.625,9.75,2.125],"rotation":0,"texture":"#1","tintindex":0},"down":{"uv":[10.0,2.125,9.875,2.625],"rotation":0,"texture":"#1","tintindex":0}}},{"from":[8.571428,9.142858,-6.285715],"to":[9.142858,9.714286,-4.000001],"rotation":{"angle":0.0,"axis":"y","origin":[9.142858,9.714286,-8.0]},"faces":{"east":{"uv":[9.125,7.25,9.625,7.375],"rotation":0,"texture":"#1","tintindex":0},"south":{"uv":[10.25,7.25,10.375,7.375],"rotation":0,"texture":"#1","tintindex":0},"north":{"uv":[9.625,7.25,9.75,7.375],"rotation":0,"texture":"#1","tintindex":0},"west":{"uv":[9.75,7.25,10.25,7.375],"rotation":0,"texture":"#1","tintindex":0},"up":{"uv":[9.75,7.25,9.625,6.75],"rotation":0,"texture":"#1","tintindex":0},"down":{"uv":[9.875,6.75,9.75,7.25],"rotation":0,"texture":"#1","tintindex":0}}},{"from":[8.571428,7.428571,-6.285715],"to":[9.142858,8.0,-4.000001],"rotation":{"angle":0.0,"axis":"y","origin":[9.142858,8.0,-8.0]},"faces":{"east":{"uv":[2.75,4.75,3.25,4.875],"rotation":0,"texture":"#1","tintindex":0},"south":{"uv":[3.875,4.75,4.0,4.875],"rotation":0,"texture":"#1","tintindex":0},"north":{"uv":[3.25,4.75,3.375,4.875],"rotation":0,"texture":"#1","tintindex":0},"west":{"uv":[3.375,4.75,3.875,4.875],"rotation":0,"texture":"#1","tintindex":0},"up":{"uv":[3.375,4.75,3.25,4.25],"rotation":0,"texture":"#1","tintindex":0},"down":{"uv":[3.5,4.25,3.375,4.75],"rotation":0,"texture":"#1","tintindex":0}}},{"from":[6.857143,7.428571,-6.285715],"to":[7.428571,8.0,-4.000001],"rotation":{"angle":0.0,"axis":"y","origin":[7.428571,8.0,-8.0]},"faces":{"east":{"uv":[2.75,4.125,3.25,4.25],"rotation":0,"texture":"#1","tintindex":0},"south":{"uv":[3.875,4.125,4.0,4.25],"rotation":0,"texture":"#1","tintindex":0},"north":{"uv":[3.25,4.125,3.375,4.25],"rotation":0,"texture":"#1","tintindex":0},"west":{"uv":[3.375,4.125,3.875,4.25],"rotation":0,"texture":"#1","tintindex":0},"up":{"uv":[3.375,4.125,3.25,3.625],"rotation":0,"texture":"#1","tintindex":0},"down":{"uv":[3.5,3.625,3.375,4.125],"rotation":0,"texture":"#1","tintindex":0}}},{"from":[6.285714,8.0,-7.4285717],"to":[6.857143,9.142858,-4.5714293],"rotation":{"angle":0.0,"axis":"y","origin":[6.857143,8.571428,-9.1428585]},"faces":{"east":{"uv":[9.375,8.75,10.0,9.0],"rotation":0,"texture":"#1","tintindex":0},"south":{"uv":[10.75,8.75,10.875,9.0],"rotation":0,"texture":"#1","tintindex":0},"north":{"uv":[10.0,8.75,10.125,9.0],"rotation":0,"texture":"#1","tintindex":0},"west":{"uv":[10.125,8.75,10.75,9.0],"rotation":0,"texture":"#1","tintindex":0},"up":{"uv":[10.125,8.75,10.0,8.125],"rotation":0,"texture":"#1","tintindex":0},"down":{"uv":[10.25,8.125,10.125,8.75],"rotation":0,"texture":"#1","tintindex":0}}},{"from":[7.714286,9.142858,17.714287],"to":[8.285714,9.714286,20.0],"rotation":{"angle":0.0,"axis":"y","origin":[8.0,9.428572,18.57143]},"faces":{"east":{"uv":[9.875,6.0,10.375,6.125],"rotation":0,"texture":"#1","tintindex":0},"south":{"uv":[11.0,6.0,11.125,6.125],"rotation":0,"texture":"#1","tintindex":0},"north":{"uv":[10.375,6.0,10.5,6.125],"rotation":0,"texture":"#1","tintindex":0},"west":{"uv":[10.5,6.0,11.0,6.125],"rotation":0,"texture":"#1","tintindex":0},"up":{"uv":[10.5,6.0,10.375,5.5],"rotation":0,"texture":"#1","tintindex":0},"down":{"uv":[10.625,5.5,10.5,6.0],"rotation":0,"texture":"#1","tintindex":0}}},{"from":[7.714286,7.428571,17.714287],"to":[8.285714,8.0,20.0],"rotation":{"angle":0.0,"axis":"y","origin":[8.0,7.714286,18.57143]},"faces":{"east":{"uv":[9.75,1.875,10.25,2.0],"rotation":0,"texture":"#1","tintindex":0},"south":{"uv":[10.875,1.875,11.0,2.0],"rotation":0,"texture":"#1","tintindex":0},"north":{"uv":[10.25,1.875,10.375,2.0],"rotation":0,"texture":"#1","tintindex":0},"west":{"uv":[10.375,1.875,10.875,2.0],"rotation":0,"texture":"#1","tintindex":0},"up":{"uv":[10.375,1.875,10.25,1.375],"rotation":0,"texture":"#1","tintindex":0},"down":{"uv":[10.5,1.375,10.375,1.875],"rotation":0,"texture":"#1","tintindex":0}}},{"from":[8.571428,8.285714,17.714287],"to":[9.142858,8.857143,20.0],"rotation":{"angle":0.0,"axis":"y","origin":[8.857143,8.571428,18.57143]},"faces":{"east":{"uv":[9.75,9.5,10.25,9.625],"rotation":0,"texture":"#1","tintindex":0},"south":{"uv":[10.875,9.5,11.0,9.625],"rotation":0,"texture":"#1","tintindex":0},"north":{"uv":[10.25,9.5,10.375,9.625],"rotation":0,"texture":"#1","tintindex":0},"west":{"uv":[10.375,9.5,10.875,9.625],"rotation":0,"texture":"#1","tintindex":0},"up":{"uv":[10.375,9.5,10.25,9.0],"rotation":0,"texture":"#1","tintindex":0},"down":{"uv":[10.5,9.0,10.375,9.5],"rotation":0,"texture":"#1","tintindex":0}}},{"from":[6.857143,8.285714,17.714287],"to":[7.428571,8.857143,20.0],"rotation":{"angle":0.0,"axis":"y","origin":[7.142857,8.571428,18.57143]},"faces":{"east":{"uv":[9.75,7.875,10.25,8.0],"rotation":0,"texture":"#1","tintindex":0},"south":{"uv":[10.875,7.875,11.0,8.0],"rotation":0,"texture":"#1","tintindex":0},"north":{"uv":[10.25,7.875,10.375,8.0],"rotation":0,"texture":"#1","tintindex":0},"west":{"uv":[10.375,7.875,10.875,8.0],"rotation":0,"texture":"#1","tintindex":0},"up":{"uv":[10.375,7.875,10.25,7.375],"rotation":0,"texture":"#1","tintindex":0},"down":{"uv":[10.5,7.375,10.375,7.875],"rotation":0,"texture":"#1","tintindex":0}}},{"from":[7.428571,8.0,13.714286],"to":[8.571428,9.142858,18.857143],"rotation":{"angle":0.0,"axis":"y","origin":[8.0,8.0,15.428572]},"faces":{"east":{"uv":[8.125,1.125,9.25,1.375],"rotation":0,"texture":"#1","tintindex":0},"south":{"uv":[10.625,1.125,10.875,1.375],"rotation":0,"texture":"#1","tintindex":0},"north":{"uv":[9.25,1.125,9.5,1.375],"rotation":0,"texture":"#1","tintindex":0},"west":{"uv":[9.5,1.125,10.625,1.375],"rotation":0,"texture":"#1","tintindex":0},"up":{"uv":[9.5,1.125,9.25,0.0],"rotation":0,"texture":"#1","tintindex":0},"down":{"uv":[9.75,0.0,9.5,1.125],"rotation":0,"texture":"#1","tintindex":0}}}],"display":{"head":{"translation":[0.0,-6.4,0.0],"scale":[4.0,4.0,4.0]}}}