{"textures":{"1":"modelengine:entity/ala\u0027rak"},"elements":[{"from":[4.0,8.0,6.428571],"to":[12.0,11.428572,9.571428],"rotation":{"angle":0.0,"axis":"y","origin":[8.0,8.0,8.0]},"faces":{"east":{"uv":[4.5,2.5,5.125,3.25],"rotation":0,"texture":"#1","tintindex":0},"south":{"uv":[7.5,2.5,9.25,3.25],"rotation":0,"texture":"#1","tintindex":0},"north":{"uv":[5.125,2.5,6.875,3.25],"rotation":0,"texture":"#1","tintindex":0},"west":{"uv":[6.875,2.5,7.5,3.25],"rotation":0,"texture":"#1","tintindex":0},"up":{"uv":[6.875,2.5,5.125,1.875],"rotation":0,"texture":"#1","tintindex":0},"down":{"uv":[8.625,1.875,6.875,2.5],"rotation":0,"texture":"#1","tintindex":0}}},{"from":[5.5714283,11.428572,5.7],"to":[10.428572,12.0,10.414286],"rotation":{"angle":0.0,"axis":"y","origin":[8.0,11.428572,10.285714]},"faces":{"east":{"uv":[5.25,1.0,6.25,1.125],"rotation":0,"texture":"#1","tintindex":0},"south":{"uv":[8.25,1.0,9.25,1.125],"rotation":0,"texture":"#1","tintindex":0},"north":{"uv":[6.25,1.0,7.25,1.125],"rotation":0,"texture":"#1","tintindex":0},"west":{"uv":[7.25,1.0,8.25,1.125],"rotation":0,"texture":"#1","tintindex":0},"up":{"uv":[7.25,1.0,6.25,0.0],"rotation":0,"texture":"#1","tintindex":0},"down":{"uv":[8.25,0.0,7.25,1.0],"rotation":0,"texture":"#1","tintindex":0}}},{"from":[9.857143,12.562252,9.715919],"to":[10.428572,15.847966,10.287347],"rotation":{"angle":22.5,"axis":"x","origin":[8.0,11.55102,10.692034]},"faces":{"east":{"uv":[0.5,6.25,0.625,6.875],"rotation":0,"texture":"#1","tintindex":0},"south":{"uv":[0.875,6.25,1.0,6.875],"rotation":0,"texture":"#1","tintindex":0},"north":{"uv":[0.625,6.25,0.75,6.875],"rotation":0,"texture":"#1","tintindex":0},"west":{"uv":[0.75,6.25,0.875,6.875],"rotation":0,"texture":"#1","tintindex":0},"up":{"uv":[0.75,6.25,0.625,6.125],"rotation":0,"texture":"#1","tintindex":0},"down":{"uv":[0.875,6.125,0.75,6.25],"rotation":0,"texture":"#1","tintindex":0}}},{"from":[10.428572,13.595771,9.408455],"to":[11.0,15.738628,9.979884],"rotation":{"angle":22.5,"axis":"x","origin":[8.0,11.55102,10.692034]},"faces":{"east":{"uv":[0.0,0.125,0.125,0.5],"rotation":0,"texture":"#1","tintindex":0},"south":{"uv":[0.375,0.125,0.5,0.5],"rotation":0,"texture":"#1","tintindex":0},"north":{"uv":[0.125,0.125,0.25,0.5],"rotation":0,"texture":"#1","tintindex":0},"west":{"uv":[0.25,0.125,0.375,0.5],"rotation":0,"texture":"#1","tintindex":0},"up":{"uv":[0.25,0.125,0.125,0.0],"rotation":0,"texture":"#1","tintindex":0},"down":{"uv":[0.375,0.0,0.25,0.125],"rotation":0,"texture":"#1","tintindex":0}}},{"from":[5.714286,11.593384,10.269785],"to":[10.285714,13.736241,10.841213],"rotation":{"angle":22.5,"axis":"x","origin":[8.0,11.55102,10.692034]},"faces":{"east":{"uv":[0.0,5.125,0.125,5.5],"rotation":0,"texture":"#1","tintindex":0},"south":{"uv":[1.25,5.125,2.25,5.5],"rotation":0,"texture":"#1","tintindex":0},"north":{"uv":[0.125,5.125,1.125,5.5],"rotation":0,"texture":"#1","tintindex":0},"west":{"uv":[1.125,5.125,1.25,5.5],"rotation":0,"texture":"#1","tintindex":0},"up":{"uv":[1.125,5.125,0.125,5.0],"rotation":0,"texture":"#1","tintindex":0},"down":{"uv":[2.125,5.0,1.125,5.125],"rotation":0,"texture":"#1","tintindex":0}}},{"from":[5.714286,15.329418,10.160446],"to":[6.857143,15.9008465,10.731875],"rotation":{"angle":22.5,"axis":"x","origin":[8.0,11.55102,10.692034]},"faces":{"east":{"uv":[6.0,3.375,6.125,3.5],"rotation":0,"texture":"#1","tintindex":0},"south":{"uv":[6.5,3.375,6.75,3.5],"rotation":0,"texture":"#1","tintindex":0},"north":{"uv":[6.125,3.375,6.375,3.5],"rotation":0,"texture":"#1","tintindex":0},"west":{"uv":[6.375,3.375,6.5,3.5],"rotation":0,"texture":"#1","tintindex":0},"up":{"uv":[6.375,3.375,6.125,3.25],"rotation":0,"texture":"#1","tintindex":0},"down":{"uv":[6.625,3.25,6.375,3.375],"rotation":0,"texture":"#1","tintindex":0}}},{"from":[9.714286,11.571428,5.428571],"to":[10.285714,15.714286,10.857143],"rotation":{"angle":-22.5,"axis":"z","origin":[10.0,12.0,8.0]},"faces":{"east":{"uv":[0.0,9.25,1.125,10.125],"rotation":0,"texture":"#1","tintindex":0},"south":{"uv":[2.375,9.25,2.5,10.125],"rotation":0,"texture":"#1","tintindex":0},"north":{"uv":[1.125,9.25,1.25,10.125],"rotation":0,"texture":"#1","tintindex":0},"west":{"uv":[1.25,9.25,2.375,10.125],"rotation":0,"texture":"#1","tintindex":0},"up":{"uv":[1.25,9.25,1.125,8.125],"rotation":0,"texture":"#1","tintindex":0},"down":{"uv":[1.375,8.125,1.25,9.25],"rotation":0,"texture":"#1","tintindex":0}}},{"from":[5.714286,11.571428,5.428571],"to":[6.285714,15.714286,10.857143],"rotation":{"angle":22.5,"axis":"z","origin":[6.0,12.0,8.0]},"faces":{"east":{"uv":[7.5,5.125,8.625,6.0],"rotation":0,"texture":"#1","tintindex":0},"south":{"uv":[9.875,5.125,10.0,6.0],"rotation":0,"texture":"#1","tintindex":0},"north":{"uv":[8.625,5.125,8.75,6.0],"rotation":0,"texture":"#1","tintindex":0},"west":{"uv":[8.75,5.125,9.875,6.0],"rotation":0,"texture":"#1","tintindex":0},"up":{"uv":[8.75,5.125,8.625,4.0],"rotation":0,"texture":"#1","tintindex":0},"down":{"uv":[8.875,4.0,8.75,5.125],"rotation":0,"texture":"#1","tintindex":0}}},{"from":[5.0,13.595771,9.408455],"to":[5.5714283,15.738628,9.979884],"rotation":{"angle":22.5,"axis":"x","origin":[8.0,11.55102,10.692034]},"faces":{"east":{"uv":[0.0,2.0,0.125,2.375],"rotation":0,"texture":"#1","tintindex":0},"south":{"uv":[0.375,2.0,0.5,2.375],"rotation":0,"texture":"#1","tintindex":0},"north":{"uv":[0.125,2.0,0.25,2.375],"rotation":0,"texture":"#1","tintindex":0},"west":{"uv":[0.25,2.0,0.375,2.375],"rotation":0,"texture":"#1","tintindex":0},"up":{"uv":[0.25,2.0,0.125,1.875],"rotation":0,"texture":"#1","tintindex":0},"down":{"uv":[0.375,1.875,0.25,2.0],"rotation":0,"texture":"#1","tintindex":0}}},{"from":[5.5714283,12.562252,9.715919],"to":[6.142857,15.847966,10.287347],"rotation":{"angle":22.5,"axis":"x","origin":[8.0,11.55102,10.692034]},"faces":{"east":{"uv":[0.0,6.25,0.125,6.875],"rotation":0,"texture":"#1","tintindex":0},"south":{"uv":[0.375,6.25,0.5,6.875],"rotation":0,"texture":"#1","tintindex":0},"north":{"uv":[0.125,6.25,0.25,6.875],"rotation":0,"texture":"#1","tintindex":0},"west":{"uv":[0.25,6.25,0.375,6.875],"rotation":0,"texture":"#1","tintindex":0},"up":{"uv":[0.25,6.25,0.125,6.125],"rotation":0,"texture":"#1","tintindex":0},"down":{"uv":[0.375,6.125,0.25,6.25],"rotation":0,"texture":"#1","tintindex":0}}},{"from":[9.142858,15.9008465,10.160446],"to":[10.285714,14.186562,10.731875],"rotation":{"angle":22.5,"axis":"x","origin":[8.0,11.55102,10.692034]},"faces":{"east":{"uv":[0.0,0.125,0.125,-0.25],"rotation":0,"texture":"#1","tintindex":0},"south":{"uv":[0.5,0.125,0.75,-0.25],"rotation":0,"texture":"#1","tintindex":0},"north":{"uv":[0.125,0.125,0.375,-0.25],"rotation":0,"texture":"#1","tintindex":0},"west":{"uv":[0.375,0.125,0.5,-0.25],"rotation":0,"texture":"#1","tintindex":0},"up":{"uv":[0.375,0.125,0.125,0.0],"rotation":0,"texture":"#1","tintindex":0},"down":{"uv":[0.625,0.0,0.375,0.125],"rotation":0,"texture":"#1","tintindex":0}}},{"from":[8.571428,13.747116,10.215116],"to":[10.285714,15.318544,10.786544],"rotation":{"angle":22.5,"axis":"x","origin":[8.0,11.55102,10.692034]},"faces":{"east":{"uv":[5.25,0.5,5.375,0.75],"rotation":0,"texture":"#1","tintindex":0},"south":{"uv":[5.875,0.5,6.25,0.75],"rotation":0,"texture":"#1","tintindex":0},"north":{"uv":[5.375,0.5,5.75,0.75],"rotation":0,"texture":"#1","tintindex":0},"west":{"uv":[5.75,0.5,5.875,0.75],"rotation":0,"texture":"#1","tintindex":0},"up":{"uv":[5.75,0.5,5.375,0.375],"rotation":0,"texture":"#1","tintindex":0},"down":{"uv":[6.125,0.375,5.75,0.5],"rotation":0,"texture":"#1","tintindex":0}}},{"from":[7.428571,13.747116,10.215116],"to":[8.571428,14.747116,10.786544],"rotation":{"angle":22.5,"axis":"x","origin":[8.0,11.55102,10.692034]},"faces":{"east":{"uv":[4.0,5.625,4.125,5.75],"rotation":0,"texture":"#1","tintindex":0},"south":{"uv":[4.5,5.625,4.75,5.75],"rotation":0,"texture":"#1","tintindex":0},"north":{"uv":[4.125,5.625,4.375,5.75],"rotation":0,"texture":"#1","tintindex":0},"west":{"uv":[4.375,5.625,4.5,5.75],"rotation":0,"texture":"#1","tintindex":0},"up":{"uv":[4.375,5.625,4.125,5.5],"rotation":0,"texture":"#1","tintindex":0},"down":{"uv":[4.625,5.5,4.375,5.625],"rotation":0,"texture":"#1","tintindex":0}}},{"from":[5.714286,13.747116,10.215116],"to":[7.428571,15.318544,10.786544],"rotation":{"angle":22.5,"axis":"x","origin":[8.0,11.55102,10.692034]},"faces":{"east":{"uv":[5.25,0.125,5.375,0.375],"rotation":0,"texture":"#1","tintindex":0},"south":{"uv":[5.875,0.125,6.25,0.375],"rotation":0,"texture":"#1","tintindex":0},"north":{"uv":[5.375,0.125,5.75,0.375],"rotation":0,"texture":"#1","tintindex":0},"west":{"uv":[5.75,0.125,5.875,0.375],"rotation":0,"texture":"#1","tintindex":0},"up":{"uv":[5.75,0.125,5.375,0.0],"rotation":0,"texture":"#1","tintindex":0},"down":{"uv":[6.125,0.0,5.75,0.125],"rotation":0,"texture":"#1","tintindex":0}}}],"display":{"head":{"translation":[0.0,-6.4,0.0],"scale":[4.0,4.0,4.0]}}}