{
	"credit": "Made with Blockbench",
	"ambientocclusion": false,
	"textures": {
		"0": "item/texture",
		"particle": "item/texture"
	},
	"elements": [
		{
			"from": [7, 0, 7],
			"to": [9, 5, 8],
			"rotation": {"angle": 0, "axis": "y", "origin": [7.75, 7.25, 7.5]},
			"faces": {
				"north": {"uv": [7, 3, 9, 8], "texture": "#0"},
				"east": {"uv": [6, 3, 7, 8], "texture": "#0"},
				"south": {"uv": [10, 3, 12, 8], "texture": "#0"},
				"west": {"uv": [9, 3, 10, 8], "texture": "#0"},
				"up": {"uv": [9, 3, 7, 2], "texture": "#0"},
				"down": {"uv": [11, 2, 9, 3], "texture": "#0"}
			}
		},
		{
			"from": [5, 5, 7],
			"to": [11, 6, 8],
			"rotation": {"angle": 0, "axis": "y", "origin": [7.75, 7.25, 7.5]},
			"faces": {
				"north": {"uv": [1, 1, 7, 2], "texture": "#0"},
				"east": {"uv": [0, 1, 1, 2], "texture": "#0"},
				"south": {"uv": [8, 1, 14, 2], "texture": "#0"},
				"west": {"uv": [7, 1, 8, 2], "texture": "#0"},
				"up": {"uv": [7, 1, 1, 0], "texture": "#0"},
				"down": {"uv": [13, 0, 7, 1], "texture": "#0"}
			}
		},
		{
			"from": [7, 6, 7],
			"to": [9, 11, 8],
			"rotation": {"angle": 0, "axis": "y", "origin": [7.75, 7.25, 7.5]},
			"faces": {
				"north": {"uv": [1, 3, 3, 8], "texture": "#0"},
				"east": {"uv": [0, 3, 1, 8], "texture": "#0"},
				"south": {"uv": [4, 3, 6, 8], "texture": "#0"},
				"west": {"uv": [3, 3, 4, 8], "texture": "#0"},
				"up": {"uv": [3, 3, 1, 2], "texture": "#0"},
				"down": {"uv": [5, 2, 3, 3], "texture": "#0"}
			}
		},
		{
			"from": [7, 11, 7],
			"to": [8, 13, 8],
			"rotation": {"angle": 0, "axis": "y", "origin": [7.75, 7.25, 7.5]},
			"faces": {
				"north": {"uv": [1, 9, 2, 11], "texture": "#0"},
				"east": {"uv": [0, 9, 1, 11], "texture": "#0"},
				"south": {"uv": [3, 9, 4, 11], "texture": "#0"},
				"west": {"uv": [2, 9, 3, 11], "texture": "#0"},
				"up": {"uv": [2, 9, 1, 8], "texture": "#0"},
				"down": {"uv": [3, 8, 2, 9], "texture": "#0"}
			}
		}
	],
	"display": {
		"thirdperson_righthand": {
			"rotation": [106.98, -53.16, 110.54],
			"translation": [-2.25, 2.25, 2.5]
		},
		"thirdperson_lefthand": {
			"rotation": [0, 90, 180],
			"translation": [0.5, -7, 2]
		},
		"firstperson_righthand": {
			"rotation": [-90, 77.75, 90],
			"translation": [0.5, 5.75, 2]
		},
		"firstperson_lefthand": {
			"rotation": [-90, 77.75, 90],
			"translation": [0.5, 5.75, 2]
		},
		"ground": {
			"rotation": [0, 90, 0],
			"translation": [0.5, 3.5, 0.25]
		},
		"gui": {
			"rotation": [0, 0, -42],
			"translation": [1.75, 1.25, 0]
		},
		"head": {
			"rotation": [0, 90, 0],
			"translation": [0.5, 3.5, 2]
		}
	},
	"groups": [
		{
			"name": "root",
			"origin": [8, 8, 8],
			"color": 0,
			"children": [0, 1, 2, 3]
		}
	]
}