{
	"credit": "Made with Blockbench",
	"texture_size": [32, 32],
	"textures": {
		"0": "item/beermug",
		"1": "item/beermughandle",
		"2": "item/beerfoam",
		"particle": "item/beermug"
	},
	"elements": [
		{
			"name": "content",
			"from": [2.5, 17.5, 2.5],
			"to": [13.5, 18.5, 13.5],
			"rotation": {"angle": 0, "axis": "y", "origin": [11.5, 16.5, 6]},
			"faces": {
				"north": {"uv": [0, 0, 5.5, 0.5], "texture": "#2"},
				"east": {"uv": [0, 0, 5.5, 0.5], "texture": "#2"},
				"south": {"uv": [0, 0, 5.5, 0.5], "texture": "#2"},
				"west": {"uv": [0, 0, 5.5, 0.5], "texture": "#2"},
				"up": {"uv": [0, 0, 5.5, 5.5], "texture": "#2"},
				"down": {"uv": [0, 0, 5.5, 5.5], "texture": "#2"}
			}
		},
		{
			"name": "content",
			"from": [9.5, 15.5, 0.75],
			"to": [15.25, 18.75, 4.5],
			"rotation": {"angle": 0, "axis": "y", "origin": [13.5, 17.5, -3]},
			"faces": {
				"north": {"uv": [0, 0, 2.875, 1.625], "texture": "#2"},
				"east": {"uv": [0, 0, 1.875, 1.625], "texture": "#2"},
				"south": {"uv": [0, 0, 2.875, 1.625], "texture": "#2"},
				"west": {"uv": [0, 0, 1.875, 1.625], "texture": "#2"},
				"up": {"uv": [0, 0, 2.875, 1.875], "texture": "#2"},
				"down": {"uv": [0, 0, 2.875, 1.875], "texture": "#2"}
			}
		},
		{
			"name": "content",
			"from": [10.5, 12.5, 0.25],
			"to": [15.25, 16, 1.5],
			"rotation": {"angle": 0, "axis": "y", "origin": [13.5, 14.5, -4]},
			"faces": {
				"north": {"uv": [0, 0, 2.375, 1.75], "texture": "#2"},
				"east": {"uv": [0, 0, 0.625, 1.75], "texture": "#2"},
				"south": {"uv": [0, 0, 2.375, 1.75], "texture": "#2"},
				"west": {"uv": [0, 0, 0.625, 1.75], "texture": "#2"},
				"up": {"uv": [0, 0, 2.375, 0.625], "texture": "#2"},
				"down": {"uv": [0, 0, 2.375, 0.625], "texture": "#2"}
			}
		},
		{
			"name": "content",
			"from": [12.25, 6, 0.25],
			"to": [13.75, 9.25, 1.25],
			"rotation": {"angle": 0, "axis": "y", "origin": [14.5, 9, -4.25]},
			"faces": {
				"north": {"uv": [0, 0, 0.75, 1.625], "texture": "#2"},
				"east": {"uv": [0, 0, 0.5, 1.625], "texture": "#2"},
				"south": {"uv": [0, 0, 0.75, 1.625], "texture": "#2"},
				"west": {"uv": [0, 0, 0.5, 1.625], "texture": "#2"},
				"up": {"uv": [0, 0, 0.75, 0.5], "texture": "#2"},
				"down": {"uv": [0, 0, 0.75, 0.5], "texture": "#2"}
			}
		},
		{
			"name": "content",
			"from": [11.5, 9, 0.5],
			"to": [14.25, 12.5, 1.5],
			"rotation": {"angle": 0, "axis": "y", "origin": [14.5, 11, -4]},
			"faces": {
				"north": {"uv": [0, 0, 1.375, 1.75], "texture": "#2"},
				"east": {"uv": [0, 0, 0.5, 1.75], "texture": "#2"},
				"south": {"uv": [0, 0, 1.375, 1.75], "texture": "#2"},
				"west": {"uv": [0, 0, 0.5, 1.75], "texture": "#2"},
				"up": {"uv": [0, 0, 1.375, 0.5], "texture": "#2"},
				"down": {"uv": [0, 0, 1.375, 0.5], "texture": "#2"}
			}
		},
		{
			"name": "content",
			"from": [14.25, 9, 0.75],
			"to": [15, 12.5, 1.5],
			"rotation": {"angle": 0, "axis": "y", "origin": [15.25, 11, -4]},
			"faces": {
				"north": {"uv": [0, 0, 0.375, 1.75], "texture": "#2"},
				"east": {"uv": [0, 0, 0.375, 1.75], "texture": "#2"},
				"south": {"uv": [0, 0, 0.375, 1.75], "texture": "#2"},
				"west": {"uv": [0, 0, 0.375, 1.75], "texture": "#2"},
				"up": {"uv": [0, 0, 0.375, 0.375], "texture": "#2"},
				"down": {"uv": [0, 0, 0.375, 0.375], "texture": "#2"}
			}
		},
		{
			"name": "content",
			"from": [14.25, 9, 1.5],
			"to": [15.5, 12.5, 4.5],
			"rotation": {"angle": 0, "axis": "y", "origin": [17.75, 11, -2]},
			"faces": {
				"north": {"uv": [0, 0, 0.625, 1.75], "texture": "#2"},
				"east": {"uv": [0, 0, 1.5, 1.75], "texture": "#2"},
				"south": {"uv": [0, 0, 0.625, 1.75], "texture": "#2"},
				"west": {"uv": [0, 0, 1.5, 1.75], "texture": "#2"},
				"up": {"uv": [0, 0, 0.625, 1.5], "texture": "#2"},
				"down": {"uv": [0, 0, 0.625, 1.5], "texture": "#2"}
			}
		},
		{
			"name": "content",
			"from": [14.5, 12.5, 0.75],
			"to": [15.75, 16, 4.5],
			"rotation": {"angle": 0, "axis": "y", "origin": [14.5, 14.5, -3]},
			"faces": {
				"north": {"uv": [0, 0, 0.625, 1.75], "texture": "#2"},
				"east": {"uv": [0, 0, 1.875, 1.75], "texture": "#2"},
				"south": {"uv": [0, 0, 0.625, 1.75], "texture": "#2"},
				"west": {"uv": [0, 0, 1.875, 1.75], "texture": "#2"},
				"up": {"uv": [0, 0, 0.625, 1.875], "texture": "#2"},
				"down": {"uv": [0, 0, 0.625, 1.875], "texture": "#2"}
			}
		},
		{
			"from": [2, 0, 2],
			"to": [14, 1, 14],
			"rotation": {"angle": 0, "axis": "y", "origin": [7, 0, 7]},
			"faces": {
				"north": {"uv": [0, 0, 12, 1], "texture": "#0"},
				"east": {"uv": [0, 0, 12, 1], "texture": "#0"},
				"south": {"uv": [0, 0, 12, 1], "texture": "#0"},
				"west": {"uv": [0, 0, 12, 1], "texture": "#0"},
				"up": {"uv": [0, 0, 12, 12], "texture": "#0"},
				"down": {"uv": [0, 0, 12, 12], "texture": "#0"}
			}
		},
		{
			"from": [14, 0, 2],
			"to": [15, 9, 14],
			"rotation": {"angle": 0, "axis": "y", "origin": [8, 0, 7]},
			"faces": {
				"north": {"uv": [0, 0, 1, 9], "texture": "#0"},
				"east": {"uv": [0, 0, 12, 9], "texture": "#0"},
				"south": {"uv": [0, 0, 1, 9], "texture": "#0"},
				"west": {"uv": [0, 0, 12, 9], "texture": "#0"},
				"up": {"uv": [0, 0, 1, 12], "texture": "#0"},
				"down": {"uv": [0, 0, 1, 12], "texture": "#0"}
			}
		},
		{
			"from": [1, 0, 2],
			"to": [2, 9, 14],
			"rotation": {"angle": 0, "axis": "y", "origin": [-5, 0, 7]},
			"faces": {
				"north": {"uv": [0, 0, 1, 9], "texture": "#0"},
				"east": {"uv": [0, 0, 12, 9], "texture": "#0"},
				"south": {"uv": [0, 0, 1, 9], "texture": "#0"},
				"west": {"uv": [0, 0, 12, 9], "texture": "#0"},
				"up": {"uv": [0, 0, 1, 12], "texture": "#0"},
				"down": {"uv": [0, 0, 1, 12], "texture": "#0"}
			}
		},
		{
			"from": [2, 0, 14],
			"to": [14, 9, 15],
			"rotation": {"angle": 0, "axis": "y", "origin": [7, 0, 7]},
			"faces": {
				"north": {"uv": [0, 0, 12, 9], "texture": "#0"},
				"east": {"uv": [0, 0, 1, 9], "texture": "#0"},
				"south": {"uv": [0, 0, 12, 9], "texture": "#0"},
				"west": {"uv": [0, 0, 1, 9], "texture": "#0"},
				"up": {"uv": [0, 0, 12, 1], "texture": "#0"},
				"down": {"uv": [0, 0, 12, 1], "texture": "#0"}
			}
		},
		{
			"from": [2, 0, 1],
			"to": [14, 9, 2],
			"rotation": {"angle": 0, "axis": "y", "origin": [7, 0, -6]},
			"faces": {
				"north": {"uv": [0, 0, 12, 9], "texture": "#0"},
				"east": {"uv": [0, 0, 1, 9], "texture": "#0"},
				"south": {"uv": [0, 0, 12, 9], "texture": "#0"},
				"west": {"uv": [0, 0, 1, 9], "texture": "#0"},
				"up": {"uv": [0, 0, 12, 1], "texture": "#0"},
				"down": {"uv": [0, 0, 12, 1], "texture": "#0"}
			}
		},
		{
			"from": [1.5, 9, 2],
			"to": [2.5, 18, 14],
			"rotation": {"angle": 0, "axis": "y", "origin": [-4.5, 9, 7]},
			"faces": {
				"north": {"uv": [0, 0, 1, 9], "texture": "#0"},
				"east": {"uv": [0, 0, 12, 9], "texture": "#0"},
				"south": {"uv": [0, 0, 1, 9], "texture": "#0"},
				"west": {"uv": [0, 0, 12, 9], "texture": "#0"},
				"up": {"uv": [0, 0, 1, 12], "texture": "#0"},
				"down": {"uv": [0, 0, 1, 12], "texture": "#0"}
			}
		},
		{
			"from": [2, 9, 1.5],
			"to": [14, 18, 2.5],
			"rotation": {"angle": 0, "axis": "y", "origin": [7, 9, -5.5]},
			"faces": {
				"north": {"uv": [0, 0, 12, 9], "texture": "#0"},
				"east": {"uv": [0, 0, 1, 9], "texture": "#0"},
				"south": {"uv": [0, 0, 12, 9], "texture": "#0"},
				"west": {"uv": [0, 0, 1, 9], "texture": "#0"},
				"up": {"uv": [0, 0, 12, 1], "texture": "#0"},
				"down": {"uv": [0, 0, 12, 1], "texture": "#0"}
			}
		},
		{
			"from": [1.5, 14, 1],
			"to": [14.5, 16, 2],
			"rotation": {"angle": 0, "axis": "y", "origin": [7, 8, -6]},
			"faces": {
				"north": {"uv": [0, 0, 13, 2], "texture": "#1"},
				"east": {"uv": [0, 0, 1, 2], "texture": "#1"},
				"south": {"uv": [0, 0, 13, 2], "texture": "#1"},
				"west": {"uv": [0, 0, 1, 2], "texture": "#1"},
				"up": {"uv": [0, 0, 13, 1], "texture": "#1"},
				"down": {"uv": [0, 0, 13, 1], "texture": "#1"}
			}
		},
		{
			"from": [1.5, 14, 14],
			"to": [14.5, 16, 15],
			"rotation": {"angle": 0, "axis": "y", "origin": [7, 8, 7]},
			"faces": {
				"north": {"uv": [0, 0, 13, 2], "texture": "#1"},
				"east": {"uv": [0, 0, 1, 2], "texture": "#1"},
				"south": {"uv": [0, 0, 13, 2], "texture": "#1"},
				"west": {"uv": [0, 0, 1, 2], "texture": "#1"},
				"up": {"uv": [0, 0, 13, 1], "texture": "#1"},
				"down": {"uv": [0, 0, 13, 1], "texture": "#1"}
			}
		},
		{
			"from": [14, 14, 1.5],
			"to": [15, 16, 14.5],
			"rotation": {"angle": 0, "axis": "y", "origin": [19, 8, 6.5]},
			"faces": {
				"north": {"uv": [0, 0, 1, 2], "texture": "#1"},
				"east": {"uv": [0, 0, 13, 2], "texture": "#1"},
				"south": {"uv": [0, 0, 1, 2], "texture": "#1"},
				"west": {"uv": [0, 0, 13, 2], "texture": "#1"},
				"up": {"uv": [0, 0, 1, 13], "texture": "#1"},
				"down": {"uv": [0, 0, 1, 13], "texture": "#1"}
			}
		},
		{
			"from": [1, 14, 2],
			"to": [2, 16, 7],
			"rotation": {"angle": 0, "axis": "y", "origin": [6, 8, 6.5]},
			"faces": {
				"north": {"uv": [0, 0, 1, 2], "texture": "#1"},
				"east": {"uv": [0, 0, 5, 2], "texture": "#1"},
				"south": {"uv": [0, 0, 1, 2], "texture": "#1"},
				"west": {"uv": [0, 0, 5, 2], "texture": "#1"},
				"up": {"uv": [0, 0, 1, 5], "texture": "#1"},
				"down": {"uv": [0, 0, 1, 5], "texture": "#1"}
			}
		},
		{
			"from": [1, 14, 9],
			"to": [2, 16, 14],
			"rotation": {"angle": 0, "axis": "y", "origin": [6, 8, 13.5]},
			"faces": {
				"north": {"uv": [0, 0, 1, 2], "texture": "#1"},
				"east": {"uv": [0, 0, 5, 2], "texture": "#1"},
				"south": {"uv": [0, 0, 1, 2], "texture": "#1"},
				"west": {"uv": [0, 0, 5, 2], "texture": "#1"},
				"up": {"uv": [0, 0, 1, 5], "texture": "#1"},
				"down": {"uv": [0, 0, 1, 5], "texture": "#1"}
			}
		},
		{
			"from": [1.5, 2, 0.5],
			"to": [14.5, 4, 1.5],
			"rotation": {"angle": 0, "axis": "y", "origin": [7, -4, -6.5]},
			"faces": {
				"north": {"uv": [0, 0, 13, 2], "texture": "#1"},
				"east": {"uv": [0, 0, 1, 2], "texture": "#1"},
				"south": {"uv": [0, 0, 13, 2], "texture": "#1"},
				"west": {"uv": [0, 0, 1, 2], "texture": "#1"},
				"up": {"uv": [0, 0, 13, 1], "texture": "#1"},
				"down": {"uv": [0, 0, 13, 1], "texture": "#1"}
			}
		},
		{
			"from": [14.5, 2, 1.5],
			"to": [15.5, 4, 14.5],
			"rotation": {"angle": 0, "axis": "y", "origin": [19.5, -4, 6.5]},
			"faces": {
				"north": {"uv": [0, 0, 1, 2], "texture": "#1"},
				"east": {"uv": [0, 0, 13, 2], "texture": "#1"},
				"south": {"uv": [0, 0, 1, 2], "texture": "#1"},
				"west": {"uv": [0, 0, 13, 2], "texture": "#1"},
				"up": {"uv": [0, 0, 1, 13], "texture": "#1"},
				"down": {"uv": [0, 0, 1, 13], "texture": "#1"}
			}
		},
		{
			"from": [0.5, 2, 1.5],
			"to": [1.5, 4, 14.5],
			"rotation": {"angle": 0, "axis": "y", "origin": [5.5, -4, 6.5]},
			"faces": {
				"north": {"uv": [0, 0, 1, 2], "texture": "#1"},
				"east": {"uv": [0, 0, 13, 2], "texture": "#1"},
				"south": {"uv": [0, 0, 1, 2], "texture": "#1"},
				"west": {"uv": [0, 0, 13, 2], "texture": "#1"},
				"up": {"uv": [0, 0, 1, 13], "texture": "#1"},
				"down": {"uv": [0, 0, 1, 13], "texture": "#1"}
			}
		},
		{
			"from": [1.5, 2, 14.5],
			"to": [14.5, 4, 15.5],
			"rotation": {"angle": 0, "axis": "y", "origin": [7, -4, 7.5]},
			"faces": {
				"north": {"uv": [0, 0, 13, 2], "texture": "#1"},
				"east": {"uv": [0, 0, 1, 2], "texture": "#1"},
				"south": {"uv": [0, 0, 13, 2], "texture": "#1"},
				"west": {"uv": [0, 0, 1, 2], "texture": "#1"},
				"up": {"uv": [0, 0, 13, 1], "texture": "#1"},
				"down": {"uv": [0, 0, 13, 1], "texture": "#1"}
			}
		},
		{
			"from": [13.5, 9, 2],
			"to": [14.5, 18, 14],
			"rotation": {"angle": 0, "axis": "y", "origin": [7.5, 9, 7]},
			"faces": {
				"north": {"uv": [0, 0, 1, 9], "texture": "#0"},
				"east": {"uv": [0, 0, 12, 9], "texture": "#0"},
				"south": {"uv": [0, 0, 1, 9], "texture": "#0"},
				"west": {"uv": [0, 0, 12, 9], "texture": "#0"},
				"up": {"uv": [0, 0, 1, 12], "texture": "#0"},
				"down": {"uv": [0, 0, 1, 12], "texture": "#0"}
			}
		},
		{
			"from": [2, 9, 13.5],
			"to": [14, 18, 14.5],
			"rotation": {"angle": 0, "axis": "y", "origin": [7, 9, 6.5]},
			"faces": {
				"north": {"uv": [0, 0, 12, 9], "texture": "#0"},
				"east": {"uv": [0, 0, 1, 9], "texture": "#0"},
				"south": {"uv": [0, 0, 12, 9], "texture": "#0"},
				"west": {"uv": [0, 0, 1, 9], "texture": "#0"},
				"up": {"uv": [0, 0, 12, 1], "texture": "#0"},
				"down": {"uv": [0, 0, 12, 1], "texture": "#0"}
			}
		},
		{
			"from": [-2, 12, 7],
			"to": [1.5, 13, 9],
			"rotation": {"angle": 0, "axis": "y", "origin": [-1, 12, 7]},
			"faces": {
				"north": {"uv": [8, 5, 9.75, 5.5], "texture": "#1"},
				"east": {"uv": [7, 8, 8, 8.5], "texture": "#1"},
				"south": {"uv": [8, 5.5, 9.75, 6], "texture": "#1"},
				"west": {"uv": [8, 7, 9, 7.5], "texture": "#1"},
				"up": {"uv": [7.75, 7, 6, 6], "texture": "#1"},
				"down": {"uv": [1.75, 7, 0, 8], "texture": "#1"}
			}
		},
		{
			"from": [-6, 13, 7],
			"to": [1.5, 15, 9],
			"rotation": {"angle": 0, "axis": "y", "origin": [-1, 13, 7]},
			"faces": {
				"north": {"uv": [0, 4, 3.75, 5], "texture": "#1"},
				"east": {"uv": [5, 7, 6, 8], "texture": "#1"},
				"south": {"uv": [4, 0, 7.75, 1], "texture": "#1"},
				"west": {"uv": [6, 7, 7, 8], "texture": "#1"},
				"up": {"uv": [7.75, 2, 4, 1], "texture": "#1"},
				"down": {"uv": [7.75, 2, 4, 3], "texture": "#1"}
			}
		},
		{
			"from": [-4, 15, 7],
			"to": [1.5, 16, 9],
			"rotation": {"angle": 0, "axis": "y", "origin": [-1, 15, 7]},
			"faces": {
				"north": {"uv": [7, 3.5, 9.75, 4], "texture": "#1"},
				"east": {"uv": [8, 6, 9, 6.5], "texture": "#1"},
				"south": {"uv": [7, 4, 9.75, 4.5], "texture": "#1"},
				"west": {"uv": [8, 6.5, 9, 7], "texture": "#1"},
				"up": {"uv": [2.75, 6, 0, 5], "texture": "#1"},
				"down": {"uv": [5.75, 5, 3, 6], "texture": "#1"}
			}
		},
		{
			"from": [-7, 5, 7],
			"to": [-5, 13, 9],
			"rotation": {"angle": 0, "axis": "y", "origin": [-7, 4, 7]},
			"faces": {
				"north": {"uv": [0, 0, 1, 4], "texture": "#1"},
				"east": {"uv": [1, 0, 2, 4], "texture": "#1"},
				"south": {"uv": [2, 0, 3, 4], "texture": "#1"},
				"west": {"uv": [3, 0, 4, 4], "texture": "#1"},
				"up": {"uv": [8, 8, 7, 7], "texture": "#1"},
				"down": {"uv": [3, 7.5, 2, 8.5], "texture": "#1"}
			}
		},
		{
			"from": [-7, 13, 7],
			"to": [-6, 14, 9],
			"rotation": {"angle": 0, "axis": "y", "origin": [-8, 13, 7]},
			"faces": {
				"north": {"uv": [1, 9, 1.5, 9.5], "texture": "#1"},
				"east": {"uv": [8, 7.5, 9, 8], "texture": "#1"},
				"south": {"uv": [9, 1, 9.5, 1.5], "texture": "#1"},
				"west": {"uv": [8, 8, 9, 8.5], "texture": "#1"},
				"up": {"uv": [2.5, 9.5, 2, 8.5], "texture": "#1"},
				"down": {"uv": [3, 8.5, 2.5, 9.5], "texture": "#1"}
			}
		},
		{
			"from": [-5, 4, 7],
			"to": [-3, 6, 9],
			"rotation": {"angle": 0, "axis": "y", "origin": [-5, 4, 7]},
			"faces": {
				"north": {"uv": [3, 7.5, 4, 8.5], "texture": "#1"},
				"east": {"uv": [4, 7.5, 5, 8.5], "texture": "#1"},
				"south": {"uv": [0, 8, 1, 9], "texture": "#1"},
				"west": {"uv": [8, 0, 9, 1], "texture": "#1"},
				"up": {"uv": [2, 9, 1, 8], "texture": "#1"},
				"down": {"uv": [9, 1, 8, 2], "texture": "#1"}
			}
		},
		{
			"from": [-6, 4, 7],
			"to": [-5, 5, 9],
			"rotation": {"angle": 0, "axis": "y", "origin": [-7, 4, 7]},
			"faces": {
				"north": {"uv": [1.5, 9, 2, 9.5], "texture": "#1"},
				"east": {"uv": [3, 8.5, 4, 9], "texture": "#1"},
				"south": {"uv": [9, 1.5, 9.5, 2], "texture": "#1"},
				"west": {"uv": [4, 8.5, 5, 9], "texture": "#1"},
				"up": {"uv": [5.5, 9.5, 5, 8.5], "texture": "#1"},
				"down": {"uv": [6, 8.5, 5.5, 9.5], "texture": "#1"}
			}
		},
		{
			"from": [-5, 3, 7],
			"to": [1, 4, 9],
			"rotation": {"angle": 0, "axis": "y", "origin": [-1, 2, 7]},
			"faces": {
				"north": {"uv": [2, 7, 5, 7.5], "texture": "#1"},
				"east": {"uv": [6, 8.5, 7, 9], "texture": "#1"},
				"south": {"uv": [7, 3, 10, 3.5], "texture": "#1"},
				"west": {"uv": [7, 8.5, 8, 9], "texture": "#1"},
				"up": {"uv": [7, 4, 4, 3], "texture": "#1"},
				"down": {"uv": [7, 4, 4, 5], "texture": "#1"}
			}
		},
		{
			"from": [-3, 2, 7],
			"to": [1, 3, 9],
			"rotation": {"angle": 0, "axis": "y", "origin": [-1, 1, 7]},
			"faces": {
				"north": {"uv": [7, 4.5, 9, 5], "texture": "#1"},
				"east": {"uv": [8, 8.5, 9, 9], "texture": "#1"},
				"south": {"uv": [8, 2, 10, 2.5], "texture": "#1"},
				"west": {"uv": [0, 9, 1, 9.5], "texture": "#1"},
				"up": {"uv": [2, 7, 0, 6], "texture": "#1"},
				"down": {"uv": [4, 6, 2, 7], "texture": "#1"}
			}
		},
		{
			"from": [-3, 4, 7],
			"to": [1, 5, 9],
			"rotation": {"angle": 0, "axis": "y", "origin": [-1, 4, 7]},
			"faces": {
				"north": {"uv": [8, 2.5, 10, 3], "texture": "#1"},
				"east": {"uv": [9, 0, 10, 0.5], "texture": "#1"},
				"south": {"uv": [5, 8, 7, 8.5], "texture": "#1"},
				"west": {"uv": [9, 0.5, 10, 1], "texture": "#1"},
				"up": {"uv": [6, 7, 4, 6], "texture": "#1"},
				"down": {"uv": [8, 5, 6, 6], "texture": "#1"}
			}
		}
	],
	"display": {
		"thirdperson_righthand": {
			"rotation": [108.15, 86.97, -61.39],
			"translation": [0, 1.25, -2.5],
			"scale": [0.3418, 0.3418, 0.3418]
		},
		"thirdperson_lefthand": {
			"rotation": [156.07, -87.22, 114.09],
			"translation": [0, 1.25, -2.5],
			"scale": [0.3418, 0.3418, 0.3418]
		},
		"firstperson_righthand": {
			"rotation": [-134.03, 67.3, 144.84],
			"translation": [0.75, 1.5, -2.5],
			"scale": [0.5332, 0.5332, 0.5332]
		},
		"firstperson_lefthand": {
			"rotation": [93.76, -75.46, 81.87],
			"translation": [0.75, 1.5, -2.5],
			"scale": [0.5332, 0.5332, 0.5332]
		},
		"ground": {
			"translation": [0, 1.5, 0],
			"scale": [0.44531, 0.44531, 0.44531]
		},
		"gui": {
			"rotation": [22.19, -25, 9.76],
			"translation": [1, -0.25, 0],
			"scale": [0.54883, 0.54883, 0.54883]
		},
		"head": {
			"translation": [0, 10, 0],
			"scale": [0.4707, 0.4707, 0.4707]
		},
		"fixed": {
			"rotation": [-90, 0, 0],
			"translation": [0, 0, -7]
		}
	},
	"groups": [
		{
			"name": "Embermoorian Beer",
			"origin": [8, 8, 8],
			"color": 0,
			"children": [
				0,
				1,
				2,
				3,
				4,
				5,
				6,
				7,
				{
					"name": "Mug",
					"origin": [7, 9, 6.5],
					"color": 0,
					"children": [8, 9, 10, 11, 12, 13, 14, 15, 16, 17, 18, 19, 20, 21, 22, 23, 24, 25]
				},
				{
					"name": "Handle",
					"origin": [-1, 5, 8],
					"color": 0,
					"children": [26, 27, 28, 29, 30, 31, 32, 33, 34, 35]
				}
			]
		}
	]
}