{
	"credit": "Made with Blockbench",
	"texture_size": [64, 64],
	"textures": {
		"0": "item/espresso",
		"particle": "item/espresso"
	},
	"elements": [
		{
			"from": [4, 0, 4],
			"to": [12, 11, 12],
			"rotation": {"angle": 0, "axis": "y", "origin": [7, 0, 7]},
			"faces": {
				"north": {"uv": [0, 0, 2, 2.75], "texture": "#0"},
				"east": {"uv": [2, 0, 4, 2.75], "texture": "#0"},
				"south": {"uv": [0, 2.75, 2, 5.5], "texture": "#0"},
				"west": {"uv": [2, 2.75, 4, 5.5], "texture": "#0"},
				"up": {"uv": [10, 2, 8, 0], "texture": "#0"},
				"down": {"uv": [10, 2, 8, 4], "texture": "#0"}
			}
		},
		{
			"from": [4, 1, 3],
			"to": [12, 12, 4],
			"rotation": {"angle": 0, "axis": "y", "origin": [7, 1, 2]},
			"faces": {
				"north": {"uv": [4, 0, 6, 2.75], "texture": "#0"},
				"east": {"uv": [8, 4, 8.25, 6.75], "texture": "#0"},
				"south": {"uv": [4, 2.75, 6, 5.5], "texture": "#0"},
				"west": {"uv": [8, 6.75, 8.25, 9.5], "texture": "#0"},
				"up": {"uv": [5.5, 8.5, 3.5, 8.25], "texture": "#0"},
				"down": {"uv": [10.25, 4, 8.25, 4.25], "texture": "#0"}
			}
		},
		{
			"from": [4, 1, 12],
			"to": [12, 12, 13],
			"rotation": {"angle": 0, "axis": "y", "origin": [7, 1, 11]},
			"faces": {
				"north": {"uv": [0, 5.5, 2, 8.25], "texture": "#0"},
				"east": {"uv": [0, 8.25, 0.25, 11], "texture": "#0"},
				"south": {"uv": [2, 5.5, 4, 8.25], "texture": "#0"},
				"west": {"uv": [0.25, 8.25, 0.5, 11], "texture": "#0"},
				"up": {"uv": [10.25, 4.5, 8.25, 4.25], "texture": "#0"},
				"down": {"uv": [10.25, 4.5, 8.25, 4.75], "texture": "#0"}
			}
		},
		{
			"from": [3, 1, 4],
			"to": [4, 12, 12],
			"rotation": {"angle": 0, "axis": "y", "origin": [-1, 1, 10]},
			"faces": {
				"north": {"uv": [0.5, 8.25, 0.75, 11], "texture": "#0"},
				"east": {"uv": [4, 5.5, 6, 8.25], "texture": "#0"},
				"south": {"uv": [0.75, 8.25, 1, 11], "texture": "#0"},
				"west": {"uv": [6, 0, 8, 2.75], "texture": "#0"},
				"up": {"uv": [8.5, 6.75, 8.25, 4.75], "texture": "#0"},
				"down": {"uv": [5.75, 8.25, 5.5, 10.25], "texture": "#0"}
			}
		},
		{
			"from": [12, 1, 4],
			"to": [13, 12, 12],
			"rotation": {"angle": 0, "axis": "y", "origin": [8, 1, 10]},
			"faces": {
				"north": {"uv": [1, 8.25, 1.25, 11], "texture": "#0"},
				"east": {"uv": [6, 2.75, 8, 5.5], "texture": "#0"},
				"south": {"uv": [1.25, 8.25, 1.5, 11], "texture": "#0"},
				"west": {"uv": [6, 5.5, 8, 8.25], "texture": "#0"},
				"up": {"uv": [6, 10.25, 5.75, 8.25], "texture": "#0"},
				"down": {"uv": [6.25, 8.25, 6, 10.25], "texture": "#0"}
			}
		},
		{
			"from": [15, 4, 7],
			"to": [17, 9, 9],
			"rotation": {"angle": 0, "axis": "y", "origin": [11, 1, 10]},
			"faces": {
				"north": {"uv": [1.5, 8.25, 2, 9.5], "texture": "#0"},
				"east": {"uv": [2, 8.25, 2.5, 9.5], "texture": "#0"},
				"south": {"uv": [2.5, 8.25, 3, 9.5], "texture": "#0"},
				"west": {"uv": [3, 8.25, 3.5, 9.5], "texture": "#0"},
				"up": {"uv": [6.75, 8.75, 6.25, 8.25], "texture": "#0"},
				"down": {"uv": [7.25, 8.25, 6.75, 8.75], "texture": "#0"}
			}
		},
		{
			"from": [13, 8, 7],
			"to": [15, 10, 9],
			"rotation": {"angle": 0, "axis": "y", "origin": [11, 2, 10]},
			"faces": {
				"north": {"uv": [8.25, 6.75, 8.75, 7.25], "texture": "#0"},
				"east": {"uv": [7.25, 8.25, 7.75, 8.75], "texture": "#0"},
				"south": {"uv": [8.25, 7.25, 8.75, 7.75], "texture": "#0"},
				"west": {"uv": [8.25, 7.75, 8.75, 8.25], "texture": "#0"},
				"up": {"uv": [8.75, 8.75, 8.25, 8.25], "texture": "#0"},
				"down": {"uv": [4, 8.5, 3.5, 9], "texture": "#0"}
			}
		},
		{
			"from": [13, 3, 7],
			"to": [15, 5, 9],
			"rotation": {"angle": 0, "axis": "y", "origin": [11, -3, 10]},
			"faces": {
				"north": {"uv": [4, 8.5, 4.5, 9], "texture": "#0"},
				"east": {"uv": [4.5, 8.5, 5, 9], "texture": "#0"},
				"south": {"uv": [8.5, 4.75, 9, 5.25], "texture": "#0"},
				"west": {"uv": [5, 8.5, 5.5, 9], "texture": "#0"},
				"up": {"uv": [9, 5.75, 8.5, 5.25], "texture": "#0"},
				"down": {"uv": [9, 5.75, 8.5, 6.25], "texture": "#0"}
			}
		}
	],
	"display": {
		"thirdperson_righthand": {
			"rotation": [-29.33, -90, -90.38],
			"translation": [0, 1.5, 0],
			"scale": [0.2832, 0.2832, 0.2832]
		},
		"thirdperson_lefthand": {
			"rotation": [-112.5, 90, -173.55],
			"translation": [0, 2.25, 0],
			"scale": [0.2832, 0.2832, 0.2832]
		},
		"firstperson_righthand": {
			"rotation": [0, -64.75, 0],
			"translation": [-2, 2.75, 0.75],
			"scale": [0.48438, 0.48438, 0.48438]
		},
		"firstperson_lefthand": {
			"rotation": [-180, 64.25, 180],
			"translation": [-2, 2.75, 0.75],
			"scale": [0.48438, 0.48438, 0.48438]
		},
		"ground": {
			"scale": [0.31445, 0.31445, 0.31445]
		},
		"gui": {
			"rotation": [28.69, 18.05, 1.57],
			"translation": [-0.75, 1.25, 0],
			"scale": [0.47266, 0.47266, 0.47266]
		},
		"fixed": {
			"rotation": [-90, 0, 0],
			"translation": [0, 0, -3.5],
			"scale": [0.57422, 0.57422, 0.57422]
		}
	},
	"groups": [
		{
			"name": "root",
			"origin": [7, 0, 7],
			"color": 0,
			"children": [0, 1, 2, 3, 4, 5, 6, 7]
		}
	]
}