{
	"credit": "Made with Blockbench",
	"textures": {
		"0": "item/wineglass",
		"1": "item/wineglassliquid",
		"particle": "item/wineglass"
	},
	"elements": [
		{
			"from": [4, 0, 3],
			"to": [12, 1, 13],
			"rotation": {"angle": 0, "axis": "y", "origin": [7, 0, 7]},
			"faces": {
				"north": {"uv": [6, 4.75, 8, 5], "texture": "#0"},
				"east": {"uv": [4, 6, 6.5, 6.25], "texture": "#0"},
				"south": {"uv": [6, 5, 8, 5.25], "texture": "#0"},
				"west": {"uv": [6, 4.5, 8.5, 4.75], "texture": "#0"},
				"up": {"uv": [2, 2.5, 0, 0], "texture": "#0"},
				"down": {"uv": [4, 0, 2, 2.5], "texture": "#0"}
			}
		},
		{
			"from": [4, 0.5, 4],
			"to": [12, 1.5, 12],
			"rotation": {"angle": 0, "axis": "y", "origin": [7, 0.5, 7]},
			"faces": {
				"north": {"uv": [6, 5.25, 8, 5.5], "texture": "#0"},
				"east": {"uv": [6, 5.5, 8, 5.75], "texture": "#0"},
				"south": {"uv": [6, 5.75, 8, 6], "texture": "#0"},
				"west": {"uv": [4, 6.25, 6, 6.5], "texture": "#0"},
				"up": {"uv": [2, 4.5, 0, 2.5], "texture": "#0"},
				"down": {"uv": [4, 2.5, 2, 4.5], "texture": "#0"}
			}
		},
		{
			"from": [6, 1, 6],
			"to": [10, 2, 10],
			"rotation": {"angle": 0, "axis": "y", "origin": [7, 1, 7]},
			"faces": {
				"north": {"uv": [7, 4.25, 8, 4.5], "texture": "#0"},
				"east": {"uv": [7, 7, 8, 7.25], "texture": "#0"},
				"south": {"uv": [0, 7.25, 1, 7.5], "texture": "#0"},
				"west": {"uv": [7.25, 0.25, 8.25, 0.5], "texture": "#0"},
				"up": {"uv": [1, 7, 0, 6], "texture": "#0"},
				"down": {"uv": [2, 6, 1, 7], "texture": "#0"}
			}
		},
		{
			"from": [7, 2, 7],
			"to": [9, 10, 9],
			"rotation": {"angle": 0, "axis": "y", "origin": [7, 2, 7]},
			"faces": {
				"north": {"uv": [2, 6, 2.5, 8], "texture": "#0"},
				"east": {"uv": [2.5, 6, 3, 8], "texture": "#0"},
				"south": {"uv": [3, 6, 3.5, 8], "texture": "#0"},
				"west": {"uv": [3.5, 6, 4, 8], "texture": "#0"},
				"up": {"uv": [7.75, 1, 7.25, 0.5], "texture": "#0"},
				"down": {"uv": [1.5, 7.25, 1, 7.75], "texture": "#0"}
			}
		},
		{
			"from": [5, 10, 5],
			"to": [11, 11, 11],
			"rotation": {"angle": 0, "axis": "y", "origin": [7, 10, 7]},
			"faces": {
				"north": {"uv": [4.5, 6.75, 6, 7], "texture": "#0"},
				"east": {"uv": [6.5, 6.75, 8, 7], "texture": "#0"},
				"south": {"uv": [0, 7, 1.5, 7.25], "texture": "#0"},
				"west": {"uv": [7, 0, 8.5, 0.25], "texture": "#0"},
				"up": {"uv": [5.5, 1.5, 4, 0], "texture": "#0"},
				"down": {"uv": [5.5, 1.5, 4, 3], "texture": "#0"}
			}
		},
		{
			"from": [5, 11, 11],
			"to": [11, 17, 12],
			"rotation": {"angle": 0, "axis": "y", "origin": [7, 11, 8]},
			"faces": {
				"north": {"uv": [4, 3, 5.5, 4.5], "texture": "#0"},
				"east": {"uv": [7, 0.25, 7.25, 1.75], "texture": "#0"},
				"south": {"uv": [0, 4.5, 1.5, 6], "texture": "#0"},
				"west": {"uv": [1.5, 7, 1.75, 8.5], "texture": "#0"},
				"up": {"uv": [8.5, 2, 7, 1.75], "texture": "#0"},
				"down": {"uv": [8.5, 2, 7, 2.25], "texture": "#0"}
			}
		},
		{
			"from": [5, 11, 4],
			"to": [11, 17, 5],
			"rotation": {"angle": 0, "axis": "y", "origin": [7, 11, 1]},
			"faces": {
				"north": {"uv": [1.5, 4.5, 3, 6], "texture": "#0"},
				"east": {"uv": [1.75, 7, 2, 8.5], "texture": "#0"},
				"south": {"uv": [3, 4.5, 4.5, 6], "texture": "#0"},
				"west": {"uv": [7, 2.25, 7.25, 3.75], "texture": "#0"},
				"up": {"uv": [8.5, 4, 7, 3.75], "texture": "#0"},
				"down": {"uv": [8.5, 4, 7, 4.25], "texture": "#0"}
			}
		},
		{
			"from": [4, 11, 5],
			"to": [5, 17, 11],
			"rotation": {"angle": 0, "axis": "y", "origin": [4, 11, 7]},
			"faces": {
				"north": {"uv": [4.5, 7, 4.75, 8.5], "texture": "#0"},
				"east": {"uv": [4.5, 4.5, 6, 6], "texture": "#0"},
				"south": {"uv": [4.75, 7, 5, 8.5], "texture": "#0"},
				"west": {"uv": [5.5, 0, 7, 1.5], "texture": "#0"},
				"up": {"uv": [5.25, 8.5, 5, 7], "texture": "#0"},
				"down": {"uv": [5.5, 7, 5.25, 8.5], "texture": "#0"}
			}
		},
		{
			"from": [11, 11, 5],
			"to": [12, 17, 11],
			"rotation": {"angle": 0, "axis": "y", "origin": [11, 11, 7]},
			"faces": {
				"north": {"uv": [5.5, 7, 5.75, 8.5], "texture": "#0"},
				"east": {"uv": [5.5, 1.5, 7, 3], "texture": "#0"},
				"south": {"uv": [5.75, 7, 6, 8.5], "texture": "#0"},
				"west": {"uv": [5.5, 3, 7, 4.5], "texture": "#0"},
				"up": {"uv": [6.75, 8.5, 6.5, 7], "texture": "#0"},
				"down": {"uv": [7, 7, 6.75, 8.5], "texture": "#0"}
			}
		},
		{
			"from": [3, 0, 4],
			"to": [4, 1, 12],
			"rotation": {"angle": 0, "axis": "y", "origin": [7, 0, 7]},
			"faces": {
				"north": {"uv": [7.25, 1, 7.5, 1.25], "texture": "#0"},
				"east": {"uv": [6, 6.25, 8, 6.5], "texture": "#0"},
				"south": {"uv": [7.25, 1.25, 7.5, 1.5], "texture": "#0"},
				"west": {"uv": [4, 6.5, 6, 6.75], "texture": "#0"},
				"up": {"uv": [6.25, 8.5, 6, 6.5], "texture": "#0"},
				"down": {"uv": [6.5, 6.5, 6.25, 8.5], "texture": "#0"}
			}
		},
		{
			"from": [12, 0, 4],
			"to": [13, 1, 12],
			"rotation": {"angle": 0, "axis": "y", "origin": [16, 0, 7]},
			"faces": {
				"north": {"uv": [7.25, 1.5, 7.5, 1.75], "texture": "#0"},
				"east": {"uv": [6.5, 6, 8.5, 6.25], "texture": "#0"},
				"south": {"uv": [7.25, 2.25, 7.5, 2.5], "texture": "#0"},
				"west": {"uv": [6.5, 6.5, 8.5, 6.75], "texture": "#0"},
				"up": {"uv": [4.25, 8.75, 4, 6.75], "texture": "#0"},
				"down": {"uv": [4.5, 6.75, 4.25, 8.75], "texture": "#0"}
			}
		},
		{
			"from": [5, 11, 5],
			"to": [11, 14, 11],
			"rotation": {"angle": 0, "axis": "y", "origin": [7, 11, 7]},
			"faces": {
				"north": {"uv": [6, 0, 12, 3], "texture": "#1"},
				"east": {"uv": [6, 3, 12, 6], "texture": "#1"},
				"south": {"uv": [6, 6, 12, 9], "texture": "#1"},
				"west": {"uv": [6, 9, 12, 12], "texture": "#1"},
				"up": {"uv": [6, 6, 0, 0], "texture": "#1"},
				"down": {"uv": [6, 6, 0, 12], "texture": "#1"}
			}
		}
	],
	"display": {
		"thirdperson_righthand": {
			"rotation": [56.25, 0, 0],
			"translation": [0, 1, 2],
			"scale": [0.30469, 0.30469, 0.30469]
		},
		"thirdperson_lefthand": {
			"rotation": [56.25, 0, 0],
			"translation": [0, 1, 2],
			"scale": [0.30469, 0.30469, 0.30469]
		},
		"firstperson_righthand": {
			"rotation": [5.37, 12.51, -1.2],
			"translation": [-1.5, 3.5, 2.5],
			"scale": [0.38867, 0.38867, 0.38867]
		},
		"firstperson_lefthand": {
			"rotation": [5.37, 12.51, -1.2],
			"translation": [-1.5, 3.5, 2.5],
			"scale": [0.38867, 0.38867, 0.38867]
		},
		"ground": {
			"translation": [0, 2.25, 0],
			"scale": [0.38672, 0.38672, 0.38672]
		},
		"gui": {
			"rotation": [29.75, -35.25, 0],
			"scale": [0.61719, 0.61719, 0.61719]
		},
		"head": {
			"translation": [0, 10.75, 0],
			"scale": [0.54883, 0.54883, 0.54883]
		},
		"fixed": {
			"rotation": [-90, 0, 0],
			"translation": [0, 0, -7]
		}
	},
	"groups": [
		{
			"name": "wineglass",
			"origin": [8, 8, 8],
			"color": 0,
			"children": [0, 1, 2, 3, 4, 5, 6, 7, 8, 9, 10, 11]
		}
	]
}