{
	"credit": "Made with Blockbench",
	"texture_size": [64, 64],
	"textures": {
		"1": "item/glyphpatience",
		"3": "item/glyphinsight",
		"7": "item/glyphorder",
		"particle": "item/glyphpatience"
	},
	"elements": [
		{
			"from": [8, 1, 11],
			"to": [8.5, 18, 13],
			"rotation": {"angle": 0, "axis": "y", "origin": [8, 0, 8]},
			"faces": {
				"north": {"uv": [0.75, 10.5, 0.875, 14.75], "texture": "#1"},
				"east": {"uv": [0.5, 4.75, 1, 9], "texture": "#7"},
				"south": {"uv": [7.25, 10.75, 7.5, 15], "texture": "#1"},
				"west": {"uv": [0, 4.75, 0.5, 9], "texture": "#7"},
				"up": {"uv": [12.5, 10.5, 12.25, 10], "texture": "#1"},
				"down": {"uv": [15, 12.25, 14.75, 12.75], "texture": "#1"}
			}
		},
		{
			"from": [8, 2, 13],
			"to": [8.5, 17, 14],
			"rotation": {"angle": 0, "axis": "y", "origin": [8, 0, 8]},
			"faces": {
				"north": {"uv": [9, 5.25, 9.125, 9], "texture": "#1"},
				"east": {"uv": [10.5, 8, 10.75, 11.75], "texture": "#7"},
				"south": {"uv": [12, 1.5, 12.25, 5.25], "texture": "#1"},
				"west": {"uv": [7.5, 3.75, 7.75, 7.5], "texture": "#7"},
				"up": {"uv": [3.25, 13, 3, 12.75], "texture": "#1"},
				"down": {"uv": [15.5, 4.75, 15.25, 5], "texture": "#1"}
			}
		},
		{
			"from": [8, 3, 14],
			"to": [8.5, 16, 15],
			"rotation": {"angle": 0, "axis": "y", "origin": [8, 0, 8]},
			"faces": {
				"north": {"uv": [10.25, 1.5, 10.375, 4.75], "texture": "#1"},
				"east": {"uv": [5, 3.5, 5.25, 6.75], "texture": "#7"},
				"south": {"uv": [13, 8, 13.25, 11.25], "texture": "#1"},
				"west": {"uv": [8.5, 9.75, 8.75, 13], "texture": "#7"},
				"up": {"uv": [3.5, 13, 3.25, 12.75], "texture": "#1"},
				"down": {"uv": [15.5, 5, 15.25, 5.25], "texture": "#1"}
			}
		},
		{
			"from": [8, 4, 15],
			"to": [8.5, 15, 16],
			"rotation": {"angle": 0, "axis": "y", "origin": [8, 0, 8]},
			"faces": {
				"north": {"uv": [11, 1.5, 11.125, 4.25], "texture": "#1"},
				"east": {"uv": [12.5, 3.25, 12.75, 6], "texture": "#7"},
				"south": {"uv": [14.5, 6.25, 14.75, 9], "texture": "#1"},
				"west": {"uv": [5.75, 11.25, 6, 14], "texture": "#7"},
				"up": {"uv": [3.75, 13, 3.5, 12.75], "texture": "#1"},
				"down": {"uv": [15.5, 5.25, 15.25, 5.5], "texture": "#1"}
			}
		},
		{
			"from": [8, 6, 16],
			"to": [8.5, 13, 17],
			"rotation": {"angle": 0, "axis": "y", "origin": [8, 0, 8]},
			"faces": {
				"north": {"uv": [8.5, 13.25, 8.625, 15], "texture": "#1"},
				"east": {"uv": [10, 6, 10.25, 7.75], "texture": "#7"},
				"south": {"uv": [14, 9.5, 14.25, 11.25], "texture": "#1"},
				"west": {"uv": [2.5, 11.75, 2.75, 13.5], "texture": "#7"},
				"up": {"uv": [4, 13, 3.75, 12.75], "texture": "#1"},
				"down": {"uv": [15.5, 5.5, 15.25, 5.75], "texture": "#1"}
			}
		},
		{
			"from": [8, 4, -1],
			"to": [8.5, 15, 0],
			"rotation": {"angle": 0, "axis": "y", "origin": [8, 0, 8]},
			"faces": {
				"north": {"uv": [7.75, 12.75, 7.875, 15.5], "texture": "#1"},
				"east": {"uv": [9.5, 11.75, 9.75, 14.5], "texture": "#7"},
				"south": {"uv": [13.75, 9.75, 14, 12.5], "texture": "#1"},
				"west": {"uv": [6.5, 11.25, 6.75, 14], "texture": "#7"},
				"up": {"uv": [3.5, 14, 3.25, 13.75], "texture": "#1"},
				"down": {"uv": [15.5, 5.75, 15.25, 6], "texture": "#1"}
			}
		},
		{
			"from": [8, 3, 0],
			"to": [8.5, 16, 1],
			"rotation": {"angle": 0, "axis": "y", "origin": [8, 0, 8]},
			"faces": {
				"north": {"uv": [10.5, 1.5, 10.625, 4.75], "texture": "#1"},
				"east": {"uv": [12, 3.75, 12.25, 7], "texture": "#7"},
				"south": {"uv": [11.5, 4.5, 11.75, 7.75], "texture": "#1"},
				"west": {"uv": [8.75, 9.75, 9, 13], "texture": "#7"},
				"up": {"uv": [2.75, 9.5, 2.5, 9.25], "texture": "#1"},
				"down": {"uv": [15.5, 6, 15.25, 6.25], "texture": "#1"}
			}
		},
		{
			"from": [8, 2, 1],
			"to": [8.5, 17, 2],
			"rotation": {"angle": 0, "axis": "y", "origin": [8, 0, 8]},
			"faces": {
				"north": {"uv": [9.25, 9, 9.375, 12.75], "texture": "#1"},
				"east": {"uv": [11.5, 0.75, 11.75, 4.5], "texture": "#7"},
				"south": {"uv": [12, 10.25, 12.25, 14], "texture": "#1"},
				"west": {"uv": [4.5, 5, 4.75, 8.75], "texture": "#7"},
				"up": {"uv": [13, 4.75, 12.75, 4.5], "texture": "#1"},
				"down": {"uv": [15.5, 6.5, 15.25, 6.75], "texture": "#1"}
			}
		},
		{
			"from": [8, 1, 2],
			"to": [8.5, 18, 4],
			"rotation": {"angle": 0, "axis": "y", "origin": [8, 0, 8]},
			"faces": {
				"north": {"uv": [1.25, 10.5, 1.375, 14.75], "texture": "#1"},
				"east": {"uv": [4.25, 0.5, 4.75, 4.75], "texture": "#7"},
				"south": {"uv": [2.5, 7, 2.75, 11.25], "texture": "#1"},
				"west": {"uv": [2.75, 4.75, 3.25, 9], "texture": "#7"},
				"up": {"uv": [10.75, 8, 10.5, 7.5], "texture": "#1"},
				"down": {"uv": [14, 14, 13.75, 14.5], "texture": "#1"}
			}
		},
		{
			"from": [8, 6, -2],
			"to": [8.5, 13, -1],
			"rotation": {"angle": 0, "axis": "y", "origin": [8, 0, 8]},
			"faces": {
				"north": {"uv": [4.5, 13.25, 4.625, 15], "texture": "#1"},
				"east": {"uv": [6.25, 12.25, 6.5, 14], "texture": "#7"},
				"south": {"uv": [8, 13.25, 8.25, 15], "texture": "#1"},
				"west": {"uv": [3.25, 10.25, 3.5, 12], "texture": "#7"},
				"up": {"uv": [13, 5.25, 12.75, 5], "texture": "#1"},
				"down": {"uv": [15.5, 7, 15.25, 7.25], "texture": "#1"}
			}
		},
		{
			"from": [8, 0, 4],
			"to": [8.5, 19, 11],
			"rotation": {"angle": 0, "axis": "y", "origin": [8, 0, 8]},
			"faces": {
				"north": {"uv": [7, 10, 7.125, 14.75], "texture": "#1"},
				"east": {"uv": [0, 0, 1.75, 4.75], "texture": "#7"},
				"south": {"uv": [11.25, 8, 11.5, 12.75], "texture": "#1"},
				"west": {"uv": [1, 4.75, 2.75, 9.5], "texture": "#7"},
				"up": {"uv": [6, 10, 5.75, 8.25], "texture": "#1"},
				"down": {"uv": [9.25, 13.5, 9, 15.25], "texture": "#1"}
			}
		},
		{
			"from": [7.5, 1, 5],
			"to": [9, 18, 10],
			"rotation": {"angle": 0, "axis": "y", "origin": [8, 0, 8]},
			"faces": {
				"north": {"uv": [1.75, 10.5, 2.125, 14.75], "texture": "#1"},
				"east": {"uv": [1.75, 0.5, 3, 4.75], "texture": "#3"},
				"south": {"uv": [5.25, 10.5, 5.5, 14.75], "texture": "#1"},
				"west": {"uv": [1.75, 0.5, 3, 4.75], "texture": "#3"},
				"up": {"uv": [12, 12.5, 11.75, 11.25], "texture": "#1"},
				"down": {"uv": [14.75, 1.75, 14.5, 3], "texture": "#1"}
			}
		},
		{
			"from": [7.5, 2, 10],
			"to": [9, 17, 12],
			"rotation": {"angle": 0, "axis": "y", "origin": [8, 0, 8]},
			"faces": {
				"north": {"uv": [9.75, 1.5, 10.125, 5.25], "texture": "#1"},
				"east": {"uv": [5.25, 0.5, 5.75, 4.25], "texture": "#3"},
				"south": {"uv": [4, 8, 4.25, 11.75], "texture": "#1"},
				"west": {"uv": [6.25, 6, 6.75, 9.75], "texture": "#3"},
				"up": {"uv": [1.75, 15.5, 1.5, 15], "texture": "#1"},
				"down": {"uv": [15, 13.25, 14.75, 13.75], "texture": "#1"}
			}
		},
		{
			"from": [7.5, 12, 0],
			"to": [9, 14, 1],
			"rotation": {"angle": 0, "axis": "y", "origin": [8, 0, 8]},
			"faces": {
				"north": {"uv": [4.5, 9, 4.875, 9.5], "texture": "#1"},
				"east": {"uv": [13.5, 12.5, 13.75, 13], "texture": "#3"},
				"south": {"uv": [15, 1.5, 15.25, 2], "texture": "#1"},
				"west": {"uv": [5.75, 5, 6, 5.5], "texture": "#3"},
				"up": {"uv": [13, 5.75, 12.75, 5.5], "texture": "#1"},
				"down": {"uv": [15.5, 7.5, 15.25, 7.75], "texture": "#1"}
			}
		},
		{
			"from": [7.5, 5, 14],
			"to": [9, 7, 15],
			"rotation": {"angle": 0, "axis": "y", "origin": [8, 0, 8]},
			"faces": {
				"north": {"uv": [5.75, 3.5, 6.125, 4], "texture": "#1"},
				"east": {"uv": [13.75, 4, 14, 4.5], "texture": "#3"},
				"south": {"uv": [15, 5.5, 15.25, 6], "texture": "#1"},
				"west": {"uv": [13.25, 7.5, 13.5, 8], "texture": "#3"},
				"up": {"uv": [13, 6.75, 12.75, 6.5], "texture": "#1"},
				"down": {"uv": [15.5, 8.5, 15.25, 8.75], "texture": "#1"}
			}
		},
		{
			"from": [7.5, 5, 0],
			"to": [9, 7, 1],
			"rotation": {"angle": 0, "axis": "y", "origin": [8, 0, 8]},
			"faces": {
				"north": {"uv": [12.25, 6.5, 12.625, 7], "texture": "#1"},
				"east": {"uv": [13.75, 6, 14, 6.5], "texture": "#3"},
				"south": {"uv": [15, 7.5, 15.25, 8], "texture": "#1"},
				"west": {"uv": [13.25, 9.5, 13.5, 10], "texture": "#3"},
				"up": {"uv": [13, 7.25, 12.75, 7], "texture": "#1"},
				"down": {"uv": [15.5, 9, 15.25, 9.25], "texture": "#1"}
			}
		},
		{
			"from": [7.5, 7, -1],
			"to": [9, 12, 1],
			"rotation": {"angle": 0, "axis": "y", "origin": [8, 0, 8]},
			"faces": {
				"north": {"uv": [11.75, 2.75, 12.125, 4], "texture": "#1"},
				"east": {"uv": [12.75, 1.75, 13.25, 3], "texture": "#3"},
				"south": {"uv": [6, 6.75, 6.25, 8], "texture": "#1"},
				"west": {"uv": [4.75, 7.25, 5.25, 8.5], "texture": "#3"},
				"up": {"uv": [2.75, 10.25, 2.5, 9.75], "texture": "#1"},
				"down": {"uv": [15.25, 9.25, 15, 9.75], "texture": "#1"}
			}
		},
		{
			"from": [7.5, 3, 1],
			"to": [9, 16, 3],
			"rotation": {"angle": 0, "axis": "y", "origin": [8, 0, 8]},
			"faces": {
				"north": {"uv": [10.75, 4.5, 11.125, 7.75], "texture": "#1"},
				"east": {"uv": [6.75, 1.75, 7.25, 5], "texture": "#3"},
				"south": {"uv": [14.25, 4.75, 14.5, 8], "texture": "#1"},
				"west": {"uv": [3.75, 4.75, 4.25, 8], "texture": "#3"},
				"up": {"uv": [12.75, 8.5, 12.5, 8], "texture": "#1"},
				"down": {"uv": [15.25, 10.25, 15, 10.75], "texture": "#1"}
			}
		},
		{
			"from": [7.5, 2, 3],
			"to": [9, 17, 5],
			"rotation": {"angle": 0, "axis": "y", "origin": [8, 0, 8]},
			"faces": {
				"north": {"uv": [10, 9, 10.375, 12.75], "texture": "#1"},
				"east": {"uv": [6.25, 6, 6.75, 9.75], "texture": "#3"},
				"south": {"uv": [13.5, 8, 13.75, 11.75], "texture": "#1"},
				"west": {"uv": [5.25, 0.5, 5.75, 4.25], "texture": "#3"},
				"up": {"uv": [12.75, 9.5, 12.5, 9], "texture": "#1"},
				"down": {"uv": [12.5, 12.75, 12.25, 13.25], "texture": "#1"}
			}
		},
		{
			"from": [7.5, 3, 12],
			"to": [9, 16, 14],
			"rotation": {"angle": 0, "axis": "y", "origin": [8, 0, 8]},
			"faces": {
				"north": {"uv": [10.75, 8, 11.125, 11.25], "texture": "#1"},
				"east": {"uv": [3.75, 4.75, 4.25, 8], "texture": "#3"},
				"south": {"uv": [13.5, 11.25, 13.75, 14.5], "texture": "#1"},
				"west": {"uv": [6.75, 1.75, 7.25, 5], "texture": "#3"},
				"up": {"uv": [11, 15.25, 10.75, 14.75], "texture": "#1"},
				"down": {"uv": [15.25, 11.25, 15, 11.75], "texture": "#1"}
			}
		},
		{
			"from": [7.5, 7, 14],
			"to": [9, 12, 16],
			"rotation": {"angle": 0, "axis": "y", "origin": [8, 0, 8]},
			"faces": {
				"north": {"uv": [11.75, 5.25, 12.125, 6.5], "texture": "#1"},
				"east": {"uv": [13, 4.25, 13.5, 5.5], "texture": "#3"},
				"south": {"uv": [14.5, 11, 14.75, 12.25], "texture": "#1"},
				"west": {"uv": [12.5, 8.25, 13, 9.5], "texture": "#3"},
				"up": {"uv": [10.75, 13.75, 10.5, 13.25], "texture": "#1"},
				"down": {"uv": [12.75, 14.25, 12.5, 14.75], "texture": "#1"}
			}
		},
		{
			"from": [7.5, 12, 14],
			"to": [9, 14, 15],
			"rotation": {"angle": 0, "axis": "y", "origin": [8, 0, 8]},
			"faces": {
				"north": {"uv": [11.5, 14, 11.875, 14.5], "texture": "#1"},
				"east": {"uv": [13.75, 12.5, 14, 13], "texture": "#3"},
				"south": {"uv": [14.75, 14, 15, 14.5], "texture": "#1"},
				"west": {"uv": [13.25, 15.5, 13.5, 16], "texture": "#3"},
				"up": {"uv": [13, 8.25, 12.75, 8], "texture": "#1"},
				"down": {"uv": [15.5, 10, 15.25, 10.25], "texture": "#1"}
			}
		}
	],
	"display": {
		"thirdperson_righthand": {
			"translation": [-0.25, -2.5, 0],
			"scale": [0.8, 0.35, 0.35]
		},
		"thirdperson_lefthand": {
			"translation": [0, -2.5, 0],
			"scale": [0.8, 0.35, 0.35]
		},
		"firstperson_righthand": {
			"translation": [-1, 4.25, 3],
			"scale": [1, 0.35, 0.35]
		},
		"firstperson_lefthand": {
			"rotation": [0, 180, 0],
			"translation": [1, 4.25, 1.25],
			"scale": [1, 0.35, 0.35]
		},
		"ground": {
			"scale": [1, 0.35, 0.35]
		},
		"gui": {
			"rotation": [0, 90, 0],
			"translation": [0.5, -0.5, 0],
			"scale": [0.6, 0.6, 0.6]
		},
		"fixed": {
			"rotation": [0, -90, 0],
			"translation": [-0.5, -1.25, 0],
			"scale": [1, 0.8, 0.8]
		}
	},
	"groups": [
		{
			"name": "Iteration2",
			"origin": [8, 8, 8],
			"color": 0,
			"children": [
				{
					"name": "Middle_Cut2",
					"origin": [0, 0, 0],
					"color": 0,
					"children": [0, 1, 2, 3, 4, 5, 6, 7, 8, 9, 10]
				},
				{
					"name": "Front_Cut2",
					"origin": [0, 0, 0],
					"color": 0,
					"children": [11, 12, 13, 14, 15, 16, 17, 18, 19, 20, 21]
				}
			]
		}
	]
}