{
    "parent": "item/handheld",
    "textures": {
        "layer0": "item/golden_apple"
    },
    "overrides": [
        {"predicate": {"custom_model_data": 1}, "model": "item/blonderoast"},
        {"predicate": {"custom_model_data": 2}, "model": "item/mediumroast"},
        {"predicate": {"custom_model_data": 3}, "model": "item/darkroast"},
        {"predicate": {"custom_model_data": 4}, "model": "item/icedcoffee"},
        {"predicate": {"custom_model_data": 5}, "model": "item/espresso"},
        {"predicate": {"custom_model_data": 6}, "model": "item/latte2"},
        {"predicate": {"custom_model_data": 7}, "model": "item/cappucino"},
        {"predicate": {"custom_model_data": 8}, "model": "item/frenchvanilla"},
        {"predicate": {"custom_model_data": 9}, "model": "item/chailatte2"},
        {"predicate": {"custom_model_data": 10}, "model": "item/pumpkinspicelatte2"},
        {"predicate": {"custom_model_data": 11}, "model": "item/thorylinmead"},
        {"predicate": {"custom_model_data": 12}, "model": "item/wine"},

        {"predicate": {"custom_model_data": 14}, "model": "item/glassofwine"},
        {"predicate": {"custom_model_data": 15}, "model": "item/lunarisshine"},
        {"predicate": {"custom_model_data": 16}, "model": "item/embermoorianbeer"},
        {"predicate": {"custom_model_data": 17}, "model": "item/ithilianpineblend"}
    ]
}