{
	"credit": "Made with Blockbench",
	"texture_size": [64, 64],
	"textures": {
		"0": "item/greatswordcommon",
		"particle": "item/greatswordcommon"
	},
	"elements": [
		{
			"from": [6.5, -8, 6.5],
			"to": [9.5, 0, 9.5],
			"rotation": {"angle": 0, "axis": "y", "origin": [7.8097, -3.5735, 8]},
			"faces": {
				"north": {"uv": [4.5, 7.5, 5.25, 9.5], "texture": "#0"},
				"east": {"uv": [3.75, 7.5, 4.5, 9.5], "texture": "#0"},
				"south": {"uv": [6, 7.5, 6.75, 9.5], "texture": "#0"},
				"west": {"uv": [5.25, 7.5, 6, 9.5], "texture": "#0"},
				"up": {"uv": [5.25, 7.5, 4.5, 6.75], "texture": "#0"},
				"down": {"uv": [6, 6.75, 5.25, 7.5], "texture": "#0"}
			}
		},
		{
			"from": [6, -9, 6],
			"to": [10, -8, 10],
			"rotation": {"angle": 0, "axis": "y", "origin": [7.8097, -3.5735, 8]},
			"faces": {
				"north": {"uv": [7.75, 7.75, 8.75, 8], "texture": "#0"},
				"east": {"uv": [6.75, 7.75, 7.75, 8], "texture": "#0"},
				"south": {"uv": [9.75, 7.75, 10.75, 8], "texture": "#0"},
				"west": {"uv": [8.75, 7.75, 9.75, 8], "texture": "#0"},
				"up": {"uv": [8.75, 7.75, 7.75, 6.75], "texture": "#0"},
				"down": {"uv": [9.75, 6.75, 8.75, 7.75], "texture": "#0"}
			}
		},
		{
			"from": [2, 0, 6],
			"to": [14, 1, 10],
			"rotation": {"angle": 0, "axis": "y", "origin": [7.8097, -3.5735, 8]},
			"faces": {
				"north": {"uv": [5.5, 1, 8.5, 1.25], "texture": "#0"},
				"east": {"uv": [4.5, 1, 5.5, 1.25], "texture": "#0"},
				"south": {"uv": [9.5, 1, 12.5, 1.25], "texture": "#0"},
				"west": {"uv": [8.5, 1, 9.5, 1.25], "texture": "#0"},
				"up": {"uv": [8.5, 1, 5.5, 0], "texture": "#0"},
				"down": {"uv": [11.5, 0, 8.5, 1], "texture": "#0"}
			}
		},
		{
			"from": [-2.6208, -2.02603, 6],
			"to": [2.3792, -1.02603, 10],
			"rotation": {"angle": -22.5, "axis": "z", "origin": [7.8097, -3.5735, 8]},
			"faces": {
				"north": {"uv": [1, 7.25, 2.25, 7.5], "texture": "#0"},
				"east": {"uv": [0, 7.25, 1, 7.5], "texture": "#0"},
				"south": {"uv": [3.25, 7.25, 4.5, 7.5], "texture": "#0"},
				"west": {"uv": [2.25, 7.25, 3.25, 7.5], "texture": "#0"},
				"up": {"uv": [2.25, 7.25, 1, 6.25], "texture": "#0"},
				"down": {"uv": [3.5, 6.25, 2.25, 7.25], "texture": "#0"}
			}
		},
		{
			"from": [13.20707, -2.10602, 6],
			"to": [18.20707, -1.10602, 10],
			"rotation": {"angle": 22.5, "axis": "z", "origin": [7.8097, -3.5735, 8]},
			"faces": {
				"north": {"uv": [4.5, 6.5, 5.75, 6.75], "texture": "#0"},
				"east": {"uv": [3.5, 6.5, 4.5, 6.75], "texture": "#0"},
				"south": {"uv": [6.75, 6.5, 8, 6.75], "texture": "#0"},
				"west": {"uv": [5.75, 6.5, 6.75, 6.75], "texture": "#0"},
				"up": {"uv": [5.75, 6.5, 4.5, 5.5], "texture": "#0"},
				"down": {"uv": [7, 5.5, 5.75, 6.5], "texture": "#0"}
			}
		},
		{
			"from": [4, 1, 7.5],
			"to": [12, 25, 8.5],
			"rotation": {"angle": 0, "axis": "y", "origin": [7, 1, 6.5]},
			"faces": {
				"north": {"uv": [0.25, 0.25, 2.25, 6.25], "texture": "#0"},
				"east": {"uv": [0, 0.25, 0.25, 6.25], "texture": "#0"},
				"south": {"uv": [2.5, 0.25, 4.5, 6.25], "texture": "#0"},
				"west": {"uv": [2.25, 0.25, 2.5, 6.25], "texture": "#0"},
				"up": {"uv": [2.25, 0.25, 0.25, 0], "texture": "#0"},
				"down": {"uv": [4.25, 0, 2.25, 0.25], "texture": "#0"}
			}
		},
		{
			"from": [5, 1, 7],
			"to": [11, 16, 9],
			"rotation": {"angle": 0, "axis": "y", "origin": [7, 1, 6]},
			"faces": {
				"north": {"uv": [5, 1.75, 6.5, 5.5], "texture": "#0"},
				"east": {"uv": [4.5, 1.75, 5, 5.5], "texture": "#0"},
				"south": {"uv": [7, 1.75, 8.5, 5.5], "texture": "#0"},
				"west": {"uv": [6.5, 1.75, 7, 5.5], "texture": "#0"},
				"up": {"uv": [6.5, 1.75, 5, 1.25], "texture": "#0"},
				"down": {"uv": [8, 1.25, 6.5, 1.75], "texture": "#0"}
			}
		},
		{
			"from": [5.5, 16, 7],
			"to": [10.5, 17, 9],
			"rotation": {"angle": 0, "axis": "y", "origin": [6.5, 16, 6]},
			"faces": {
				"north": {"uv": [0.5, 8, 1.75, 8.25], "texture": "#0"},
				"east": {"uv": [0, 8, 0.5, 8.25], "texture": "#0"},
				"south": {"uv": [2.25, 8, 3.5, 8.25], "texture": "#0"},
				"west": {"uv": [1.75, 8, 2.25, 8.25], "texture": "#0"},
				"up": {"uv": [1.75, 8, 0.5, 7.5], "texture": "#0"},
				"down": {"uv": [3, 7.5, 1.75, 8], "texture": "#0"}
			}
		},
		{
			"from": [6, 17, 7],
			"to": [10, 18, 9],
			"rotation": {"angle": 0, "axis": "y", "origin": [7, 17, 6]},
			"faces": {
				"north": {"uv": [7.25, 8.5, 8.25, 8.75], "texture": "#0"},
				"east": {"uv": [6.75, 8.5, 7.25, 8.75], "texture": "#0"},
				"south": {"uv": [8.75, 8.5, 9.75, 8.75], "texture": "#0"},
				"west": {"uv": [8.25, 8.5, 8.75, 8.75], "texture": "#0"},
				"up": {"uv": [8.25, 8.5, 7.25, 8], "texture": "#0"},
				"down": {"uv": [9.25, 8, 8.25, 8.5], "texture": "#0"}
			}
		},
		{
			"from": [6.5, 18, 7],
			"to": [9.5, 19, 9],
			"rotation": {"angle": 0, "axis": "y", "origin": [6.5, 18, 6]},
			"faces": {
				"north": {"uv": [0.5, 8.75, 1.25, 9], "texture": "#0"},
				"east": {"uv": [0, 8.75, 0.5, 9], "texture": "#0"},
				"south": {"uv": [1.75, 8.75, 2.5, 9], "texture": "#0"},
				"west": {"uv": [1.25, 8.75, 1.75, 9], "texture": "#0"},
				"up": {"uv": [1.25, 8.75, 0.5, 8.25], "texture": "#0"},
				"down": {"uv": [2, 8.25, 1.25, 8.75], "texture": "#0"}
			}
		},
		{
			"from": [7, 19, 7],
			"to": [9, 20, 9],
			"rotation": {"angle": 0, "axis": "y", "origin": [6, 19, 6]},
			"faces": {
				"north": {"uv": [9, 2.75, 9.5, 3], "texture": "#0"},
				"east": {"uv": [8.5, 2.75, 9, 3], "texture": "#0"},
				"south": {"uv": [10, 2.75, 10.5, 3], "texture": "#0"},
				"west": {"uv": [9.5, 2.75, 10, 3], "texture": "#0"},
				"up": {"uv": [9.5, 2.75, 9, 2.25], "texture": "#0"},
				"down": {"uv": [10, 2.25, 9.5, 2.75], "texture": "#0"}
			}
		},
		{
			"from": [7.5, 20, 7],
			"to": [8.5, 21, 9],
			"rotation": {"angle": 0, "axis": "y", "origin": [5.5, 20, 6]},
			"faces": {
				"north": {"uv": [6.5, 7.25, 6.75, 7.5], "texture": "#0"},
				"east": {"uv": [6, 7.25, 6.5, 7.5], "texture": "#0"},
				"south": {"uv": [7.25, 7.25, 7.5, 7.5], "texture": "#0"},
				"west": {"uv": [6.75, 7.25, 7.25, 7.5], "texture": "#0"},
				"up": {"uv": [6.75, 7.25, 6.5, 6.75], "texture": "#0"},
				"down": {"uv": [7, 6.75, 6.75, 7.25], "texture": "#0"}
			}
		},
		{
			"from": [5, 25, 7.5],
			"to": [12, 26, 8.5],
			"rotation": {"angle": 0, "axis": "y", "origin": [7, 25, 6.5]},
			"faces": {
				"north": {"uv": [7.25, 5.75, 9, 6], "texture": "#0"},
				"east": {"uv": [7, 5.75, 7.25, 6], "texture": "#0"},
				"south": {"uv": [9.25, 5.75, 11, 6], "texture": "#0"},
				"west": {"uv": [9, 5.75, 9.25, 6], "texture": "#0"},
				"up": {"uv": [9, 5.75, 7.25, 5.5], "texture": "#0"},
				"down": {"uv": [10.75, 5.5, 9, 5.75], "texture": "#0"}
			}
		},
		{
			"from": [6, 26, 7.5],
			"to": [12, 27, 8.5],
			"rotation": {"angle": 0, "axis": "y", "origin": [6, 26, 6.5]},
			"faces": {
				"north": {"uv": [7.25, 6.25, 8.75, 6.5], "texture": "#0"},
				"east": {"uv": [7, 6.25, 7.25, 6.5], "texture": "#0"},
				"south": {"uv": [9, 6.25, 10.5, 6.5], "texture": "#0"},
				"west": {"uv": [8.75, 6.25, 9, 6.5], "texture": "#0"},
				"up": {"uv": [8.75, 6.25, 7.25, 6], "texture": "#0"},
				"down": {"uv": [10.25, 6, 8.75, 6.25], "texture": "#0"}
			}
		},
		{
			"from": [7, 27, 7.5],
			"to": [12, 28, 8.5],
			"rotation": {"angle": 0, "axis": "y", "origin": [5, 27, 6.5]},
			"faces": {
				"north": {"uv": [8.25, 1.5, 9.5, 1.75], "texture": "#0"},
				"east": {"uv": [8, 1.5, 8.25, 1.75], "texture": "#0"},
				"south": {"uv": [9.75, 1.5, 11, 1.75], "texture": "#0"},
				"west": {"uv": [9.5, 1.5, 9.75, 1.75], "texture": "#0"},
				"up": {"uv": [9.5, 1.5, 8.25, 1.25], "texture": "#0"},
				"down": {"uv": [10.75, 1.25, 9.5, 1.5], "texture": "#0"}
			}
		},
		{
			"from": [8, 28, 7.5],
			"to": [12, 29, 8.5],
			"rotation": {"angle": 0, "axis": "y", "origin": [4, 28, 6.5]},
			"faces": {
				"north": {"uv": [8.75, 2, 9.75, 2.25], "texture": "#0"},
				"east": {"uv": [8.5, 2, 8.75, 2.25], "texture": "#0"},
				"south": {"uv": [10, 2, 11, 2.25], "texture": "#0"},
				"west": {"uv": [9.75, 2, 10, 2.25], "texture": "#0"},
				"up": {"uv": [9.75, 2, 8.75, 1.75], "texture": "#0"},
				"down": {"uv": [10.75, 1.75, 9.75, 2], "texture": "#0"}
			}
		},
		{
			"from": [9, 29, 7.5],
			"to": [12, 30, 8.5],
			"rotation": {"angle": 0, "axis": "y", "origin": [4, 29, 6.5]},
			"faces": {
				"north": {"uv": [8.75, 3.25, 9.5, 3.5], "texture": "#0"},
				"east": {"uv": [8.5, 3.25, 8.75, 3.5], "texture": "#0"},
				"south": {"uv": [9.75, 3.25, 10.5, 3.5], "texture": "#0"},
				"west": {"uv": [9.5, 3.25, 9.75, 3.5], "texture": "#0"},
				"up": {"uv": [9.5, 3.25, 8.75, 3], "texture": "#0"},
				"down": {"uv": [10.25, 3, 9.5, 3.25], "texture": "#0"}
			}
		},
		{
			"from": [10, 30, 7.5],
			"to": [12, 31, 8.5],
			"rotation": {"angle": 0, "axis": "y", "origin": [4, 30, 6.5]},
			"faces": {
				"north": {"uv": [2.25, 8.5, 2.75, 8.75], "texture": "#0"},
				"east": {"uv": [2, 8.5, 2.25, 8.75], "texture": "#0"},
				"south": {"uv": [3, 8.5, 3.5, 8.75], "texture": "#0"},
				"west": {"uv": [2.75, 8.5, 3, 8.75], "texture": "#0"},
				"up": {"uv": [2.75, 8.5, 2.25, 8.25], "texture": "#0"},
				"down": {"uv": [3.25, 8.25, 2.75, 8.5], "texture": "#0"}
			}
		},
		{
			"from": [11, 31, 7.5],
			"to": [12, 32, 8.5],
			"rotation": {"angle": 0, "axis": "y", "origin": [4, 31, 6.5]},
			"faces": {
				"north": {"uv": [4.75, 0.25, 5, 0.5], "texture": "#0"},
				"east": {"uv": [4.5, 0.25, 4.75, 0.5], "texture": "#0"},
				"south": {"uv": [5.25, 0.25, 5.5, 0.5], "texture": "#0"},
				"west": {"uv": [5, 0.25, 5.25, 0.5], "texture": "#0"},
				"up": {"uv": [5, 0.25, 4.75, 0], "texture": "#0"},
				"down": {"uv": [5.25, 0, 5, 0.25], "texture": "#0"}
			}
		}
	],
	"display": {
		"thirdperson_righthand": {
			"rotation": [0, -90, 0],
			"translation": [0, 13, 2.5],
			"scale": [1, 1.25, 1]
		},
		"thirdperson_lefthand": {
			"rotation": [0, -90, 0],
			"translation": [0, 13, 2.5],
			"scale": [1, 1.25, 1]
		},
		"firstperson_righthand": {
			"rotation": [0, -90, 0],
			"translation": [0, 13, 2.5],
			"scale": [1, 1.25, 1]
		},
		"firstperson_lefthand": {
			"rotation": [0, -90, 0],
			"translation": [0, 13, 2.5],
			"scale": [1, 1.25, 1]
		},
		"ground": {
			"translation": [0, 13.25, 0]
		},
		"gui": {
			"rotation": [0, 0, -44.75],
			"translation": [-1.25, -1.25, 0],
			"scale": [0.47461, 0.47461, 0.47461]
		},
		"head": {
			"rotation": [0, -90, 0],
			"translation": [0, 13, 2.5],
			"scale": [1, 1.25, 1]
		},
		"fixed": {
			"rotation": [0, 0, 43.5],
			"translation": [0.75, -1.5, 0],
			"scale": [0.48555, 0.48555, 0.48555]
		}
	},
	"groups": [
		{
			"name": "root",
			"origin": [8, 8, 8],
			"color": 0,
			"children": [
				{
					"name": "hilt",
					"origin": [8, 8, 8],
					"color": 0,
					"children": [0, 1, 2, 3, 4]
				},
				{
					"name": "blade",
					"origin": [8, 8, 8],
					"color": 0,
					"children": [5, 6, 7, 8, 9, 10, 11, 12, 13, 14, 15, 16, 17, 18]
				}
			]
		}
	]
}