{
	"credit": "Made with Blockbench",
	"texture_size": [128, 128],
	"textures": {
		"0": "item/icedcoffee",
		"particle": "item/icedcoffee"
	},
	"elements": [
		{
			"from": [3, -6, 3],
			"to": [13, 25, 13],
			"rotation": {"angle": 0, "axis": "y", "origin": [7, -6, 7]},
			"faces": {
				"north": {"uv": [6.5, 3, 7.75, 3.125], "texture": "#0"},
				"east": {"uv": [6.5, 3.125, 7.75, 3.25], "texture": "#0"},
				"south": {"uv": [6.5, 3.25, 7.75, 3.375], "texture": "#0"},
				"west": {"uv": [6.5, 3.375, 7.75, 3.5], "texture": "#0"},
				"up": {"uv": [7.5, 2.5, 6.25, 1.25], "texture": "#0"},
				"down": {"uv": [2.75, 6.25, 1.5, 7.5], "texture": "#0"}
			}
		},
		{
			"from": [3, -5, 2],
			"to": [13, 9, 3],
			"rotation": {"angle": 0, "axis": "y", "origin": [7, -1, 3]},
			"faces": {
				"north": {"uv": [0, 4.5, 1.25, 6.25], "texture": "#0"},
				"east": {"uv": [5.75, 7, 5.875, 8.75], "texture": "#0"},
				"south": {"uv": [1.25, 4.5, 2.5, 6.25], "texture": "#0"},
				"west": {"uv": [5.875, 7, 6, 8.75], "texture": "#0"},
				"up": {"uv": [7.75, 3.625, 6.5, 3.5], "texture": "#0"},
				"down": {"uv": [7.75, 3.625, 6.5, 3.75], "texture": "#0"}
			}
		},
		{
			"from": [3, 9, 1],
			"to": [13, 27, 2],
			"rotation": {"angle": 0, "axis": "y", "origin": [7, 13, 2]},
			"faces": {
				"north": {"uv": [0, 0, 1.25, 2.25], "texture": "#0"},
				"east": {"uv": [4.75, 6.25, 4.875, 8.5], "texture": "#0"},
				"south": {"uv": [1.25, 0, 2.5, 2.25], "texture": "#0"},
				"west": {"uv": [4.875, 6.25, 5, 8.5], "texture": "#0"},
				"up": {"uv": [7.75, 3.875, 6.5, 3.75], "texture": "#0"},
				"down": {"uv": [7.75, 3.875, 6.5, 4], "texture": "#0"}
			}
		},
		{
			"from": [3, 9, 14],
			"to": [13, 27, 15],
			"rotation": {"angle": 0, "axis": "y", "origin": [7, 13, 15]},
			"faces": {
				"north": {"uv": [0, 2.25, 1.25, 4.5], "texture": "#0"},
				"east": {"uv": [2.75, 6.5, 2.875, 8.75], "texture": "#0"},
				"south": {"uv": [1.25, 2.25, 2.5, 4.5], "texture": "#0"},
				"west": {"uv": [2.875, 6.5, 3, 8.75], "texture": "#0"},
				"up": {"uv": [1.25, 7.625, 0, 7.5], "texture": "#0"},
				"down": {"uv": [2.5, 7.5, 1.25, 7.625], "texture": "#0"}
			}
		},
		{
			"from": [1, 9, 3],
			"to": [2, 27, 13],
			"rotation": {"angle": 0, "axis": "y", "origin": [1, 13, 7]},
			"faces": {
				"north": {"uv": [3, 6.5, 3.125, 8.75], "texture": "#0"},
				"east": {"uv": [2.5, 0, 3.75, 2.25], "texture": "#0"},
				"south": {"uv": [3.125, 6.5, 3.25, 8.75], "texture": "#0"},
				"west": {"uv": [2.5, 2.25, 3.75, 4.5], "texture": "#0"},
				"up": {"uv": [7.625, 2.5, 7.5, 1.25], "texture": "#0"},
				"down": {"uv": [2.625, 7.5, 2.5, 8.75], "texture": "#0"}
			}
		},
		{
			"from": [14, 9, 3],
			"to": [15, 27, 13],
			"rotation": {"angle": 0, "axis": "y", "origin": [14, 13, 7]},
			"faces": {
				"north": {"uv": [3.25, 6.5, 3.375, 8.75], "texture": "#0"},
				"east": {"uv": [3.75, 0, 5, 2.25], "texture": "#0"},
				"south": {"uv": [3.375, 6.5, 3.5, 8.75], "texture": "#0"},
				"west": {"uv": [3.75, 2.25, 5, 4.5], "texture": "#0"},
				"up": {"uv": [2.75, 8.75, 2.625, 7.5], "texture": "#0"},
				"down": {"uv": [4.125, 7.5, 4, 8.75], "texture": "#0"}
			}
		},
		{
			"from": [3, -5, 13],
			"to": [13, 9, 14],
			"rotation": {"angle": 0, "axis": "y", "origin": [7, -1, 14]},
			"faces": {
				"north": {"uv": [2.5, 4.5, 3.75, 6.25], "texture": "#0"},
				"east": {"uv": [6, 7, 6.125, 8.75], "texture": "#0"},
				"south": {"uv": [3.75, 4.5, 5, 6.25], "texture": "#0"},
				"west": {"uv": [6.125, 7, 6.25, 8.75], "texture": "#0"},
				"up": {"uv": [8.75, 2.625, 7.5, 2.5], "texture": "#0"},
				"down": {"uv": [8.75, 2.625, 7.5, 2.75], "texture": "#0"}
			}
		},
		{
			"from": [2, -5, 3],
			"to": [3, 9, 13],
			"rotation": {"angle": 0, "axis": "y", "origin": [2, -1, 7]},
			"faces": {
				"north": {"uv": [7, 6.5, 7.125, 8.25], "texture": "#0"},
				"east": {"uv": [5, 0, 6.25, 1.75], "texture": "#0"},
				"south": {"uv": [7.125, 6.5, 7.25, 8.25], "texture": "#0"},
				"west": {"uv": [5, 1.75, 6.25, 3.5], "texture": "#0"},
				"up": {"uv": [7.625, 5.25, 7.5, 4], "texture": "#0"},
				"down": {"uv": [4.25, 7.5, 4.125, 8.75], "texture": "#0"}
			}
		},
		{
			"from": [13, -5, 3],
			"to": [14, 9, 13],
			"rotation": {"angle": 0, "axis": "y", "origin": [13, -1, 7]},
			"faces": {
				"north": {"uv": [7.25, 6.5, 7.375, 8.25], "texture": "#0"},
				"east": {"uv": [5, 3.5, 6.25, 5.25], "texture": "#0"},
				"south": {"uv": [7.375, 6.5, 7.5, 8.25], "texture": "#0"},
				"west": {"uv": [5, 5.25, 6.25, 7], "texture": "#0"},
				"up": {"uv": [4.375, 8.75, 4.25, 7.5], "texture": "#0"},
				"down": {"uv": [4.5, 7.5, 4.375, 8.75], "texture": "#0"}
			}
		},
		{
			"from": [13, 9, 2],
			"to": [14, 27, 3],
			"rotation": {"angle": 0, "axis": "y", "origin": [13, 9, 2]},
			"faces": {
				"north": {"uv": [3.5, 6.5, 3.625, 8.75], "texture": "#0"},
				"east": {"uv": [3.625, 6.5, 3.75, 8.75], "texture": "#0"},
				"south": {"uv": [3.75, 6.5, 3.875, 8.75], "texture": "#0"},
				"west": {"uv": [3.875, 6.5, 4, 8.75], "texture": "#0"},
				"up": {"uv": [7.75, 2.5, 7.625, 2.375], "texture": "#0"},
				"down": {"uv": [7.875, 2.375, 7.75, 2.5], "texture": "#0"}
			}
		},
		{
			"from": [13, 9, 13],
			"to": [14, 27, 14],
			"rotation": {"angle": 0, "axis": "y", "origin": [13, 9, 13]},
			"faces": {
				"north": {"uv": [6.25, 6.5, 6.375, 8.75], "texture": "#0"},
				"east": {"uv": [6.375, 6.5, 6.5, 8.75], "texture": "#0"},
				"south": {"uv": [6.5, 6.5, 6.625, 8.75], "texture": "#0"},
				"west": {"uv": [6.625, 6.5, 6.75, 8.75], "texture": "#0"},
				"up": {"uv": [8, 1.125, 7.875, 1], "texture": "#0"},
				"down": {"uv": [8, 1.125, 7.875, 1.25], "texture": "#0"}
			}
		},
		{
			"from": [2, 9, 2],
			"to": [3, 27, 3],
			"rotation": {"angle": 0, "axis": "y", "origin": [2, 9, 2]},
			"faces": {
				"north": {"uv": [6.75, 6.5, 6.875, 8.75], "texture": "#0"},
				"east": {"uv": [6.875, 6.5, 7, 8.75], "texture": "#0"},
				"south": {"uv": [5, 7, 5.125, 9.25], "texture": "#0"},
				"west": {"uv": [5.125, 7, 5.25, 9.25], "texture": "#0"},
				"up": {"uv": [8, 1.5, 7.875, 1.375], "texture": "#0"},
				"down": {"uv": [8, 1.5, 7.875, 1.625], "texture": "#0"}
			}
		},
		{
			"from": [0, 26, 3],
			"to": [1, 27, 13],
			"rotation": {"angle": 0, "axis": "y", "origin": [0, 27, 2]},
			"faces": {
				"north": {"uv": [7.875, 1.625, 8, 1.75], "texture": "#0"},
				"east": {"uv": [7.5, 5.25, 8.75, 5.375], "texture": "#0"},
				"south": {"uv": [7.875, 1.75, 8, 1.875], "texture": "#0"},
				"west": {"uv": [7.5, 5.375, 8.75, 5.5], "texture": "#0"},
				"up": {"uv": [4.625, 8.75, 4.5, 7.5], "texture": "#0"},
				"down": {"uv": [4.75, 7.5, 4.625, 8.75], "texture": "#0"}
			}
		},
		{
			"from": [2, 27, 3],
			"to": [14, 28, 13],
			"rotation": {"angle": 0, "axis": "y", "origin": [2, 28, 2]},
			"faces": {
				"north": {"uv": [6.5, 2.75, 8, 2.875], "texture": "#0"},
				"east": {"uv": [7.5, 5.5, 8.75, 5.625], "texture": "#0"},
				"south": {"uv": [6.5, 2.875, 8, 3], "texture": "#0"},
				"west": {"uv": [7.5, 5.625, 8.75, 5.75], "texture": "#0"},
				"up": {"uv": [1.5, 7.5, 0, 6.25], "texture": "#0"},
				"down": {"uv": [7.75, 0, 6.25, 1.25], "texture": "#0"}
			}
		},
		{
			"from": [1, 27, 3],
			"to": [3, 29, 13],
			"rotation": {"angle": 0, "axis": "y", "origin": [1, 28, 2]},
			"faces": {
				"north": {"uv": [7.625, 1.375, 7.875, 1.625], "texture": "#0"},
				"east": {"uv": [6.25, 2.5, 7.5, 2.75], "texture": "#0"},
				"south": {"uv": [7.625, 1.625, 7.875, 1.875], "texture": "#0"},
				"west": {"uv": [2.75, 6.25, 4, 6.5], "texture": "#0"},
				"up": {"uv": [6.5, 4, 6.25, 2.75], "texture": "#0"},
				"down": {"uv": [4.25, 6.25, 4, 7.5], "texture": "#0"}
			}
		},
		{
			"from": [13, 27, 3],
			"to": [15, 29, 13],
			"rotation": {"angle": 0, "axis": "y", "origin": [14, 28, 2]},
			"faces": {
				"north": {"uv": [7.625, 1.875, 7.875, 2.125], "texture": "#0"},
				"east": {"uv": [6.25, 4, 7.5, 4.25], "texture": "#0"},
				"south": {"uv": [7.625, 2.125, 7.875, 2.375], "texture": "#0"},
				"west": {"uv": [6.25, 4.25, 7.5, 4.5], "texture": "#0"},
				"up": {"uv": [4.5, 7.5, 4.25, 6.25], "texture": "#0"},
				"down": {"uv": [4.75, 6.25, 4.5, 7.5], "texture": "#0"}
			}
		},
		{
			"from": [3, 27, 1],
			"to": [13, 29, 3],
			"rotation": {"angle": 0, "axis": "y", "origin": [2, 28, 2]},
			"faces": {
				"north": {"uv": [6.25, 4.5, 7.5, 4.75], "texture": "#0"},
				"east": {"uv": [7.625, 7.625, 7.875, 7.875], "texture": "#0"},
				"south": {"uv": [6.25, 4.75, 7.5, 5], "texture": "#0"},
				"west": {"uv": [0, 7.75, 0.25, 8], "texture": "#0"},
				"up": {"uv": [7.5, 5.25, 6.25, 5], "texture": "#0"},
				"down": {"uv": [7.5, 5.25, 6.25, 5.5], "texture": "#0"}
			}
		},
		{
			"from": [3, 27, 13],
			"to": [13, 29, 15],
			"rotation": {"angle": 0, "axis": "y", "origin": [2, 28, 15]},
			"faces": {
				"north": {"uv": [6.25, 5.5, 7.5, 5.75], "texture": "#0"},
				"east": {"uv": [7.75, 0, 8, 0.25], "texture": "#0"},
				"south": {"uv": [6.25, 5.75, 7.5, 6], "texture": "#0"},
				"west": {"uv": [0.25, 7.75, 0.5, 8], "texture": "#0"},
				"up": {"uv": [7.5, 6.25, 6.25, 6], "texture": "#0"},
				"down": {"uv": [7.5, 6.25, 6.25, 6.5], "texture": "#0"}
			}
		},
		{
			"from": [3, 26, 15],
			"to": [13, 27, 16],
			"rotation": {"angle": 0, "axis": "y", "origin": [2, 27, 16]},
			"faces": {
				"north": {"uv": [7.5, 5.75, 8.75, 5.875], "texture": "#0"},
				"east": {"uv": [7.875, 1.875, 8, 2], "texture": "#0"},
				"south": {"uv": [7.5, 5.875, 8.75, 6], "texture": "#0"},
				"west": {"uv": [7.875, 2, 8, 2.125], "texture": "#0"},
				"up": {"uv": [8.75, 6.125, 7.5, 6], "texture": "#0"},
				"down": {"uv": [8.75, 6.125, 7.5, 6.25], "texture": "#0"}
			}
		},
		{
			"from": [3, 26, 13],
			"to": [13, 27, 14],
			"rotation": {"angle": 0, "axis": "y", "origin": [2, 27, 14]},
			"faces": {
				"north": {"uv": [7.5, 6.25, 8.75, 6.375], "texture": "#0"},
				"east": {"uv": [7.875, 2.125, 8, 2.25], "texture": "#0"},
				"south": {"uv": [7.5, 6.375, 8.75, 6.5], "texture": "#0"},
				"west": {"uv": [7.875, 2.25, 8, 2.375], "texture": "#0"},
				"up": {"uv": [8.75, 6.625, 7.5, 6.5], "texture": "#0"},
				"down": {"uv": [8.75, 6.625, 7.5, 6.75], "texture": "#0"}
			}
		},
		{
			"from": [3, 26, 0],
			"to": [13, 27, 1],
			"rotation": {"angle": 0, "axis": "y", "origin": [2, 27, 1]},
			"faces": {
				"north": {"uv": [7.5, 6.75, 8.75, 6.875], "texture": "#0"},
				"east": {"uv": [7.875, 2.375, 8, 2.5], "texture": "#0"},
				"south": {"uv": [7.5, 6.875, 8.75, 7], "texture": "#0"},
				"west": {"uv": [7.875, 3, 8, 3.125], "texture": "#0"},
				"up": {"uv": [8.75, 7.125, 7.5, 7], "texture": "#0"},
				"down": {"uv": [8.75, 7.125, 7.5, 7.25], "texture": "#0"}
			}
		},
		{
			"from": [3, 26, 2],
			"to": [13, 27, 3],
			"rotation": {"angle": 0, "axis": "y", "origin": [2, 27, 3]},
			"faces": {
				"north": {"uv": [7.5, 7.25, 8.75, 7.375], "texture": "#0"},
				"east": {"uv": [7.875, 3.125, 8, 3.25], "texture": "#0"},
				"south": {"uv": [7.5, 7.375, 8.75, 7.5], "texture": "#0"},
				"west": {"uv": [7.875, 3.25, 8, 3.375], "texture": "#0"},
				"up": {"uv": [8.75, 7.625, 7.5, 7.5], "texture": "#0"},
				"down": {"uv": [1.25, 7.625, 0, 7.75], "texture": "#0"}
			}
		},
		{
			"from": [13, 26, 1],
			"to": [14, 27, 2],
			"rotation": {"angle": 0, "axis": "y", "origin": [3, 27, 2]},
			"faces": {
				"north": {"uv": [7.875, 3.375, 8, 3.5], "texture": "#0"},
				"east": {"uv": [7.875, 3.5, 8, 3.625], "texture": "#0"},
				"south": {"uv": [7.875, 3.625, 8, 3.75], "texture": "#0"},
				"west": {"uv": [7.875, 3.75, 8, 3.875], "texture": "#0"},
				"up": {"uv": [8, 4, 7.875, 3.875], "texture": "#0"},
				"down": {"uv": [8, 4, 7.875, 4.125], "texture": "#0"}
			}
		},
		{
			"from": [14, 26, 2],
			"to": [15, 27, 3],
			"rotation": {"angle": 0, "axis": "y", "origin": [4, 27, 3]},
			"faces": {
				"north": {"uv": [7.875, 4.125, 8, 4.25], "texture": "#0"},
				"east": {"uv": [7.875, 4.25, 8, 4.375], "texture": "#0"},
				"south": {"uv": [7.875, 4.375, 8, 4.5], "texture": "#0"},
				"west": {"uv": [7.875, 4.5, 8, 4.625], "texture": "#0"},
				"up": {"uv": [8, 4.75, 7.875, 4.625], "texture": "#0"},
				"down": {"uv": [8, 4.75, 7.875, 4.875], "texture": "#0"}
			}
		},
		{
			"from": [14, 26, 13],
			"to": [15, 27, 14],
			"rotation": {"angle": 0, "axis": "y", "origin": [4, 27, 14]},
			"faces": {
				"north": {"uv": [7.875, 4.875, 8, 5], "texture": "#0"},
				"east": {"uv": [7.875, 5, 8, 5.125], "texture": "#0"},
				"south": {"uv": [7.875, 5.125, 8, 5.25], "texture": "#0"},
				"west": {"uv": [7.625, 7.875, 7.75, 8], "texture": "#0"},
				"up": {"uv": [8, 7.75, 7.875, 7.625], "texture": "#0"},
				"down": {"uv": [7.875, 7.875, 7.75, 8], "texture": "#0"}
			}
		},
		{
			"from": [12, 27, 12],
			"to": [13, 29, 13],
			"rotation": {"angle": 0, "axis": "y", "origin": [2, 29, 13]},
			"faces": {
				"north": {"uv": [7.75, 0.25, 7.875, 0.5], "texture": "#0"},
				"east": {"uv": [0.5, 7.75, 0.625, 8], "texture": "#0"},
				"south": {"uv": [7.75, 0.5, 7.875, 0.75], "texture": "#0"},
				"west": {"uv": [0.625, 7.75, 0.75, 8], "texture": "#0"},
				"up": {"uv": [8, 7.875, 7.875, 7.75], "texture": "#0"},
				"down": {"uv": [8, 7.875, 7.875, 8], "texture": "#0"}
			}
		},
		{
			"from": [12, 27, 3],
			"to": [13, 29, 4],
			"rotation": {"angle": 0, "axis": "y", "origin": [2, 29, 4]},
			"faces": {
				"north": {"uv": [0.75, 7.75, 0.875, 8], "texture": "#0"},
				"east": {"uv": [7.75, 0.75, 7.875, 1], "texture": "#0"},
				"south": {"uv": [0.875, 7.75, 1, 8], "texture": "#0"},
				"west": {"uv": [1, 7.75, 1.125, 8], "texture": "#0"},
				"up": {"uv": [0.125, 8.125, 0, 8], "texture": "#0"},
				"down": {"uv": [8.125, 0, 8, 0.125], "texture": "#0"}
			}
		},
		{
			"from": [3, 27, 3],
			"to": [4, 29, 4],
			"rotation": {"angle": 0, "axis": "y", "origin": [-7, 29, 4]},
			"faces": {
				"north": {"uv": [7.75, 1, 7.875, 1.25], "texture": "#0"},
				"east": {"uv": [1.125, 7.75, 1.25, 8], "texture": "#0"},
				"south": {"uv": [1.25, 7.75, 1.375, 8], "texture": "#0"},
				"west": {"uv": [1.375, 7.75, 1.5, 8], "texture": "#0"},
				"up": {"uv": [0.25, 8.125, 0.125, 8], "texture": "#0"},
				"down": {"uv": [8.125, 0.125, 8, 0.25], "texture": "#0"}
			}
		},
		{
			"from": [3, 27, 12],
			"to": [4, 29, 13],
			"rotation": {"angle": 0, "axis": "y", "origin": [-7, 29, 13]},
			"faces": {
				"north": {"uv": [1.5, 7.75, 1.625, 8], "texture": "#0"},
				"east": {"uv": [1.625, 7.75, 1.75, 8], "texture": "#0"},
				"south": {"uv": [1.75, 7.75, 1.875, 8], "texture": "#0"},
				"west": {"uv": [1.875, 7.75, 2, 8], "texture": "#0"},
				"up": {"uv": [0.375, 8.125, 0.25, 8], "texture": "#0"},
				"down": {"uv": [8.125, 0.25, 8, 0.375], "texture": "#0"}
			}
		},
		{
			"from": [13, 26, 14],
			"to": [14, 27, 15],
			"rotation": {"angle": 0, "axis": "y", "origin": [3, 27, 15]},
			"faces": {
				"north": {"uv": [0.375, 8, 0.5, 8.125], "texture": "#0"},
				"east": {"uv": [8, 0.375, 8.125, 0.5], "texture": "#0"},
				"south": {"uv": [0.5, 8, 0.625, 8.125], "texture": "#0"},
				"west": {"uv": [8, 0.5, 8.125, 0.625], "texture": "#0"},
				"up": {"uv": [0.75, 8.125, 0.625, 8], "texture": "#0"},
				"down": {"uv": [8.125, 0.625, 8, 0.75], "texture": "#0"}
			}
		},
		{
			"from": [2, 26, 14],
			"to": [3, 27, 15],
			"rotation": {"angle": 0, "axis": "y", "origin": [-8, 27, 15]},
			"faces": {
				"north": {"uv": [0.75, 8, 0.875, 8.125], "texture": "#0"},
				"east": {"uv": [8, 0.75, 8.125, 0.875], "texture": "#0"},
				"south": {"uv": [0.875, 8, 1, 8.125], "texture": "#0"},
				"west": {"uv": [8, 0.875, 8.125, 1], "texture": "#0"},
				"up": {"uv": [1.125, 8.125, 1, 8], "texture": "#0"},
				"down": {"uv": [8.125, 1, 8, 1.125], "texture": "#0"}
			}
		},
		{
			"from": [1, 26, 13],
			"to": [2, 27, 14],
			"rotation": {"angle": 0, "axis": "y", "origin": [-9, 27, 14]},
			"faces": {
				"north": {"uv": [1.125, 8, 1.25, 8.125], "texture": "#0"},
				"east": {"uv": [8, 1.125, 8.125, 1.25], "texture": "#0"},
				"south": {"uv": [1.25, 8, 1.375, 8.125], "texture": "#0"},
				"west": {"uv": [1.375, 8, 1.5, 8.125], "texture": "#0"},
				"up": {"uv": [8.125, 1.5, 8, 1.375], "texture": "#0"},
				"down": {"uv": [1.625, 8, 1.5, 8.125], "texture": "#0"}
			}
		},
		{
			"from": [1, 26, 2],
			"to": [2, 27, 3],
			"rotation": {"angle": 0, "axis": "y", "origin": [-9, 27, 3]},
			"faces": {
				"north": {"uv": [8, 1.5, 8.125, 1.625], "texture": "#0"},
				"east": {"uv": [1.625, 8, 1.75, 8.125], "texture": "#0"},
				"south": {"uv": [8, 1.625, 8.125, 1.75], "texture": "#0"},
				"west": {"uv": [1.75, 8, 1.875, 8.125], "texture": "#0"},
				"up": {"uv": [8.125, 1.875, 8, 1.75], "texture": "#0"},
				"down": {"uv": [2, 8, 1.875, 8.125], "texture": "#0"}
			}
		},
		{
			"from": [2, 27, 2],
			"to": [3, 29, 3],
			"rotation": {"angle": 0, "axis": "y", "origin": [-8, 28, 3]},
			"faces": {
				"north": {"uv": [2, 7.75, 2.125, 8], "texture": "#0"},
				"east": {"uv": [2.125, 7.75, 2.25, 8], "texture": "#0"},
				"south": {"uv": [2.25, 7.75, 2.375, 8], "texture": "#0"},
				"west": {"uv": [2.375, 7.75, 2.5, 8], "texture": "#0"},
				"up": {"uv": [8.125, 2, 8, 1.875], "texture": "#0"},
				"down": {"uv": [2.125, 8, 2, 8.125], "texture": "#0"}
			}
		},
		{
			"from": [2, 27, 13],
			"to": [3, 29, 14],
			"rotation": {"angle": 0, "axis": "y", "origin": [-8, 28, 14]},
			"faces": {
				"north": {"uv": [7.75, 3, 7.875, 3.25], "texture": "#0"},
				"east": {"uv": [7.75, 3.25, 7.875, 3.5], "texture": "#0"},
				"south": {"uv": [7.75, 3.5, 7.875, 3.75], "texture": "#0"},
				"west": {"uv": [7.75, 3.75, 7.875, 4], "texture": "#0"},
				"up": {"uv": [8.125, 2.125, 8, 2], "texture": "#0"},
				"down": {"uv": [2.25, 8, 2.125, 8.125], "texture": "#0"}
			}
		},
		{
			"from": [13, 27, 13],
			"to": [14, 29, 14],
			"rotation": {"angle": 0, "axis": "y", "origin": [3, 28, 14]},
			"faces": {
				"north": {"uv": [7.75, 4, 7.875, 4.25], "texture": "#0"},
				"east": {"uv": [7.75, 4.25, 7.875, 4.5], "texture": "#0"},
				"south": {"uv": [7.75, 4.5, 7.875, 4.75], "texture": "#0"},
				"west": {"uv": [7.75, 4.75, 7.875, 5], "texture": "#0"},
				"up": {"uv": [8.125, 2.25, 8, 2.125], "texture": "#0"},
				"down": {"uv": [2.375, 8, 2.25, 8.125], "texture": "#0"}
			}
		},
		{
			"from": [13, 27, 2],
			"to": [14, 29, 3],
			"rotation": {"angle": 0, "axis": "y", "origin": [3, 28, 3]},
			"faces": {
				"north": {"uv": [7.75, 5, 7.875, 5.25], "texture": "#0"},
				"east": {"uv": [7.875, 0.25, 8, 0.5], "texture": "#0"},
				"south": {"uv": [7.875, 0.5, 8, 0.75], "texture": "#0"},
				"west": {"uv": [7.875, 0.75, 8, 1], "texture": "#0"},
				"up": {"uv": [8.125, 2.375, 8, 2.25], "texture": "#0"},
				"down": {"uv": [2.5, 8, 2.375, 8.125], "texture": "#0"}
			}
		},
		{
			"from": [2, 26, 1],
			"to": [3, 27, 2],
			"rotation": {"angle": 0, "axis": "y", "origin": [-8, 27, 2]},
			"faces": {
				"north": {"uv": [8, 2.375, 8.125, 2.5], "texture": "#0"},
				"east": {"uv": [8, 2.75, 8.125, 2.875], "texture": "#0"},
				"south": {"uv": [8, 2.875, 8.125, 3], "texture": "#0"},
				"west": {"uv": [8, 3, 8.125, 3.125], "texture": "#0"},
				"up": {"uv": [8.125, 3.25, 8, 3.125], "texture": "#0"},
				"down": {"uv": [8.125, 3.25, 8, 3.375], "texture": "#0"}
			}
		},
		{
			"from": [15, 26, 3],
			"to": [16, 27, 13],
			"rotation": {"angle": 0, "axis": "y", "origin": [15, 27, 2]},
			"faces": {
				"north": {"uv": [8, 3.375, 8.125, 3.5], "texture": "#0"},
				"east": {"uv": [1.25, 7.625, 2.5, 7.75], "texture": "#0"},
				"south": {"uv": [8, 3.5, 8.125, 3.625], "texture": "#0"},
				"west": {"uv": [7.625, 1.25, 8.875, 1.375], "texture": "#0"},
				"up": {"uv": [7.75, 5.25, 7.625, 4], "texture": "#0"},
				"down": {"uv": [7.625, 7.625, 7.5, 8.875], "texture": "#0"}
			}
		},
		{
			"from": [2, 9, 13],
			"to": [3, 27, 14],
			"rotation": {"angle": 0, "axis": "y", "origin": [2, 9, 13]},
			"faces": {
				"north": {"uv": [5.25, 7, 5.375, 9.25], "texture": "#0"},
				"east": {"uv": [5.375, 7, 5.5, 9.25], "texture": "#0"},
				"south": {"uv": [5.5, 7, 5.625, 9.25], "texture": "#0"},
				"west": {"uv": [5.625, 7, 5.75, 9.25], "texture": "#0"},
				"up": {"uv": [8.125, 3.75, 8, 3.625], "texture": "#0"},
				"down": {"uv": [8.125, 3.75, 8, 3.875], "texture": "#0"}
			}
		}
	],
	"display": {
		"thirdperson_righthand": {
			"rotation": [23, -47, -1],
			"scale": [0.21, 0.21, 0.21]
		},
		"thirdperson_lefthand": {
			"rotation": [17, -31, 0],
			"translation": [-0.25, 0, 0],
			"scale": [0.21, 0.21, 0.21]
		},
		"firstperson_righthand": {
			"rotation": [3, -67, 0],
			"scale": [0.31, 0.31, 0.31]
		},
		"firstperson_lefthand": {
			"rotation": [1, -64, -1],
			"scale": [0.31, 0.31, 0.31]
		},
		"ground": {
			"scale": [0.21, 0.21, 0.21]
		},
		"gui": {
			"translation": [0, -1.25, 0],
			"scale": [0.36, 0.37, 0.37]
		},
		"head": {
			"rotation": [0, -180, 0],
			"translation": [0, 10.75, 0],
			"scale": [0.31, 0.31, 0.31]
		},
		"fixed": {
			"rotation": [-90, -180, 0],
			"translation": [0, 0, -4.5],
			"scale": [0.41, 0.41, 0.41]
		}
	},
	"groups": [
		{
			"name": "latte2",
			"origin": [8, 8, 8],
			"color": 0,
			"children": [0, 1, 2, 3, 4, 5, 6, 7, 8, 9, 10, 11, 12, 13, 14, 15, 16, 17, 18, 19, 20, 21, 22, 23, 24, 25, 26, 27, 28, 29, 30, 31, 32, 33, 34, 35, 36, 37, 38, 39]
		}
	]
}