{
	"credit": "Made with Blockbench",
	"texture_size": [64, 64],
	"textures": {
		"0": "item/ithilianpineblend",
		"particle": "item/ithilianpineblend"
	},
	"elements": [
		{
			"from": [4.75, 4, 11.25],
			"to": [11.25, 10, 12.25],
			"rotation": {"angle": 0, "axis": "y", "origin": [7, 4, 8.25]},
			"faces": {
				"north": {"uv": [1.75, 3.5, 3.5, 5], "texture": "#0"},
				"east": {"uv": [7, 6, 7.25, 7.5], "texture": "#0"},
				"south": {"uv": [3.5, 1.75, 5.25, 3.25], "texture": "#0"},
				"west": {"uv": [7.25, 0, 7.5, 1.5], "texture": "#0"},
				"up": {"uv": [8.5, 5.5, 6.75, 5.25], "texture": "#0"},
				"down": {"uv": [8.5, 5.5, 6.75, 5.75], "texture": "#0"}
			}
		},
		{
			"from": [4, 1, 4.75],
			"to": [5, 4, 11.25],
			"rotation": {"angle": 0, "axis": "y", "origin": [1, 1, 7]},
			"faces": {
				"north": {"uv": [3.25, 7.25, 3.5, 8], "texture": "#0"},
				"east": {"uv": [5.25, 6, 7, 6.75], "texture": "#0"},
				"south": {"uv": [7.25, 6.75, 7.5, 7.5], "texture": "#0"},
				"west": {"uv": [3.5, 6.25, 5.25, 7], "texture": "#0"},
				"up": {"uv": [7.25, 1.75, 7, 0], "texture": "#0"},
				"down": {"uv": [3.75, 7, 3.5, 8.75], "texture": "#0"}
			}
		},
		{
			"from": [11, 1, 4.75],
			"to": [12, 4, 11.25],
			"rotation": {"angle": 0, "axis": "y", "origin": [8, 1, 7]},
			"faces": {
				"north": {"uv": [0, 7.5, 0.25, 8.25], "texture": "#0"},
				"east": {"uv": [1.75, 6.5, 3.5, 7.25], "texture": "#0"},
				"south": {"uv": [7.5, 0, 7.75, 0.75], "texture": "#0"},
				"west": {"uv": [0, 6.75, 1.75, 7.5], "texture": "#0"},
				"up": {"uv": [4, 8.75, 3.75, 7], "texture": "#0"},
				"down": {"uv": [4.25, 7, 4, 8.75], "texture": "#0"}
			}
		},
		{
			"from": [4.75, 1, 4],
			"to": [11.25, 4, 5],
			"rotation": {"angle": 0, "axis": "y", "origin": [7, 1, 1]},
			"faces": {
				"north": {"uv": [6.75, 3, 8.5, 3.75], "texture": "#0"},
				"east": {"uv": [0.25, 7.5, 0.5, 8.25], "texture": "#0"},
				"south": {"uv": [6.75, 3.75, 8.5, 4.5], "texture": "#0"},
				"west": {"uv": [0.5, 7.5, 0.75, 8.25], "texture": "#0"},
				"up": {"uv": [8.5, 6, 6.75, 5.75], "texture": "#0"},
				"down": {"uv": [8.75, 1.75, 7, 2], "texture": "#0"}
			}
		},
		{
			"from": [4.75, 1, 11],
			"to": [11.25, 4, 12],
			"rotation": {"angle": 0, "axis": "y", "origin": [7, 1, 8]},
			"faces": {
				"north": {"uv": [6.75, 4.5, 8.5, 5.25], "texture": "#0"},
				"east": {"uv": [0.75, 7.5, 1, 8.25], "texture": "#0"},
				"south": {"uv": [5.25, 6.75, 7, 7.5], "texture": "#0"},
				"west": {"uv": [7.5, 0.75, 7.75, 1.5], "texture": "#0"},
				"up": {"uv": [8.75, 2.25, 7, 2], "texture": "#0"},
				"down": {"uv": [8.75, 2.25, 7, 2.5], "texture": "#0"}
			}
		},
		{
			"from": [3.75, 4, 4.75],
			"to": [4.75, 10, 11.25],
			"rotation": {"angle": 0, "axis": "y", "origin": [0.75, 4, 7]},
			"faces": {
				"north": {"uv": [1.75, 7.25, 2, 8.75], "texture": "#0"},
				"east": {"uv": [3.5, 3.25, 5.25, 4.75], "texture": "#0"},
				"south": {"uv": [2, 7.25, 2.25, 8.75], "texture": "#0"},
				"west": {"uv": [3.5, 4.75, 5.25, 6.25], "texture": "#0"},
				"up": {"uv": [4.5, 8.75, 4.25, 7], "texture": "#0"},
				"down": {"uv": [4.75, 7, 4.5, 8.75], "texture": "#0"}
			}
		},
		{
			"from": [11.25, 4, 4.75],
			"to": [12.25, 10, 11.25],
			"rotation": {"angle": 0, "axis": "y", "origin": [8.25, 4, 7]},
			"faces": {
				"north": {"uv": [2.25, 7.25, 2.5, 8.75], "texture": "#0"},
				"east": {"uv": [1.75, 5, 3.5, 6.5], "texture": "#0"},
				"south": {"uv": [2.5, 7.25, 2.75, 8.75], "texture": "#0"},
				"west": {"uv": [0, 5.25, 1.75, 6.75], "texture": "#0"},
				"up": {"uv": [5, 8.75, 4.75, 7], "texture": "#0"},
				"down": {"uv": [5.25, 7, 5, 8.75], "texture": "#0"}
			}
		},
		{
			"from": [4.75, 4, 3.75],
			"to": [11.25, 10, 4.75],
			"rotation": {"angle": 0, "axis": "y", "origin": [7, 4, 0.75]},
			"faces": {
				"north": {"uv": [5.25, 0, 7, 1.5], "texture": "#0"},
				"east": {"uv": [2.75, 7.25, 3, 8.75], "texture": "#0"},
				"south": {"uv": [5.25, 1.5, 7, 3], "texture": "#0"},
				"west": {"uv": [3, 7.25, 3.25, 8.75], "texture": "#0"},
				"up": {"uv": [8.75, 2.75, 7, 2.5], "texture": "#0"},
				"down": {"uv": [8.75, 2.75, 7, 3], "texture": "#0"}
			}
		},
		{
			"from": [5, 0, 5],
			"to": [11, 1, 11],
			"rotation": {"angle": 0, "axis": "y", "origin": [7, 0, 7]},
			"faces": {
				"north": {"uv": [7.25, 1.5, 8.75, 1.75], "texture": "#0"},
				"east": {"uv": [7.25, 6, 8.75, 6.25], "texture": "#0"},
				"south": {"uv": [7.25, 6.25, 8.75, 6.5], "texture": "#0"},
				"west": {"uv": [7.25, 6.5, 8.75, 6.75], "texture": "#0"},
				"up": {"uv": [6.75, 4.5, 5.25, 3], "texture": "#0"},
				"down": {"uv": [6.75, 4.5, 5.25, 6], "texture": "#0"}
			}
		},
		{
			"from": [4.75, 2, 4.75],
			"to": [11.25, 9, 11.25],
			"rotation": {"angle": 0, "axis": "y", "origin": [4.75, 7, 4.75]},
			"faces": {
				"north": {"uv": [0, 0, 1.75, 1.75], "texture": "#0"},
				"east": {"uv": [0, 1.75, 1.75, 3.5], "texture": "#0"},
				"south": {"uv": [1.75, 0, 3.5, 1.75], "texture": "#0"},
				"west": {"uv": [1.75, 1.75, 3.5, 3.5], "texture": "#0"},
				"up": {"uv": [1.75, 5.25, 0, 3.5], "texture": "#0"},
				"down": {"uv": [5.25, 0, 3.5, 1.75], "texture": "#0"}
			}
		},
		{
			"from": [1, 4, 7.5],
			"to": [4, 5, 8.5],
			"rotation": {"angle": 0, "axis": "y", "origin": [2, 4, 7.5]},
			"faces": {
				"north": {"uv": [1, 7.5, 1.75, 7.75], "texture": "#0"},
				"east": {"uv": [6.75, 8, 7, 8.25], "texture": "#0"},
				"south": {"uv": [5.25, 7.5, 6, 7.75], "texture": "#0"},
				"west": {"uv": [7, 8, 7.25, 8.25], "texture": "#0"},
				"up": {"uv": [6.75, 7.75, 6, 7.5], "texture": "#0"},
				"down": {"uv": [7.5, 7.5, 6.75, 7.75], "texture": "#0"}
			}
		},
		{
			"from": [0, 5, 7.5],
			"to": [2, 6, 8.5],
			"rotation": {"angle": 0, "axis": "y", "origin": [1, 5, 7.5]},
			"faces": {
				"north": {"uv": [1, 7.75, 1.5, 8], "texture": "#0"},
				"east": {"uv": [7.25, 8, 7.5, 8.25], "texture": "#0"},
				"south": {"uv": [7.75, 1, 8.25, 1.25], "texture": "#0"},
				"west": {"uv": [7.5, 8, 7.75, 8.25], "texture": "#0"},
				"up": {"uv": [8.25, 1.5, 7.75, 1.25], "texture": "#0"},
				"down": {"uv": [5.75, 7.75, 5.25, 8], "texture": "#0"}
			}
		},
		{
			"from": [-2, 7, 7.5],
			"to": [0, 8, 8.5],
			"rotation": {"angle": 0, "axis": "y", "origin": [-1, 7, 7.5]},
			"faces": {
				"north": {"uv": [5.75, 7.75, 6.25, 8], "texture": "#0"},
				"east": {"uv": [7.75, 8, 8, 8.25], "texture": "#0"},
				"south": {"uv": [6.25, 7.75, 6.75, 8], "texture": "#0"},
				"west": {"uv": [8, 8, 8.25, 8.25], "texture": "#0"},
				"up": {"uv": [7.25, 8, 6.75, 7.75], "texture": "#0"},
				"down": {"uv": [7.75, 7.75, 7.25, 8], "texture": "#0"}
			}
		},
		{
			"from": [-2, 9.5, 7.5],
			"to": [1, 10.5, 8.5],
			"rotation": {"angle": 0, "axis": "y", "origin": [-1, 9.5, 7.5]},
			"faces": {
				"north": {"uv": [7.5, 6.75, 8.25, 7], "texture": "#0"},
				"east": {"uv": [0, 8.25, 0.25, 8.5], "texture": "#0"},
				"south": {"uv": [7.5, 7, 8.25, 7.25], "texture": "#0"},
				"west": {"uv": [0.25, 8.25, 0.5, 8.5], "texture": "#0"},
				"up": {"uv": [8.25, 7.5, 7.5, 7.25], "texture": "#0"},
				"down": {"uv": [8.25, 7.5, 7.5, 7.75], "texture": "#0"}
			}
		},
		{
			"from": [0, 8.5, 7.5],
			"to": [2.5, 9.5, 8.5],
			"rotation": {"angle": 0, "axis": "y", "origin": [1, 8.5, 7.5]},
			"faces": {
				"north": {"uv": [7.75, 0, 8.5, 0.25], "texture": "#0"},
				"east": {"uv": [0.5, 8.25, 0.75, 8.5], "texture": "#0"},
				"south": {"uv": [7.75, 0.25, 8.5, 0.5], "texture": "#0"},
				"west": {"uv": [0.75, 8.25, 1, 8.5], "texture": "#0"},
				"up": {"uv": [8.5, 0.75, 7.75, 0.5], "texture": "#0"},
				"down": {"uv": [8.5, 0.75, 7.75, 1], "texture": "#0"}
			}
		},
		{
			"from": [2, 7.5, 7.5],
			"to": [3.75, 8.5, 8.5],
			"rotation": {"angle": 0, "axis": "y", "origin": [3, 7.5, 7.5]},
			"faces": {
				"north": {"uv": [7.75, 7.75, 8.25, 8], "texture": "#0"},
				"east": {"uv": [1, 8.25, 1.25, 8.5], "texture": "#0"},
				"south": {"uv": [1, 8, 1.5, 8.25], "texture": "#0"},
				"west": {"uv": [8.25, 1, 8.5, 1.25], "texture": "#0"},
				"up": {"uv": [5.75, 8.25, 5.25, 8], "texture": "#0"},
				"down": {"uv": [6.25, 8, 5.75, 8.25], "texture": "#0"}
			}
		},
		{
			"from": [2.75, 6.5, 7.5],
			"to": [3.75, 7.5, 8.5],
			"rotation": {"angle": 0, "axis": "y", "origin": [3, 6.5, 7.5]},
			"faces": {
				"north": {"uv": [1.25, 8.25, 1.5, 8.5], "texture": "#0"},
				"east": {"uv": [8.25, 1.25, 8.5, 1.5], "texture": "#0"},
				"south": {"uv": [1.5, 8.25, 1.75, 8.5], "texture": "#0"},
				"west": {"uv": [5.25, 8.25, 5.5, 8.5], "texture": "#0"},
				"up": {"uv": [5.75, 8.5, 5.5, 8.25], "texture": "#0"},
				"down": {"uv": [6, 8.25, 5.75, 8.5], "texture": "#0"}
			}
		},
		{
			"from": [2.75, 3, 7.5],
			"to": [3.75, 4, 8.5],
			"rotation": {"angle": 0, "axis": "y", "origin": [3, 3, 7.5]},
			"faces": {
				"north": {"uv": [6, 8.25, 6.25, 8.5], "texture": "#0"},
				"east": {"uv": [6.75, 8.25, 7, 8.5], "texture": "#0"},
				"south": {"uv": [8.25, 6.75, 8.5, 7], "texture": "#0"},
				"west": {"uv": [7, 8.25, 7.25, 8.5], "texture": "#0"},
				"up": {"uv": [8.5, 7.25, 8.25, 7], "texture": "#0"},
				"down": {"uv": [7.5, 8.25, 7.25, 8.5], "texture": "#0"}
			}
		},
		{
			"from": [-2.5, 8, 7.5],
			"to": [-1.5, 9.5, 8.5],
			"rotation": {"angle": 0, "axis": "y", "origin": [-2.5, 8, 7.5]},
			"faces": {
				"north": {"uv": [1.5, 7.75, 1.75, 8.25], "texture": "#0"},
				"east": {"uv": [3.25, 8, 3.5, 8.5], "texture": "#0"},
				"south": {"uv": [6.25, 8, 6.5, 8.5], "texture": "#0"},
				"west": {"uv": [6.5, 8, 6.75, 8.5], "texture": "#0"},
				"up": {"uv": [8.5, 7.5, 8.25, 7.25], "texture": "#0"},
				"down": {"uv": [7.75, 8.25, 7.5, 8.5], "texture": "#0"}
			}
		},
		{
			"from": [-0.5, 6, 7.5],
			"to": [0.5, 7, 8.5],
			"rotation": {"angle": 0, "axis": "y", "origin": [-0.5, 6, 7.5]},
			"faces": {
				"north": {"uv": [8.25, 7.5, 8.5, 7.75], "texture": "#0"},
				"east": {"uv": [7.75, 8.25, 8, 8.5], "texture": "#0"},
				"south": {"uv": [8.25, 7.75, 8.5, 8], "texture": "#0"},
				"west": {"uv": [8, 8.25, 8.25, 8.5], "texture": "#0"},
				"up": {"uv": [8.5, 8.25, 8.25, 8], "texture": "#0"},
				"down": {"uv": [8.5, 8.25, 8.25, 8.5], "texture": "#0"}
			}
		}
	],
	"display": {
		"thirdperson_righthand": {
			"rotation": [126.65, 86.97, -61.39],
			"translation": [0, 2, 0],
			"scale": [0.3418, 0.3418, 0.3418]
		},
		"thirdperson_lefthand": {
			"rotation": [-56.07, -87.97, -125.58],
			"translation": [0.25, 2, 0],
			"scale": [0.3418, 0.3418, 0.3418]
		},
		"firstperson_righthand": {
			"rotation": [-174, 82, -180],
			"translation": [1.5, 0.75, -6.75]
		},
		"firstperson_lefthand": {
			"rotation": [-174, -98, -180],
			"translation": [1.5, 0.75, -6.75]
		},
		"ground": {
			"translation": [0, 2.75, 0],
			"scale": [0.60156, 0.60156, 0.60156]
		},
		"gui": {
			"rotation": [32, -31.75, 0],
			"translation": [0.75, 1.75, 0],
			"scale": [0.75, 0.75, 0.75]
		},
		"head": {
			"translation": [0, 10.25, 0],
			"scale": [0.48047, 0.48047, 0.48047]
		},
		"fixed": {
			"rotation": [-91, 0, 0],
			"translation": [0, 0, -7]
		}
	},
	"groups": [
		{
			"name": "Ithilian Pine Blend",
			"origin": [8, 8, 8],
			"color": 0,
			"children": [
				{
					"name": "cup",
					"origin": [7, 0, 7],
					"color": 0,
					"children": [0, 1, 2, 3, 4, 5, 6, 7, 8, 9]
				},
				{
					"name": "handle",
					"origin": [8, 8, 8],
					"color": 0,
					"children": [10, 11, 12, 13, 14, 15, 16, 17, 18, 19]
				}
			]
		}
	]
}