{"parent":"minecraft:item/generated","textures":{"layer0":"minecraft:item/leather_horse_armor"},"overrides":[{"predicate":{"custom_model_data":1},"model":"modelengine:abysswatcher/capet"},{"predicate":{"custom_model_data":2},"model":"modelengine:abysswatcher/capem"},{"predicate":{"custom_model_data":3},"model":"modelengine:abysswatcher/capeb"},{"predicate":{"custom_model_data":4},"model":"modelengine:abysswatcher/flapr"},{"predicate":{"custom_model_data":5},"model":"modelengine:abysswatcher/head"},{"predicate":{"custom_model_data":6},"model":"modelengine:abysswatcher/toptorso"},{"predicate":{"custom_model_data":7},"model":"modelengine:abysswatcher/rightshoulder"},{"predicate":{"custom_model_data":8},"model":"modelengine:abysswatcher/sword"},{"predicate":{"custom_model_data":9},"model":"modelengine:abysswatcher/rightforearm"},{"predicate":{"custom_model_data":10},"model":"modelengine:abysswatcher/leftshoulder"},{"predicate":{"custom_model_data":11},"model":"modelengine:abysswatcher/leftforearm"},{"predicate":{"custom_model_data":12},"model":"modelengine:abysswatcher/dagger"},{"predicate":{"custom_model_data":13},"model":"modelengine:abysswatcher/bottomtorso"},{"predicate":{"custom_model_data":14},"model":"modelengine:abysswatcher/rightleg"},{"predicate":{"custom_model_data":15},"model":"modelengine:abysswatcher/rightknee"},{"predicate":{"custom_model_data":16},"model":"modelengine:abysswatcher/leftleg"},{"predicate":{"custom_model_data":17},"model":"modelengine:abysswatcher/leftknee"},{"predicate":{"custom_model_data":18},"model":"modelengine:arcanegolem/leftshin"},{"predicate":{"custom_model_data":19},"model":"modelengine:arcanegolem/leftleg"},{"predicate":{"custom_model_data":20},"model":"modelengine:arcanegolem/rightshin"},{"predicate":{"custom_model_data":21},"model":"modelengine:arcanegolem/rightleg"},{"predicate":{"custom_model_data":22},"model":"modelengine:arcanegolem/lowertorso"},{"predicate":{"custom_model_data":23},"model":"modelengine:arcanegolem/head"},{"predicate":{"custom_model_data":24},"model":"modelengine:arcanegolem/leftlowerarm"},{"predicate":{"custom_model_data":25},"model":"modelengine:arcanegolem/leftupperarm"},{"predicate":{"custom_model_data":26},"model":"modelengine:arcanegolem/leftupperforearm"},{"predicate":{"custom_model_data":27},"model":"modelengine:arcanegolem/leftupperhand"},{"predicate":{"custom_model_data":28},"model":"modelengine:arcanegolem/leftsword"},{"predicate":{"custom_model_data":29},"model":"modelengine:arcanegolem/rightupperarm"},{"predicate":{"custom_model_data":30},"model":"modelengine:arcanegolem/rightupperforearm"},{"predicate":{"custom_model_data":31},"model":"modelengine:arcanegolem/rightupperhand"},{"predicate":{"custom_model_data":32},"model":"modelengine:arcanegolem/rightsword"},{"predicate":{"custom_model_data":33},"model":"modelengine:arcanegolem/rightlowerarm"},{"predicate":{"custom_model_data":34},"model":"modelengine:arcanegolem/uppertorso"},{"predicate":{"custom_model_data":35},"model":"modelengine:firefly/leftwing"},{"predicate":{"custom_model_data":36},"model":"modelengine:firefly/rightwing"},{"predicate":{"custom_model_data":37},"model":"modelengine:firefly/root"},{"predicate":{"custom_model_data":38},"model":"modelengine:larian/head"},{"predicate":{"custom_model_data":39},"model":"modelengine:larian/toptorso"},{"predicate":{"custom_model_data":40},"model":"modelengine:larian/leftarm"},{"predicate":{"custom_model_data":41},"model":"modelengine:larian/leftforearm"},{"predicate":{"custom_model_data":42},"model":"modelengine:larian/rightarm"},{"predicate":{"custom_model_data":43},"model":"modelengine:larian/rightforearm"},{"predicate":{"custom_model_data":44},"model":"modelengine:larian/innerleftwing"},{"predicate":{"custom_model_data":45},"model":"modelengine:larian/centerleftwing"},{"predicate":{"custom_model_data":46},"model":"modelengine:larian/leftwingfinger1"},{"predicate":{"custom_model_data":47},"model":"modelengine:larian/leftwingforefinger1"},{"predicate":{"custom_model_data":48},"model":"modelengine:larian/leftwingfinger2"},{"predicate":{"custom_model_data":49},"model":"modelengine:larian/leftwingforefinger2"},{"predicate":{"custom_model_data":50},"model":"modelengine:larian/leftwingfinger3"},{"predicate":{"custom_model_data":51},"model":"modelengine:larian/leftwingforefinger3"},{"predicate":{"custom_model_data":52},"model":"modelengine:larian/outerleftwing"},{"predicate":{"custom_model_data":53},"model":"modelengine:larian/leftwingend"},{"predicate":{"custom_model_data":54},"model":"modelengine:larian/innerrightwing"},{"predicate":{"custom_model_data":55},"model":"modelengine:larian/centerrightwing"},{"predicate":{"custom_model_data":56},"model":"modelengine:larian/rightwingfinger1"},{"predicate":{"custom_model_data":57},"model":"modelengine:larian/rightwingforefinger1"},{"predicate":{"custom_model_data":58},"model":"modelengine:larian/rightwingfinger2"},{"predicate":{"custom_model_data":59},"model":"modelengine:larian/rightwingforefinger2"},{"predicate":{"custom_model_data":60},"model":"modelengine:larian/rightwingfinger3"},{"predicate":{"custom_model_data":61},"model":"modelengine:larian/rightwingforefinger3"},{"predicate":{"custom_model_data":62},"model":"modelengine:larian/outerrightwing"},{"predicate":{"custom_model_data":63},"model":"modelengine:larian/leftwingend2"},{"predicate":{"custom_model_data":64},"model":"modelengine:larian/torso"},{"predicate":{"custom_model_data":65},"model":"modelengine:larian/leftshin"},{"predicate":{"custom_model_data":66},"model":"modelengine:larian/leftleg"},{"predicate":{"custom_model_data":67},"model":"modelengine:larian/rightshin"},{"predicate":{"custom_model_data":68},"model":"modelengine:larian/rightleg"},{"predicate":{"custom_model_data":69},"model":"modelengine:lunarisstag/neck"},{"predicate":{"custom_model_data":70},"model":"modelengine:lunarisstag/moon"},{"predicate":{"custom_model_data":71},"model":"modelengine:lunarisstag/head"},{"predicate":{"custom_model_data":72},"model":"modelengine:lunarisstag/body"},{"predicate":{"custom_model_data":73},"model":"modelengine:lunarisstag/frontleftleg"},{"predicate":{"custom_model_data":74},"model":"modelengine:lunarisstag/frontleftknee2"},{"predicate":{"custom_model_data":75},"model":"modelengine:lunarisstag/frontleftfoot"},{"predicate":{"custom_model_data":76},"model":"modelengine:lunarisstag/frontrightleg"},{"predicate":{"custom_model_data":77},"model":"modelengine:lunarisstag/frontrightknee"},{"predicate":{"custom_model_data":78},"model":"modelengine:lunarisstag/frontrightfoot"},{"predicate":{"custom_model_data":79},"model":"modelengine:lunarisstag/backleftleg"},{"predicate":{"custom_model_data":80},"model":"modelengine:lunarisstag/backleftknee"},{"predicate":{"custom_model_data":81},"model":"modelengine:lunarisstag/backleftshin"},{"predicate":{"custom_model_data":82},"model":"modelengine:lunarisstag/backleftfoot"},{"predicate":{"custom_model_data":83},"model":"modelengine:lunarisstag/backrightleg"},{"predicate":{"custom_model_data":84},"model":"modelengine:lunarisstag/backrightknee"},{"predicate":{"custom_model_data":85},"model":"modelengine:lunarisstag/backrightshin"},{"predicate":{"custom_model_data":86},"model":"modelengine:lunarisstag/backrightfoot"},{"predicate":{"custom_model_data":87},"model":"modelengine:quakefish/frontbody"},{"predicate":{"custom_model_data":88},"model":"modelengine:quakefish/head"},{"predicate":{"custom_model_data":89},"model":"modelengine:quakefish/jaw"},{"predicate":{"custom_model_data":90},"model":"modelengine:quakefish/tail"},{"predicate":{"custom_model_data":91},"model":"modelengine:quakefish/fin"},{"predicate":{"custom_model_data":92},"model":"modelengine:quakefish/backtail"},{"predicate":{"custom_model_data":93},"model":"modelengine:quakefish/quakefish"},{"predicate":{"custom_model_data":94},"model":"modelengine:quakefish/rightfin"},{"predicate":{"custom_model_data":95},"model":"modelengine:quakefish/leftarm"},{"predicate":{"custom_model_data":96},"model":"modelengine:quakefish/leftforearm"},{"predicate":{"custom_model_data":97},"model":"modelengine:quakefish/lefthand"},{"predicate":{"custom_model_data":98},"model":"modelengine:quakefish/bigclaw"},{"predicate":{"custom_model_data":99},"model":"modelengine:quakefish/bigclawfront"},{"predicate":{"custom_model_data":100},"model":"modelengine:quakefish/leftclaw"},{"predicate":{"custom_model_data":101},"model":"modelengine:quakefish/leftclawfront"},{"predicate":{"custom_model_data":102},"model":"modelengine:quakefish/leftclaw2"},{"predicate":{"custom_model_data":103},"model":"modelengine:quakefish/leftclawfront2"},{"predicate":{"custom_model_data":104},"model":"modelengine:rat/head"},{"predicate":{"custom_model_data":105},"model":"modelengine:rat/fl_foot"},{"predicate":{"custom_model_data":106},"model":"modelengine:rat/fr_foot"},{"predicate":{"custom_model_data":107},"model":"modelengine:rat/bl_foot"},{"predicate":{"custom_model_data":108},"model":"modelengine:rat/br_foot"},{"predicate":{"custom_model_data":109},"model":"modelengine:rat/body"},{"predicate":{"custom_model_data":110},"model":"modelengine:rat/tail"},{"predicate":{"custom_model_data":111},"model":"modelengine:rat/midtail"},{"predicate":{"custom_model_data":112},"model":"modelengine:rat/endtail"}]}