{
	"credit": "Made with Blockbench",
	"texture_size": [64, 64],
	"textures": {
		"0": "item/limittesting",
		"particle": "item/limittesting"
	},
	"elements": [
		{
			"from": [-1, 0, 7],
			"to": [17, 27, 9],
			"rotation": {"angle": 0, "axis": "y", "origin": [7, 0, 7]},
			"faces": {
				"north": {"uv": [0, 0, 4.5, 6.75], "texture": "#0"},
				"east": {"uv": [0, 6.75, 0.5, 13.5], "texture": "#0"},
				"south": {"uv": [4.5, 0, 9, 6.75], "texture": "#0"},
				"west": {"uv": [0.5, 6.75, 1, 13.5], "texture": "#0"},
				"up": {"uv": [5.5, 7.25, 1, 6.75], "texture": "#0"},
				"down": {"uv": [10, 6.75, 5.5, 7.25], "texture": "#0"}
			}
		}
	],
	"display": {
		"firstperson_righthand": {
			"rotation": [0, 180, 0]
		}
	},
	"groups": [
		{
			"name": "group",
			"origin": [8, 8, 8],
			"color": 0,
			"children": [0]
		}
	]
}