{
	"credit": "Made with Blockbench",
	"ambientocclusion": false,
	"texture_size": [32, 32],
	"textures": {
		"0": "item/longswordcommon",
		"particle": "item/longswordcommon"
	},
	"elements": [
		{
			"name": "handle",
			"from": [7, 1, 7],
			"to": [9, 8, 9],
			"rotation": {"angle": 0, "axis": "y", "origin": [8, 0, 8]},
			"faces": {
				"north": {"uv": [1, 10, 2, 13.5], "texture": "#0"},
				"east": {"uv": [0, 10, 1, 13.5], "texture": "#0"},
				"south": {"uv": [3, 10, 4, 13.5], "texture": "#0"},
				"west": {"uv": [2, 10, 3, 13.5], "texture": "#0"},
				"up": {"uv": [2, 10, 1, 9], "texture": "#0"},
				"down": {"uv": [3, 9, 2, 10], "texture": "#0"}
			}
		},
		{
			"name": "handleBottom",
			"from": [6, 0, 6],
			"to": [10, 1, 10],
			"rotation": {"angle": 0, "axis": "y", "origin": [0, -1, 0]},
			"faces": {
				"north": {"uv": [5, 9.5, 7, 10], "texture": "#0"},
				"east": {"uv": [3, 9.5, 5, 10], "texture": "#0"},
				"south": {"uv": [9, 9.5, 11, 10], "texture": "#0"},
				"west": {"uv": [7, 9.5, 9, 10], "texture": "#0"},
				"up": {"uv": [7, 9.5, 5, 7.5], "texture": "#0"},
				"down": {"uv": [9, 7.5, 7, 9.5], "texture": "#0"}
			}
		},
		{
			"name": "hiltConnectorleft",
			"from": [4.5, 7.25, 7.25],
			"to": [7.75, 8.25, 8.75],
			"rotation": {"angle": -22.5, "axis": "z", "origin": [6.5, 7.75, 8]},
			"faces": {
				"north": {"uv": [10, 0.5, 11.5, 1], "texture": "#0"},
				"east": {"uv": [9.5, 0.5, 10, 1], "texture": "#0"},
				"south": {"uv": [12, 0.5, 13.5, 1], "texture": "#0"},
				"west": {"uv": [11.5, 0.5, 12, 1], "texture": "#0"},
				"up": {"uv": [11.5, 0.5, 10, 0], "texture": "#0"},
				"down": {"uv": [13, 0, 11.5, 0.5], "texture": "#0"}
			}
		},
		{
			"name": "hiltConnectorRight",
			"from": [8.25, 7.25, 7.25],
			"to": [11.5, 8.25, 8.75],
			"rotation": {"angle": 22.5, "axis": "z", "origin": [9.5, 7.75, 8]},
			"faces": {
				"north": {"uv": [9.5, 9, 11, 9.5], "texture": "#0"},
				"east": {"uv": [9, 9, 9.5, 9.5], "texture": "#0"},
				"south": {"uv": [11.5, 9, 13, 9.5], "texture": "#0"},
				"west": {"uv": [11, 9, 11.5, 9.5], "texture": "#0"},
				"up": {"uv": [11, 9, 9.5, 8.5], "texture": "#0"},
				"down": {"uv": [12.5, 8.5, 11, 9], "texture": "#0"}
			}
		},
		{
			"name": "crossguardCenter",
			"from": [4, 8, 6.5],
			"to": [12, 9, 9.5],
			"rotation": {"angle": 0, "axis": "y", "origin": [0, -2, 0]},
			"faces": {
				"north": {"uv": [1.5, 1.5, 5.5, 2], "texture": "#0"},
				"east": {"uv": [0, 1.5, 1.5, 2], "texture": "#0"},
				"south": {"uv": [7, 1.5, 11, 2], "texture": "#0"},
				"west": {"uv": [5.5, 1.5, 7, 2], "texture": "#0"},
				"up": {"uv": [5.5, 1.5, 1.5, 0], "texture": "#0"},
				"down": {"uv": [9.5, 0, 5.5, 1.5], "texture": "#0"}
			}
		},
		{
			"name": "crossguardFront",
			"from": [5, 8, 9.5],
			"to": [11, 9, 10.5],
			"rotation": {"angle": 0, "axis": "y", "origin": [0, -2, 0]},
			"faces": {
				"north": {"uv": [9.5, 8, 12.5, 8.5], "texture": "#0"},
				"east": {"uv": [9, 8, 9.5, 8.5], "texture": "#0"},
				"south": {"uv": [13, 8, 16, 8.5], "texture": "#0"},
				"west": {"uv": [12.5, 8, 13, 8.5], "texture": "#0"},
				"up": {"uv": [12.5, 8, 9.5, 7.5], "texture": "#0"},
				"down": {"uv": [15.5, 7.5, 12.5, 8], "texture": "#0"}
			}
		},
		{
			"name": "crossguardBack",
			"from": [5, 8, 5.5],
			"to": [11, 9, 6.5],
			"rotation": {"angle": 0, "axis": "y", "origin": [0, -2, 0]},
			"faces": {
				"north": {"uv": [9.5, 2.5, 12.5, 3], "texture": "#0"},
				"east": {"uv": [9, 2.5, 9.5, 3], "texture": "#0"},
				"south": {"uv": [13, 2.5, 16, 3], "texture": "#0"},
				"west": {"uv": [12.5, 2.5, 13, 3], "texture": "#0"},
				"up": {"uv": [12.5, 2.5, 9.5, 2], "texture": "#0"},
				"down": {"uv": [15.5, 2, 12.5, 2.5], "texture": "#0"}
			}
		},
		{
			"name": "BladeMain",
			"from": [6, 9, 7.5],
			"to": [10, 22, 8.5],
			"rotation": {"angle": 0, "axis": "y", "origin": [7, 9, 7.5]},
			"faces": {
				"north": {"uv": [0.5, 2.5, 2.5, 9], "texture": "#0"},
				"east": {"uv": [0, 2.5, 0.5, 9], "texture": "#0"},
				"south": {"uv": [3, 2.5, 5, 9], "texture": "#0"},
				"west": {"uv": [2.5, 2.5, 3, 9], "texture": "#0"},
				"up": {"uv": [2.5, 2.5, 0.5, 2], "texture": "#0"},
				"down": {"uv": [4.5, 2, 2.5, 2.5], "texture": "#0"}
			}
		},
		{
			"name": "BladeTop",
			"from": [6.5, 22, 7.5],
			"to": [9.5, 25, 8.5],
			"rotation": {"angle": 0, "axis": "y", "origin": [7.5, 22, 7.5]},
			"faces": {
				"north": {"uv": [4.5, 10.5, 6, 12], "texture": "#0"},
				"east": {"uv": [4, 10.5, 4.5, 12], "texture": "#0"},
				"south": {"uv": [6.5, 10.5, 8, 12], "texture": "#0"},
				"west": {"uv": [6, 10.5, 6.5, 12], "texture": "#0"},
				"up": {"uv": [6, 10.5, 4.5, 10], "texture": "#0"},
				"down": {"uv": [7.5, 10, 6, 10.5], "texture": "#0"}
			}
		},
		{
			"name": "BladeAccent",
			"from": [7, 25, 7.5],
			"to": [9, 29, 8.5],
			"rotation": {"angle": 0, "axis": "y", "origin": [7, 25, 6.5]},
			"faces": {
				"north": {"uv": [10.5, 5.5, 11.5, 7.5], "texture": "#0"},
				"east": {"uv": [10, 5.5, 10.5, 7.5], "texture": "#0"},
				"south": {"uv": [12, 5.5, 13, 7.5], "texture": "#0"},
				"west": {"uv": [11.5, 5.5, 12, 7.5], "texture": "#0"},
				"up": {"uv": [11.5, 5.5, 10.5, 5], "texture": "#0"},
				"down": {"uv": [12.5, 5, 11.5, 5.5], "texture": "#0"}
			}
		},
		{
			"name": "BladeEnd",
			"from": [7.5, 29, 7.5],
			"to": [8.5, 31, 8.5],
			"rotation": {"angle": 0, "axis": "y", "origin": [6.5, 29, 6.5]},
			"faces": {
				"north": {"uv": [8.5, 10.5, 9, 11.5], "texture": "#0"},
				"east": {"uv": [8, 10.5, 8.5, 11.5], "texture": "#0"},
				"south": {"uv": [9.5, 10.5, 10, 11.5], "texture": "#0"},
				"west": {"uv": [9, 10.5, 9.5, 11.5], "texture": "#0"},
				"up": {"uv": [9, 10.5, 8.5, 10], "texture": "#0"},
				"down": {"uv": [9.5, 10, 9, 10.5], "texture": "#0"}
			}
		},
		{
			"name": "BladeSides",
			"from": [6.5, 9, 7],
			"to": [9.5, 18, 9],
			"rotation": {"angle": 0, "axis": "y", "origin": [6.5, 14, 6]},
			"faces": {
				"north": {"uv": [6, 3, 7.5, 7.5], "texture": "#0"},
				"east": {"uv": [5, 3, 6, 7.5], "texture": "#0"},
				"south": {"uv": [8.5, 3, 10, 7.5], "texture": "#0"},
				"west": {"uv": [7.5, 3, 8.5, 7.5], "texture": "#0"},
				"up": {"uv": [7.5, 3, 6, 2], "texture": "#0"},
				"down": {"uv": [9, 2, 7.5, 3], "texture": "#0"}
			}
		},
		{
			"name": "BladeSidesTop",
			"from": [7, 18, 7],
			"to": [9, 20, 9],
			"rotation": {"angle": 0, "axis": "y", "origin": [7, 18, 7]},
			"faces": {
				"north": {"uv": [11, 4, 12, 5], "texture": "#0"},
				"east": {"uv": [10, 4, 11, 5], "texture": "#0"},
				"south": {"uv": [13, 4, 14, 5], "texture": "#0"},
				"west": {"uv": [12, 4, 13, 5], "texture": "#0"},
				"up": {"uv": [12, 4, 11, 3], "texture": "#0"},
				"down": {"uv": [13, 3, 12, 4], "texture": "#0"}
			}
		}
	],
	"display": {
		"thirdperson_righthand": {
			"rotation": [0, 90, 0],
			"translation": [0, 1.5, 2.75],
			"scale": [1, 1, 0.75]
		},
		"thirdperson_lefthand": {
			"rotation": [0, 90, 0],
			"translation": [0, 1.5, 2.75],
			"scale": [1, 1, 0.75]
		},
		"firstperson_righthand": {
			"rotation": [-19.5, 90, 0],
			"translation": [0.75, 2, 1.75],
			"scale": [0.85, 0.85, 0.85]
		},
		"firstperson_lefthand": {
			"rotation": [-19.5, 90, 0],
			"translation": [0.75, 2, 1.75],
			"scale": [0.85, 0.85, 0.85]
		},
		"ground": {
			"translation": [0, 4, 0]
		},
		"gui": {
			"rotation": [0, 0, -45],
			"translation": [-3, -2.75, 0],
			"scale": [0.6, 0.6, 0.6]
		},
		"fixed": {
			"rotation": [0, 0, 45],
			"translation": [2.5, -2.5, 0],
			"scale": [0.6, 0.6, 0.6]
		}
	},
	"groups": [
		{
			"name": "root",
			"origin": [8, 8, 8],
			"color": 0,
			"children": [
				{
					"name": "hilt",
					"origin": [8, 8, 8],
					"color": 0,
					"children": [
						0,
						1,
						2,
						3,
						{
							"name": "crossguard",
							"origin": [8, 8, 8],
							"color": 0,
							"children": [4, 5, 6]
						}
					]
				},
				{
					"name": "Blade",
					"origin": [0, 0, 0],
					"color": 0,
					"children": [7, 8, 9, 10, 11, 12]
				}
			]
		}
	]
}