{
	"credit": "Made with Blockbench",
	"texture_size": [128, 128],
	"textures": {
		"0": "item/lunarisshine",
		"particle": "item/lunarisshine"
	},
	"elements": [
		{
			"from": [1, 0, 15],
			"to": [15, 16, 16],
			"rotation": {"angle": 0, "axis": "y", "origin": [7, 0, 7]},
			"faces": {
				"north": {"uv": [6, 7.25, 7.75, 9.25], "texture": "#0"},
				"east": {"uv": [2, 0, 4, 2], "texture": "#0"},
				"south": {"uv": [4, 7.75, 5.75, 9.75], "texture": "#0"},
				"west": {"uv": [2, 2, 4, 4], "texture": "#0"},
				"up": {"uv": [9.5, 9.25, 7.75, 7.25], "texture": "#0"},
				"down": {"uv": [1.75, 8, 0, 10], "texture": "#0"}
			}
		},
		{
			"from": [1, 0, 0],
			"to": [15, 16, 1],
			"rotation": {"angle": 0, "axis": "y", "origin": [7, 0, -8]},
			"faces": {
				"north": {"uv": [6, 7.25, 7.75, 9.25], "texture": "#0"},
				"east": {"uv": [2, 0, 4, 2], "texture": "#0"},
				"south": {"uv": [4, 7.75, 5.75, 9.75], "texture": "#0"},
				"west": {"uv": [2, 2, 4, 4], "texture": "#0"},
				"up": {"uv": [9.5, 9.25, 7.75, 7.25], "texture": "#0"},
				"down": {"uv": [1.75, 8, 0, 10], "texture": "#0"}
			}
		},
		{
			"from": [1, 0, 1],
			"to": [15, 1, 15],
			"rotation": {"angle": 0, "axis": "x", "origin": [7, 9, 0]},
			"faces": {
				"north": {"uv": [1.75, 8, 0, 10], "rotation": 180, "texture": "#0"},
				"east": {"uv": [2, 0, 4, 2], "rotation": 270, "texture": "#0"},
				"south": {"uv": [9.5, 9.25, 7.75, 7.25], "texture": "#0"},
				"west": {"uv": [2, 2, 4, 4], "rotation": 90, "texture": "#0"},
				"up": {"uv": [6, 7.25, 7.75, 9.25], "rotation": 180, "texture": "#0"},
				"down": {"uv": [4, 7.75, 5.75, 9.75], "texture": "#0"}
			}
		},
		{
			"from": [0, 16, 0],
			"to": [16, 30, 16],
			"rotation": {"angle": 0, "axis": "y", "origin": [7, 1, 7]},
			"faces": {
				"north": {"uv": [6, 2, 8, 3.75], "texture": "#0"},
				"east": {"uv": [6, 3.75, 8, 5.5], "texture": "#0"},
				"south": {"uv": [4, 6, 6, 7.75], "texture": "#0"},
				"west": {"uv": [6, 5.5, 8, 7.25], "texture": "#0"},
				"up": {"uv": [2, 2, 0, 0], "texture": "#0"},
				"down": {"uv": [2, 2, 0, 4], "texture": "#0"}
			}
		},
		{
			"from": [0, 0, 1],
			"to": [1, 16, 15],
			"rotation": {"angle": 0, "axis": "y", "origin": [6, 0, 7]},
			"faces": {
				"north": {"uv": [6.75, 9.25, 6.875, 11.25], "texture": "#0"},
				"east": {"uv": [8, 0, 9.75, 2], "texture": "#0"},
				"south": {"uv": [6.875, 9.25, 7, 11.25], "texture": "#0"},
				"west": {"uv": [1.75, 8, 3.5, 10], "texture": "#0"},
				"up": {"uv": [8.875, 11, 8.75, 9.25], "texture": "#0"},
				"down": {"uv": [9, 9.25, 8.875, 11], "texture": "#0"}
			}
		},
		{
			"from": [15, 0, 1],
			"to": [16, 16, 15],
			"rotation": {"angle": 0, "axis": "y", "origin": [21, 0, 7]},
			"faces": {
				"north": {"uv": [7, 9.25, 7.125, 11.25], "texture": "#0"},
				"east": {"uv": [8, 2, 9.75, 4], "texture": "#0"},
				"south": {"uv": [7.125, 9.25, 7.25, 11.25], "texture": "#0"},
				"west": {"uv": [8, 4, 9.75, 6], "texture": "#0"},
				"up": {"uv": [9.125, 11, 9, 9.25], "texture": "#0"},
				"down": {"uv": [9.25, 9.25, 9.125, 11], "texture": "#0"}
			}
		},
		{
			"from": [0, 16, -1],
			"to": [16, 32, 0],
			"rotation": {"angle": 0, "axis": "y", "origin": [7, 16, 7]},
			"faces": {
				"north": {"uv": [0, 4, 2, 6], "texture": "#0"},
				"east": {"uv": [7.25, 9.25, 7.375, 11.25], "texture": "#0"},
				"south": {"uv": [4, 0, 6, 2], "texture": "#0"},
				"west": {"uv": [7.375, 9.25, 7.5, 11.25], "texture": "#0"},
				"up": {"uv": [10.625, 6.875, 8.625, 6.75], "texture": "#0"},
				"down": {"uv": [10.625, 6.875, 8.625, 7], "texture": "#0"}
			}
		},
		{
			"from": [0, 16, 16],
			"to": [16, 32, 17],
			"rotation": {"angle": 0, "axis": "y", "origin": [7, 16, 24]},
			"faces": {
				"north": {"uv": [2, 4, 4, 6], "texture": "#0"},
				"east": {"uv": [7.5, 9.25, 7.625, 11.25], "texture": "#0"},
				"south": {"uv": [4, 2, 6, 4], "texture": "#0"},
				"west": {"uv": [7.625, 9.25, 7.75, 11.25], "texture": "#0"},
				"up": {"uv": [10.625, 7.125, 8.625, 7], "texture": "#0"},
				"down": {"uv": [10.625, 7.125, 8.625, 7.25], "texture": "#0"}
			}
		},
		{
			"from": [-1, 16, 0],
			"to": [0, 32, 16],
			"rotation": {"angle": 0, "axis": "y", "origin": [5, 16, 7]},
			"faces": {
				"north": {"uv": [7.75, 9.25, 7.875, 11.25], "texture": "#0"},
				"east": {"uv": [4, 4, 6, 6], "texture": "#0"},
				"south": {"uv": [7.875, 9.25, 8, 11.25], "texture": "#0"},
				"west": {"uv": [0, 6, 2, 8], "texture": "#0"},
				"up": {"uv": [8.125, 11.25, 8, 9.25], "texture": "#0"},
				"down": {"uv": [8.25, 9.25, 8.125, 11.25], "texture": "#0"}
			}
		},
		{
			"from": [16, 16, 0],
			"to": [17, 32, 16],
			"rotation": {"angle": 0, "axis": "y", "origin": [22, 16, 7]},
			"faces": {
				"north": {"uv": [8.25, 9.25, 8.375, 11.25], "texture": "#0"},
				"east": {"uv": [6, 0, 8, 2], "texture": "#0"},
				"south": {"uv": [8.375, 9.25, 8.5, 11.25], "texture": "#0"},
				"west": {"uv": [2, 6, 4, 8], "texture": "#0"},
				"up": {"uv": [8.625, 11.25, 8.5, 9.25], "texture": "#0"},
				"down": {"uv": [8.75, 9.25, 8.625, 11.25], "texture": "#0"}
			}
		},
		{
			"from": [2, 1, 2],
			"to": [14, 16, 14],
			"rotation": {"angle": 0, "axis": "y", "origin": [1, 1, 13]},
			"faces": {
				"north": {"uv": [0, 0, 1.5, 1.875], "texture": "#0"},
				"east": {"uv": [0, 0, 1.5, 1.875], "texture": "#0"},
				"south": {"uv": [0, 0, 1.5, 1.875], "texture": "#0"},
				"west": {"uv": [0, 0, 1.5, 1.875], "texture": "#0"},
				"up": {"uv": [0, 0, 1.5, 1.5], "texture": "#0"},
				"down": {"uv": [0, 0, 1.5, 1.5], "texture": "#0"}
			}
		},
		{
			"from": [7, 19, -11],
			"to": [9, 25, -9],
			"rotation": {"angle": 0, "axis": "y", "origin": [7, 22, -11]},
			"faces": {
				"north": {"uv": [9.5, 7.25, 9.75, 8], "texture": "#0"},
				"east": {"uv": [9.5, 8, 9.75, 8.75], "texture": "#0"},
				"south": {"uv": [9.5, 8.75, 9.75, 9.5], "texture": "#0"},
				"west": {"uv": [9.5, 9.5, 9.75, 10.25], "texture": "#0"},
				"up": {"uv": [10, 5.875, 9.75, 5.625], "texture": "#0"},
				"down": {"uv": [10, 8.75, 9.75, 9], "texture": "#0"}
			}
		},
		{
			"from": [7, 15, -13],
			"to": [9, 21, -11],
			"rotation": {"angle": 0, "axis": "y", "origin": [7, 19, -13]},
			"faces": {
				"north": {"uv": [9.625, 6, 9.875, 6.75], "texture": "#0"},
				"east": {"uv": [9.75, 0, 10, 0.75], "texture": "#0"},
				"south": {"uv": [9.75, 0.75, 10, 1.5], "texture": "#0"},
				"west": {"uv": [9.75, 1.5, 10, 2.25], "texture": "#0"},
				"up": {"uv": [10, 9.25, 9.75, 9], "texture": "#0"},
				"down": {"uv": [10, 9.25, 9.75, 9.5], "texture": "#0"}
			}
		},
		{
			"from": [7, 10, -11],
			"to": [9, 17, -9],
			"rotation": {"angle": 0, "axis": "y", "origin": [7, 14, -11]},
			"faces": {
				"north": {"uv": [5.75, 7.75, 6, 8.625], "texture": "#0"},
				"east": {"uv": [9.25, 9.25, 9.5, 10.125], "texture": "#0"},
				"south": {"uv": [3.5, 9.5, 3.75, 10.375], "texture": "#0"},
				"west": {"uv": [3.75, 9.5, 4, 10.375], "texture": "#0"},
				"up": {"uv": [10, 9.75, 9.75, 9.5], "texture": "#0"},
				"down": {"uv": [10, 9.75, 9.75, 10], "texture": "#0"}
			}
		},
		{
			"from": [7, 8, -9],
			"to": [9, 13, -4],
			"rotation": {"angle": 0, "axis": "y", "origin": [7, 11, -9]},
			"faces": {
				"north": {"uv": [5.75, 8.625, 6, 9.25], "texture": "#0"},
				"east": {"uv": [8, 6, 8.625, 6.625], "texture": "#0"},
				"south": {"uv": [4.25, 9.75, 4.5, 10.375], "texture": "#0"},
				"west": {"uv": [8, 6.625, 8.625, 7.25], "texture": "#0"},
				"up": {"uv": [4.75, 10.375, 4.5, 9.75], "texture": "#0"},
				"down": {"uv": [10, 4.5, 9.75, 5.125], "texture": "#0"}
			}
		},
		{
			"from": [7, 5, -4],
			"to": [9, 11, 0],
			"rotation": {"angle": 0, "axis": "y", "origin": [7, 9, -5]},
			"faces": {
				"north": {"uv": [9.75, 2.25, 10, 3], "texture": "#0"},
				"east": {"uv": [3.5, 8, 4, 8.75], "texture": "#0"},
				"south": {"uv": [9.75, 3, 10, 3.75], "texture": "#0"},
				"west": {"uv": [8.625, 6, 9.125, 6.75], "texture": "#0"},
				"up": {"uv": [10, 5.625, 9.75, 5.125], "texture": "#0"},
				"down": {"uv": [5.5, 9.75, 5.25, 10.25], "texture": "#0"}
			}
		},
		{
			"from": [7, 22, -9],
			"to": [9, 27, -5],
			"rotation": {"angle": 0, "axis": "y", "origin": [7, 25, -9]},
			"faces": {
				"north": {"uv": [4.75, 9.75, 5, 10.375], "texture": "#0"},
				"east": {"uv": [5.75, 9.25, 6.25, 9.875], "texture": "#0"},
				"south": {"uv": [5, 9.75, 5.25, 10.375], "texture": "#0"},
				"west": {"uv": [6.25, 9.25, 6.75, 9.875], "texture": "#0"},
				"up": {"uv": [5.75, 10.25, 5.5, 9.75], "texture": "#0"},
				"down": {"uv": [10, 7.25, 9.75, 7.75], "texture": "#0"}
			}
		},
		{
			"from": [7, 24, -5],
			"to": [9, 30, -1],
			"rotation": {"angle": 0, "axis": "y", "origin": [7, 28, -6]},
			"faces": {
				"north": {"uv": [9.75, 3.75, 10, 4.5], "texture": "#0"},
				"east": {"uv": [3.5, 8.75, 4, 9.5], "texture": "#0"},
				"south": {"uv": [4, 9.75, 4.25, 10.5], "texture": "#0"},
				"west": {"uv": [9.125, 6, 9.625, 6.75], "texture": "#0"},
				"up": {"uv": [10, 8.25, 9.75, 7.75], "texture": "#0"},
				"down": {"uv": [10, 8.25, 9.75, 8.75], "texture": "#0"}
			}
		}
	],
	"display": {
		"thirdperson_righthand": {
			"rotation": [-125.22, 2.06, -179.18],
			"translation": [0, 0.5, -2.25],
			"scale": [0.25195, 0.25195, 0.25195]
		},
		"thirdperson_lefthand": {
			"rotation": [-125.22, 2.06, -179.18],
			"translation": [0, 0.5, -2.25],
			"scale": [0.25195, 0.25195, 0.25195]
		},
		"firstperson_righthand": {
			"rotation": [-173.62, -7.23, -176.99],
			"translation": [-3.25, 2.75, 2.75],
			"scale": [0.1875, 0.1875, 0.1875]
		},
		"firstperson_lefthand": {
			"rotation": [-173.62, -7.23, -176.99],
			"translation": [-3.25, 2.75, 2.75],
			"scale": [0.1875, 0.1875, 0.1875]
		},
		"ground": {
			"translation": [0, 1.75, 0],
			"scale": [0.25976, 0.25976, 0.25976]
		},
		"gui": {
			"rotation": [23.75, 45.25, 0],
			"translation": [0, -3, 0],
			"scale": [0.375, 0.375, 0.375]
		},
		"head": {
			"translation": [0, 9, 0],
			"scale": [0.32617, 0.32617, 0.32617]
		},
		"fixed": {
			"rotation": [-90, 0, 0],
			"translation": [0, 0, -2.75],
			"scale": [0.45898, 0.45898, 0.45898]
		}
	},
	"groups": [
		{
			"name": "Lunaris Shine",
			"origin": [8, 8, 8],
			"color": 0,
			"children": [
				{
					"name": "Cup",
					"origin": [8, 8, 8],
					"color": 0,
					"children": [0, 1, 2, 3, 4, 5, 6, 7, 8, 9, 10]
				},
				{
					"name": "Handle",
					"origin": [8, 8, 8],
					"color": 0,
					"children": [11, 12, 13, 14, 15, 16, 17]
				}
			]
		}
	]
}