{
	"credit": "Made with Blockbench",
	"texture_size": [32, 32],
	"textures": {
		"1": "item/beerfoam",
		"2": "item/gold"
	},
	"elements": [
		{
			"from": [7.5, 8, 15],
			"to": [8.5, 11, 16],
			"rotation": {"angle": 0, "axis": "y", "origin": [7.5, 10, 14]},
			"faces": {
				"north": {"uv": [1.5, 10.5, 2, 12], "texture": "#2"},
				"east": {"uv": [2, 10.5, 2.5, 12], "texture": "#2"},
				"south": {"uv": [2.5, 10.5, 3, 12], "texture": "#2"},
				"west": {"uv": [3, 10.5, 3.5, 12], "texture": "#2"},
				"up": {"uv": [2.5, 7.5, 2, 7], "texture": "#2"},
				"down": {"uv": [8, 8, 7.5, 8.5], "texture": "#2"}
			}
		},
		{
			"from": [7.25, 10, 14],
			"to": [8.75, 11.5, 15],
			"rotation": {"angle": 0, "axis": "y", "origin": [7.5, 12, 13]},
			"faces": {
				"north": {"uv": [11, 4, 11.75, 4.75], "texture": "#2"},
				"east": {"uv": [7, 10.5, 7.5, 11.25], "texture": "#2"},
				"south": {"uv": [11.5, 0, 12.25, 0.75], "texture": "#2"},
				"west": {"uv": [1, 11, 1.5, 11.75], "texture": "#2"},
				"up": {"uv": [9.25, 12, 8.5, 11.5], "texture": "#2"},
				"down": {"uv": [12.25, 8.5, 11.5, 9], "texture": "#2"}
			}
		},
		{
			"from": [7.25, 11, 12],
			"to": [8.75, 12, 14],
			"rotation": {"angle": 0, "axis": "y", "origin": [7.5, 12.5, 12]},
			"faces": {
				"north": {"uv": [11.5, 9, 12.25, 9.5], "texture": "#2"},
				"east": {"uv": [3.5, 11.5, 4.5, 12], "texture": "#2"},
				"south": {"uv": [9.5, 11.5, 10.25, 12], "texture": "#2"},
				"west": {"uv": [5, 11.5, 6, 12], "texture": "#2"},
				"up": {"uv": [4.25, 11.5, 3.5, 10.5], "texture": "#2"},
				"down": {"uv": [5.75, 10.5, 5, 11.5], "texture": "#2"}
			}
		},
		{
			"from": [7.25, 5, 14.5],
			"to": [8.75, 8, 15.5],
			"rotation": {"angle": 0, "axis": "y", "origin": [7.5, 7, 13.5]},
			"faces": {
				"north": {"uv": [8.5, 10, 9.25, 11.5], "texture": "#2"},
				"east": {"uv": [6, 10.5, 6.5, 12], "texture": "#2"},
				"south": {"uv": [9.5, 10, 10.25, 11.5], "texture": "#2"},
				"west": {"uv": [6.5, 10.5, 7, 12], "texture": "#2"},
				"up": {"uv": [12.25, 10, 11.5, 9.5], "texture": "#2"},
				"down": {"uv": [12.25, 10, 11.5, 10.5], "texture": "#2"}
			}
		},
		{
			"from": [6.75, 1.5, 11.5],
			"to": [9.25, 3.5, 14.5],
			"rotation": {"angle": 0, "axis": "y", "origin": [7.5, 2.5, 12.5]},
			"faces": {
				"north": {"uv": [0, 10, 1.25, 11], "texture": "#2"},
				"east": {"uv": [8.5, 0, 10, 1], "texture": "#2"},
				"south": {"uv": [10, 0, 11.25, 1], "texture": "#2"},
				"west": {"uv": [8.5, 1, 10, 2], "texture": "#2"},
				"up": {"uv": [7.25, 9.5, 6, 8], "texture": "#2"},
				"down": {"uv": [9.25, 7, 8, 8.5], "texture": "#2"}
			}
		},
		{
			"from": [6.5, 0.5, 4.5],
			"to": [9.5, 2.5, 11.5],
			"rotation": {"angle": 0, "axis": "y", "origin": [7.5, 1.5, 9.5]},
			"faces": {
				"north": {"uv": [7.5, 8.5, 9, 9.5], "texture": "#2"},
				"east": {"uv": [8, 2, 11.5, 3], "texture": "#2"},
				"south": {"uv": [0, 9, 1.5, 10], "texture": "#2"},
				"west": {"uv": [8, 3, 11.5, 4], "texture": "#2"},
				"up": {"uv": [4.5, 7.5, 3, 4], "texture": "#2"},
				"down": {"uv": [6, 4, 4.5, 7.5], "texture": "#2"}
			}
		},
		{
			"from": [6.5, 2.5, 3],
			"to": [9.5, 4.5, 6],
			"rotation": {"angle": 0, "axis": "y", "origin": [7.5, 3.5, 5]},
			"faces": {
				"north": {"uv": [9, 8.5, 10.5, 9.5], "texture": "#2"},
				"east": {"uv": [1.5, 9.5, 3, 10.5], "texture": "#2"},
				"south": {"uv": [3, 9.5, 4.5, 10.5], "texture": "#2"},
				"west": {"uv": [9.5, 4, 11, 5], "texture": "#2"},
				"up": {"uv": [9.5, 5.5, 8, 4], "texture": "#2"},
				"down": {"uv": [9.5, 5.5, 8, 7], "texture": "#2"}
			}
		},
		{
			"from": [6, 4.5, 1.5],
			"to": [10, 8.5, 5.5],
			"rotation": {"angle": 0, "axis": "y", "origin": [7.5, 5.5, 4]},
			"faces": {
				"north": {"uv": [6, 2, 8, 4], "texture": "#2"},
				"east": {"uv": [6, 4, 8, 6], "texture": "#2"},
				"south": {"uv": [6, 6, 8, 8], "texture": "#2"},
				"west": {"uv": [0, 7, 2, 9], "texture": "#2"},
				"up": {"uv": [4, 9.5, 2, 7.5], "texture": "#2"},
				"down": {"uv": [6, 7.5, 4, 9.5], "texture": "#2"}
			}
		},
		{
			"from": [5.25, 8.5, 0.75],
			"to": [10.75, 11.5, 5.75],
			"rotation": {"angle": 0, "axis": "y", "origin": [7.5, 9.5, 3.75]},
			"faces": {
				"north": {"uv": [3, 0, 5.75, 2], "texture": "#2"},
				"east": {"uv": [0, 5, 2.5, 7], "texture": "#2"},
				"south": {"uv": [3, 2, 5.75, 4], "texture": "#2"},
				"west": {"uv": [6, 0, 8.5, 2], "texture": "#2"},
				"up": {"uv": [2.75, 2.5, 0, 0], "texture": "#2"},
				"down": {"uv": [2.75, 2.5, 0, 5], "texture": "#2"}
			}
		},
		{
			"from": [10.75, 11.5, 0.75],
			"to": [11.75, 13.5, 5.75],
			"rotation": {"angle": 0, "axis": "y", "origin": [8.5, 13.5, 3.75]},
			"faces": {
				"north": {"uv": [1.5, 9, 2, 9.5], "texture": "#2"},
				"east": {"uv": [9.5, 8, 12, 8.5], "texture": "#2"},
				"south": {"uv": [7, 11.5, 7.5, 12], "texture": "#2"},
				"west": {"uv": [10, 1, 12.5, 1.5], "texture": "#2"},
				"up": {"uv": [3, 7.5, 2.5, 5], "texture": "#2"},
				"down": {"uv": [5, 10, 4.5, 12.5], "texture": "#2"}
			}
		},
		{
			"from": [4.25, 11.5, 0.75],
			"to": [5.25, 13.5, 5.75],
			"rotation": {"angle": 0, "axis": "y", "origin": [1.5, 13.5, 3.75]},
			"faces": {
				"north": {"uv": [10.5, 11.5, 11, 12], "texture": "#2"},
				"east": {"uv": [10, 1.5, 12.5, 2], "texture": "#2"},
				"south": {"uv": [11.5, 10.5, 12, 11], "texture": "#2"},
				"west": {"uv": [5, 10, 7.5, 10.5], "texture": "#2"},
				"up": {"uv": [8, 12.5, 7.5, 10], "texture": "#2"},
				"down": {"uv": [8.5, 10, 8, 12.5], "texture": "#2"}
			}
		},
		{
			"from": [5.25, 11.5, 5.75],
			"to": [10.75, 13.5, 6.75],
			"rotation": {"angle": 0, "axis": "y", "origin": [2.5, 13.5, 9.25]},
			"faces": {
				"north": {"uv": [4.5, 9.5, 7.25, 10], "texture": "#2"},
				"east": {"uv": [11, 11.5, 11.5, 12], "texture": "#2"},
				"south": {"uv": [9.5, 5, 12.25, 5.5], "texture": "#2"},
				"west": {"uv": [11.5, 11, 12, 11.5], "texture": "#2"},
				"up": {"uv": [12.25, 6, 9.5, 5.5], "texture": "#2"},
				"down": {"uv": [12.25, 6, 9.5, 6.5], "texture": "#2"}
			}
		},
		{
			"from": [5.25, 11.5, -0.25],
			"to": [10.75, 13.5, 0.75],
			"rotation": {"angle": 0, "axis": "y", "origin": [2.5, 13.5, 3.25]},
			"faces": {
				"north": {"uv": [9.5, 6.5, 12.25, 7], "texture": "#2"},
				"east": {"uv": [11.5, 11.5, 12, 12], "texture": "#2"},
				"south": {"uv": [9.5, 7, 12.25, 7.5], "texture": "#2"},
				"west": {"uv": [0, 12, 0.5, 12.5], "texture": "#2"},
				"up": {"uv": [10.25, 10, 7.5, 9.5], "texture": "#2"},
				"down": {"uv": [12.25, 7.5, 9.5, 8], "texture": "#2"}
			}
		},
		{
			"from": [7, 3.5, 13.5],
			"to": [9, 5, 15],
			"rotation": {"angle": 0, "axis": "y", "origin": [7.5, 4, 13]},
			"faces": {
				"north": {"uv": [10.5, 8.5, 11.5, 9.25], "texture": "#2"},
				"east": {"uv": [11.5, 2, 12.25, 2.75], "texture": "#2"},
				"south": {"uv": [10.5, 9.5, 11.5, 10.25], "texture": "#2"},
				"west": {"uv": [11.5, 3, 12.25, 3.75], "texture": "#2"},
				"up": {"uv": [11.5, 11.25, 10.5, 10.5], "texture": "#2"},
				"down": {"uv": [1, 11, 0, 11.75], "texture": "#2"}
			}
		},
		{
			"from": [5.25, 11.5, 0.75],
			"to": [10.75, 12.5, 5.75],
			"rotation": {"angle": 0, "axis": "y", "origin": [7.5, 12.5, 3.75]},
			"faces": {
				"north": {"uv": [3, 0, 5.75, 2], "texture": "#1"},
				"east": {"uv": [0, 5, 2.5, 7], "texture": "#1"},
				"south": {"uv": [3, 2, 5.75, 4], "texture": "#1"},
				"west": {"uv": [6, 0, 8.5, 2], "texture": "#1"},
				"up": {"uv": [2.75, 2.5, 0, 0], "texture": "#1"},
				"down": {"uv": [2.75, 2.5, 0, 5], "texture": "#1"}
			}
		},
		{
			"from": [8.75, 13.5, 0],
			"to": [11.75, 14.5, 2.25],
			"rotation": {"angle": 0, "axis": "y", "origin": [10.5, 14.5, 1.75]},
			"faces": {
				"north": {"uv": [3, 0, 5.75, 2], "texture": "#1"},
				"east": {"uv": [0, 5, 2.5, 7], "texture": "#1"},
				"south": {"uv": [3, 2, 5.75, 4], "texture": "#1"},
				"west": {"uv": [6, 0, 8.5, 2], "texture": "#1"},
				"up": {"uv": [2.75, 2.5, 0, 0], "texture": "#1"},
				"down": {"uv": [2.75, 2.5, 0, 5], "texture": "#1"}
			}
		},
		{
			"from": [8.75, 12.5, 0.75],
			"to": [10.75, 13.5, 2.25],
			"rotation": {"angle": 0, "axis": "y", "origin": [10.5, 13.5, 1.75]},
			"faces": {
				"north": {"uv": [3, 0, 5.75, 2], "texture": "#1"},
				"east": {"uv": [0, 5, 2.5, 7], "texture": "#1"},
				"south": {"uv": [3, 2, 5.75, 4], "texture": "#1"},
				"west": {"uv": [6, 0, 8.5, 2], "texture": "#1"},
				"up": {"uv": [2.75, 2.5, 0, 0], "texture": "#1"},
				"down": {"uv": [2.75, 2.5, 0, 5], "texture": "#1"}
			}
		},
		{
			"from": [10, 10.75, -0.5],
			"to": [11.75, 13.75, 0.75],
			"rotation": {"angle": 0, "axis": "y", "origin": [11.5, 13.75, -0.25]},
			"faces": {
				"north": {"uv": [3, 0, 5.75, 2], "texture": "#1"},
				"east": {"uv": [0, 5, 2.5, 7], "texture": "#1"},
				"south": {"uv": [3, 2, 5.75, 4], "texture": "#1"},
				"west": {"uv": [6, 0, 8.5, 2], "texture": "#1"},
				"up": {"uv": [2.75, 2.5, 0, 0], "texture": "#1"},
				"down": {"uv": [2.75, 2.5, 0, 5], "texture": "#1"}
			}
		},
		{
			"from": [11.25, 10.75, 0.25],
			"to": [12, 13.75, 2.25],
			"rotation": {"angle": 0, "axis": "y", "origin": [12.75, 13.75, 2.25]},
			"faces": {
				"north": {"uv": [3, 0, 5.75, 2], "texture": "#1"},
				"east": {"uv": [0, 5, 2.5, 7], "texture": "#1"},
				"south": {"uv": [3, 2, 5.75, 4], "texture": "#1"},
				"west": {"uv": [6, 0, 8.5, 2], "texture": "#1"},
				"up": {"uv": [2.75, 2.5, 0, 0], "texture": "#1"},
				"down": {"uv": [2.75, 2.5, 0, 5], "texture": "#1"}
			}
		},
		{
			"from": [10.5, 9.5, -0.25],
			"to": [11.5, 10.75, 0.25],
			"rotation": {"angle": 0, "axis": "y", "origin": [11.5, 11.75, -0.25]},
			"faces": {
				"north": {"uv": [3, 0, 5.75, 2], "texture": "#1"},
				"east": {"uv": [0, 5, 2.5, 7], "texture": "#1"},
				"south": {"uv": [3, 2, 5.75, 4], "texture": "#1"},
				"west": {"uv": [6, 0, 8.5, 2], "texture": "#1"},
				"up": {"uv": [2.75, 2.5, 0, 0], "texture": "#1"},
				"down": {"uv": [2.75, 2.5, 0, 5], "texture": "#1"}
			}
		}
	],
	"display": {
		"thirdperson_righthand": {
			"rotation": [55.75, 0, 0],
			"translation": [0, -1.75, 3.25],
			"scale": [0.54492, 0.54492, 0.54492]
		},
		"thirdperson_lefthand": {
			"rotation": [55.75, 0, 0],
			"translation": [0, -1.75, 3.25],
			"scale": [0.54492, 0.54492, 0.54492]
		},
		"firstperson_righthand": {
			"rotation": [15.75, 0, 0],
			"translation": [2.25, 0, 1]
		},
		"firstperson_lefthand": {
			"rotation": [15.75, 0, 0],
			"translation": [2.25, 0, 1]
		},
		"ground": {
			"translation": [0, 3, 0],
			"scale": [0.5, 0.5, 0.5]
		},
		"gui": {
			"rotation": [17.16, -38.05, -3.67],
			"scale": [0.83203, 0.83203, 0.83203]
		},
		"head": {
			"rotation": [15.94, -24.58, 96.79],
			"translation": [0, 8.5, 0]
		},
		"fixed": {
			"rotation": [-90, 0, 0],
			"translation": [0, 0, -6.25]
		}
	},
	"groups": [
		{
			"name": "Thorylin Mead",
			"origin": [8, 8, 8],
			"color": 0,
			"children": [0, 1, 2, 3, 4, 5, 6, 7, 8, 9, 10, 11, 12, 13]
		},
		{
			"name": "content",
			"origin": [11.5, 11.75, -0.25],
			"color": 0,
			"children": [14, 15, 16, 17, 18, 19]
		}
	]
}