{
	"credit": "Made with Blockbench",
	"texture_size": [32, 32],
	"textures": {
		"0": "item/tier3wandhandle",
		"1": "item/tier3wanddecos",
		"particle": "item/tier3wandhandle"
	},
	"elements": [
		{
			"name": "main",
			"from": [6, 0, 6],
			"to": [10, 10, 10],
			"rotation": {"angle": 0, "axis": "y", "origin": [8, 8, 8]},
			"faces": {
				"north": {"uv": [4, 4, 8, 14], "texture": "#0"},
				"east": {"uv": [0, 4, 4, 14], "texture": "#0"},
				"south": {"uv": [12, 4, 16, 14], "texture": "#0"},
				"west": {"uv": [8, 4, 12, 14], "texture": "#0"},
				"up": {"uv": [8, 4, 4, 0], "texture": "#0"},
				"down": {"uv": [12, 0, 8, 4], "texture": "#0"}
			}
		},
		{
			"name": "main",
			"from": [5.5, 10, 5.5],
			"to": [10.5, 17, 10.5],
			"rotation": {"angle": 0, "axis": "y", "origin": [8, 13.5, 8]},
			"faces": {
				"north": {"uv": [0, 7, 2.5, 10.5], "texture": "#1"},
				"east": {"uv": [2.5, 7, 5, 10.5], "texture": "#1"},
				"south": {"uv": [5, 7, 7.5, 10.5], "texture": "#1"},
				"west": {"uv": [7.5, 7, 10, 10.5], "texture": "#1"},
				"up": {"uv": [12.5, 7.5, 10, 5], "texture": "#1"},
				"down": {"uv": [12.5, 7.5, 10, 10], "texture": "#1"}
			}
		},
		{
			"from": [6, 17, 6],
			"to": [10, 18, 10],
			"rotation": {"angle": 0, "axis": "y", "origin": [8, 17.5, 8]},
			"faces": {
				"north": {"uv": [13, 13.5, 15, 14], "texture": "#1"},
				"east": {"uv": [0, 14, 2, 14.5], "texture": "#1"},
				"south": {"uv": [2, 14, 4, 14.5], "texture": "#1"},
				"west": {"uv": [4, 14, 6, 14.5], "texture": "#1"},
				"up": {"uv": [12, 12, 10, 10], "texture": "#1"},
				"down": {"uv": [2, 10.5, 0, 12.5], "texture": "#1"}
			}
		},
		{
			"from": [4.5, 18, 4.5],
			"to": [11.5, 19, 11.5],
			"faces": {
				"north": {"uv": [11, 3, 14.5, 3.5], "texture": "#1"},
				"east": {"uv": [11, 3.5, 14.5, 4], "texture": "#1"},
				"south": {"uv": [11, 4, 14.5, 4.5], "texture": "#1"},
				"west": {"uv": [11, 4.5, 14.5, 5], "texture": "#1"},
				"up": {"uv": [3.5, 3.5, 0, 0], "texture": "#1"},
				"down": {"uv": [3.5, 3.5, 0, 7], "texture": "#1"}
			}
		},
		{
			"from": [4.5, 19, 4.5],
			"to": [10.5, 20, 5.5],
			"faces": {
				"north": {"uv": [11.5, 12, 14.5, 12.5], "texture": "#1"},
				"east": {"uv": [9.5, 11.5, 10, 12], "texture": "#1"},
				"south": {"uv": [0, 12.5, 3, 13], "texture": "#1"},
				"west": {"uv": [5.5, 14.5, 6, 15], "texture": "#1"},
				"up": {"uv": [6, 13, 3, 12.5], "texture": "#1"},
				"down": {"uv": [15.5, 5, 12.5, 5.5], "texture": "#1"}
			}
		},
		{
			"from": [5.5, 19, 10.5],
			"to": [11.5, 20, 11.5],
			"faces": {
				"north": {"uv": [12.5, 5.5, 15.5, 6], "texture": "#1"},
				"east": {"uv": [15, 13.5, 15.5, 14], "texture": "#1"},
				"south": {"uv": [6, 12.5, 9, 13], "texture": "#1"},
				"west": {"uv": [14, 15, 14.5, 15.5], "texture": "#1"},
				"up": {"uv": [15.5, 6.5, 12.5, 6], "texture": "#1"},
				"down": {"uv": [15.5, 6.5, 12.5, 7], "texture": "#1"}
			}
		},
		{
			"from": [10.5, 19, 4.5],
			"to": [11.5, 20, 10.5],
			"faces": {
				"north": {"uv": [14.5, 15, 15, 15.5], "texture": "#1"},
				"east": {"uv": [12.5, 7, 15.5, 7.5], "texture": "#1"},
				"south": {"uv": [15, 14.5, 15.5, 15], "texture": "#1"},
				"west": {"uv": [12.5, 7.5, 15.5, 8], "texture": "#1"},
				"up": {"uv": [9.5, 15.5, 9, 12.5], "texture": "#1"},
				"down": {"uv": [12, 12.5, 11.5, 15.5], "texture": "#1"}
			}
		},
		{
			"from": [4.5, 19, 5.5],
			"to": [5.5, 20, 11.5],
			"faces": {
				"north": {"uv": [15, 15, 15.5, 15.5], "texture": "#1"},
				"east": {"uv": [12.5, 8, 15.5, 8.5], "texture": "#1"},
				"south": {"uv": [0, 15.5, 0.5, 16], "texture": "#1"},
				"west": {"uv": [12.5, 8.5, 15.5, 9], "texture": "#1"},
				"up": {"uv": [12.5, 15.5, 12, 12.5], "texture": "#1"},
				"down": {"uv": [13, 12.5, 12.5, 15.5], "texture": "#1"}
			}
		},
		{
			"from": [6, 19, 6],
			"to": [10, 21, 10],
			"faces": {
				"north": {"uv": [7.5, 10.5, 9.5, 11.5], "texture": "#1"},
				"east": {"uv": [11, 0, 13, 1], "texture": "#1"},
				"south": {"uv": [11, 1, 13, 2], "texture": "#1"},
				"west": {"uv": [11, 2, 13, 3], "texture": "#1"},
				"up": {"uv": [4, 12.5, 2, 10.5], "texture": "#1"},
				"down": {"uv": [6, 10.5, 4, 12.5], "texture": "#1"}
			}
		},
		{
			"from": [9.5, 21, 7],
			"to": [11.5, 22, 9],
			"rotation": {"angle": 0, "axis": "y", "origin": [7.5, 23, 9.5]},
			"faces": {
				"north": {"uv": [1.5, 14.5, 2.5, 15], "texture": "#1"},
				"east": {"uv": [14.5, 1.5, 15.5, 2], "texture": "#1"},
				"south": {"uv": [14.5, 2, 15.5, 2.5], "texture": "#1"},
				"west": {"uv": [2.5, 14.5, 3.5, 15], "texture": "#1"},
				"up": {"uv": [7, 15, 6, 14], "texture": "#1"},
				"down": {"uv": [8, 14, 7, 15], "texture": "#1"}
			}
		},
		{
			"from": [8.5, 21.5, 5.75],
			"to": [11, 22.5, 7.75],
			"rotation": {"angle": 0, "axis": "y", "origin": [7.5, 22.5, 9.5]},
			"faces": {
				"north": {"uv": [0, 14.5, 1.25, 15], "texture": "#1"},
				"east": {"uv": [14.5, 2.5, 15.5, 3], "texture": "#1"},
				"south": {"uv": [14.5, 0, 15.75, 0.5], "texture": "#1"},
				"west": {"uv": [14.5, 3, 15.5, 3.5], "texture": "#1"},
				"up": {"uv": [7.25, 14, 6, 13], "texture": "#1"},
				"down": {"uv": [8.75, 13, 7.5, 14], "texture": "#1"}
			}
		},
		{
			"from": [6.75, 22, 4.5],
			"to": [9.75, 23, 6.5],
			"rotation": {"angle": 0, "axis": "y", "origin": [7.5, 22, 9.5]},
			"faces": {
				"north": {"uv": [8.5, 6.5, 10, 7], "texture": "#1"},
				"east": {"uv": [3.5, 14.5, 4.5, 15], "texture": "#1"},
				"south": {"uv": [6, 12, 7.5, 12.5], "texture": "#1"},
				"west": {"uv": [14.5, 3.5, 15.5, 4], "texture": "#1"},
				"up": {"uv": [14, 10, 12.5, 9], "texture": "#1"},
				"down": {"uv": [1.5, 13, 0, 14], "texture": "#1"}
			}
		},
		{
			"from": [4.75, 22.5, 3.25],
			"to": [8.25, 23.5, 5.25],
			"rotation": {"angle": 0, "axis": "y", "origin": [7.5, 21.5, 9.5]},
			"faces": {
				"north": {"uv": [9.5, 14, 11.25, 14.5], "texture": "#1"},
				"east": {"uv": [14.5, 4, 15.5, 4.5], "texture": "#1"},
				"south": {"uv": [14, 10, 15.75, 10.5], "texture": "#1"},
				"west": {"uv": [4.5, 14.5, 5.5, 15], "texture": "#1"},
				"up": {"uv": [9.25, 12.5, 7.5, 11.5], "texture": "#1"},
				"down": {"uv": [11.25, 12, 9.5, 13], "texture": "#1"}
			}
		},
		{
			"from": [4.5, 21, 7],
			"to": [6.5, 22, 9],
			"faces": {
				"north": {"uv": [14.5, 4.5, 15.5, 5], "texture": "#1"},
				"east": {"uv": [9.5, 14.5, 10.5, 15], "texture": "#1"},
				"south": {"uv": [10.5, 14.5, 11.5, 15], "texture": "#1"},
				"west": {"uv": [14.5, 12, 15.5, 12.5], "texture": "#1"},
				"up": {"uv": [9, 15, 8, 14], "texture": "#1"},
				"down": {"uv": [15, 9, 14, 10], "texture": "#1"}
			}
		},
		{
			"from": [5, 21.5, 8.25],
			"to": [7.5, 22.5, 10.25],
			"rotation": {"angle": 0, "axis": "y", "origin": [0, -0.5, 0]},
			"faces": {
				"north": {"uv": [14.5, 0.5, 15.75, 1], "texture": "#1"},
				"east": {"uv": [14.5, 12.5, 15.5, 13], "texture": "#1"},
				"south": {"uv": [14.5, 1, 15.75, 1.5], "texture": "#1"},
				"west": {"uv": [13, 14.5, 14, 15], "texture": "#1"},
				"up": {"uv": [10.75, 14, 9.5, 13], "texture": "#1"},
				"down": {"uv": [14.25, 12.5, 13, 13.5], "texture": "#1"}
			}
		},
		{
			"from": [6.25, 22, 9.5],
			"to": [9.25, 23, 11.5],
			"rotation": {"angle": 0, "axis": "y", "origin": [0, -1, 0]},
			"faces": {
				"north": {"uv": [14, 11.5, 15.5, 12], "texture": "#1"},
				"east": {"uv": [14.5, 13, 15.5, 13.5], "texture": "#1"},
				"south": {"uv": [13, 14, 14.5, 14.5], "texture": "#1"},
				"west": {"uv": [14, 14.5, 15, 15], "texture": "#1"},
				"up": {"uv": [14.5, 1, 13, 0], "texture": "#1"},
				"down": {"uv": [14.5, 1, 13, 2], "texture": "#1"}
			}
		},
		{
			"from": [7.75, 22.5, 10.75],
			"to": [11.25, 23.5, 12.75],
			"rotation": {"angle": 0, "axis": "y", "origin": [0, -1.5, 0]},
			"faces": {
				"north": {"uv": [14, 10.5, 15.75, 11], "texture": "#1"},
				"east": {"uv": [14.5, 14, 15.5, 14.5], "texture": "#1"},
				"south": {"uv": [14, 11, 15.75, 11.5], "texture": "#1"},
				"west": {"uv": [0, 15, 1, 15.5], "texture": "#1"},
				"up": {"uv": [13.75, 11, 12, 10], "texture": "#1"},
				"down": {"uv": [13.75, 11, 12, 12], "texture": "#1"}
			}
		},
		{
			"name": "main",
			"from": [5.5, -7, 5.5],
			"to": [10.5, 0, 10.5],
			"rotation": {"angle": 0, "axis": "y", "origin": [8, 13.5, 8]},
			"faces": {
				"north": {"uv": [3.5, 0, 6, 3.5], "texture": "#1"},
				"east": {"uv": [3.5, 3.5, 6, 7], "texture": "#1"},
				"south": {"uv": [6, 0, 8.5, 3.5], "texture": "#1"},
				"west": {"uv": [6, 3.5, 8.5, 7], "texture": "#1"},
				"up": {"uv": [11, 2.5, 8.5, 0], "texture": "#1"},
				"down": {"uv": [11, 2.5, 8.5, 5], "texture": "#1"}
			}
		},
		{
			"from": [6.5, -9, 6.5],
			"to": [9.5, -7, 9.5],
			"rotation": {"angle": 0, "axis": "y", "origin": [1, 1, 1]},
			"faces": {
				"north": {"uv": [1.5, 13, 3, 14], "texture": "#1"},
				"east": {"uv": [13, 2, 14.5, 3], "texture": "#1"},
				"south": {"uv": [3, 13, 4.5, 14], "texture": "#1"},
				"west": {"uv": [4.5, 13, 6, 14], "texture": "#1"},
				"up": {"uv": [10, 6.5, 8.5, 5], "texture": "#1"},
				"down": {"uv": [7.5, 10.5, 6, 12], "texture": "#1"}
			}
		},
		{
			"from": [7.25, -8, 9.25],
			"to": [8.75, -7, 10.25],
			"rotation": {"angle": 0, "axis": "y", "origin": [1, 1, 1]},
			"faces": {
				"north": {"uv": [1, 15, 1.75, 15.5], "texture": "#1"},
				"east": {"uv": [0.5, 15.5, 1, 16], "texture": "#1"},
				"south": {"uv": [2, 15, 2.75, 15.5], "texture": "#1"},
				"west": {"uv": [1, 15.5, 1.5, 16], "texture": "#1"},
				"up": {"uv": [3.75, 15.5, 3, 15], "texture": "#1"},
				"down": {"uv": [4.75, 15, 4, 15.5], "texture": "#1"}
			}
		},
		{
			"from": [7.25, -8, 5.5],
			"to": [8.75, -7, 6.5],
			"rotation": {"angle": 0, "axis": "y", "origin": [1, 1, 1]},
			"faces": {
				"north": {"uv": [5, 15, 5.75, 15.5], "texture": "#1"},
				"east": {"uv": [1.5, 15.5, 2, 16], "texture": "#1"},
				"south": {"uv": [6, 15, 6.75, 15.5], "texture": "#1"},
				"west": {"uv": [15.5, 1.5, 16, 2], "texture": "#1"},
				"up": {"uv": [7.75, 15.5, 7, 15], "texture": "#1"},
				"down": {"uv": [8.75, 15, 8, 15.5], "texture": "#1"}
			}
		},
		{
			"from": [5.5, -8, 7.25],
			"to": [6.5, -7, 8.75],
			"rotation": {"angle": 0, "axis": "y", "origin": [1, 1, 1]},
			"faces": {
				"north": {"uv": [2, 15.5, 2.5, 16], "texture": "#1"},
				"east": {"uv": [15, 9, 15.75, 9.5], "texture": "#1"},
				"south": {"uv": [15.5, 2, 16, 2.5], "texture": "#1"},
				"west": {"uv": [9.5, 15, 10.25, 15.5], "texture": "#1"},
				"up": {"uv": [10, 11.25, 9.5, 10.5], "texture": "#1"},
				"down": {"uv": [11.5, 13, 11, 13.75], "texture": "#1"}
			}
		},
		{
			"from": [9.5, -8, 7.25],
			"to": [10.5, -7, 8.75],
			"rotation": {"angle": 0, "axis": "y", "origin": [1, 1, 1]},
			"faces": {
				"north": {"uv": [2.5, 15.5, 3, 16], "texture": "#1"},
				"east": {"uv": [15, 9.5, 15.75, 10], "texture": "#1"},
				"south": {"uv": [15.5, 2.5, 16, 3], "texture": "#1"},
				"west": {"uv": [10.5, 15, 11.25, 15.5], "texture": "#1"},
				"up": {"uv": [13.5, 15.75, 13, 15], "texture": "#1"},
				"down": {"uv": [14, 15, 13.5, 15.75], "texture": "#1"}
			}
		}
	],
	"display": {
		"thirdperson_righthand": {
			"rotation": [7.18, 35.3, 16.58],
			"translation": [-0.25, 1.5, 1.5],
			"scale": [0.3, 0.5, 0.3]
		},
		"thirdperson_lefthand": {
			"rotation": [7.18, 35.3, 16.58],
			"translation": [-0.25, 1.5, 1.5],
			"scale": [0.3, 0.5, 0.3]
		},
		"firstperson_righthand": {
			"rotation": [-22.96, -3.31, 7.27],
			"translation": [7.25, -6.25, -6.5],
			"scale": [1, 1.4, 1]
		},
		"firstperson_lefthand": {
			"rotation": [-22.96, -3.31, 7.27],
			"translation": [7.25, -6.25, -6.5],
			"scale": [1, 1.4, 1]
		},
		"ground": {
			"translation": [0, 5, 0],
			"scale": [0.2, 0.33, 0.2]
		},
		"gui": {
			"rotation": [0, 0, -43.5],
			"translation": [0.75, 0.75, 0],
			"scale": [0.3, 0.5, 0.3]
		},
		"fixed": {
			"rotation": [0, 0, 46.75],
			"translation": [0, 0.75, 0],
			"scale": [0.4, 0.67, 0.4]
		}
	},
	"groups": [
		{
			"name": "root",
			"origin": [8, 8, 8],
			"color": 0,
			"children": [
				{
					"name": "wandGrip",
					"origin": [8, 8, 8],
					"color": 0,
					"children": [0]
				},
				{
					"name": "wandTop",
					"origin": [8, 8, 8],
					"color": 0,
					"children": [
						1,
						{
							"name": "topDeco",
							"origin": [8, 8, 8],
							"color": 0,
							"children": [
								{
									"name": "gemHolder",
									"origin": [8, 8, 8],
									"color": 0,
									"children": [2, 3, 4, 5, 6, 7]
								},
								{
									"name": "gem",
									"origin": [8, 8, 8],
									"color": 0,
									"children": [
										8,
										{
											"name": "leftGem",
											"origin": [8, 8, 8],
											"color": 0,
											"children": [9, 10, 11, 12]
										},
										{
											"name": "rightGem",
											"origin": [8, 8, 8],
											"color": 0,
											"children": [13, 14, 15, 16]
										}
									]
								}
							]
						}
					]
				},
				{
					"name": "wandBottom",
					"origin": [8, 8, 8],
					"color": 0,
					"children": [
						17,
						{
							"name": "BottomDeco",
							"origin": [8, 8, 8],
							"color": 0,
							"children": [18]
						},
						{
							"name": "BottomDeco",
							"origin": [8, 8, 8],
							"color": 0,
							"children": [19]
						},
						{
							"name": "BottomDeco",
							"origin": [8, 8, 8],
							"color": 0,
							"children": [20]
						},
						{
							"name": "BottomDeco",
							"origin": [8, 8, 8],
							"color": 0,
							"children": [21, 22]
						}
					]
				}
			]
		}
	]
}