{
	"credit": "Made with Blockbench",
	"textures": {
		"0": "item/tier2wandhandlebottom",
		"1": "item/tier2wandhandletop",
		"2": "item/tier2wandbottomdeco",
		"3": "item/tier2wandtopdeco",
		"4": "item/tier2wandgem",
		"particle": "item/tier2wandhandlebottom"
	},
	"elements": [
		{
			"name": "handleBottom",
			"from": [7, 2, 7],
			"to": [9, 11, 9],
			"rotation": {"angle": 0, "axis": "y", "origin": [8, 8, 8]},
			"faces": {
				"north": {"uv": [2, 2, 4, 11], "texture": "#0"},
				"east": {"uv": [0, 2, 2, 11], "texture": "#0"},
				"south": {"uv": [6, 2, 8, 11], "texture": "#0"},
				"west": {"uv": [4, 2, 6, 11], "texture": "#0"},
				"up": {"uv": [4, 2, 2, 0], "texture": "#0"},
				"down": {"uv": [6, 0, 4, 2], "texture": "#0"}
			}
		},
		{
			"name": "handleTop",
			"from": [6.75, 11, 6.75],
			"to": [9.25, 17.75, 9.25],
			"rotation": {"angle": 0, "axis": "y", "origin": [7.75, 8, 7.75]},
			"faces": {
				"north": {"uv": [2, 2, 4, 8], "texture": "#1"},
				"east": {"uv": [0, 2, 2, 8], "texture": "#1"},
				"south": {"uv": [6, 2, 8, 8], "texture": "#1"},
				"west": {"uv": [4, 2, 6, 8], "texture": "#1"},
				"up": {"uv": [4, 2, 2, 0], "texture": "#1"},
				"down": {"uv": [6, 0, 4, 2], "texture": "#1"}
			}
		},
		{
			"from": [6, 17.75, 6],
			"to": [10, 19.75, 10],
			"rotation": {"angle": 0, "axis": "y", "origin": [8, 19.5, 8]},
			"faces": {
				"north": {"uv": [4, 0, 8, 2], "texture": "#3"},
				"east": {"uv": [4, 2, 8, 4], "texture": "#3"},
				"south": {"uv": [4, 4, 8, 6], "texture": "#3"},
				"west": {"uv": [4, 6, 8, 8], "texture": "#3"},
				"up": {"uv": [4, 4, 0, 0], "texture": "#3"},
				"down": {"uv": [4, 4, 0, 8], "texture": "#3"}
			}
		},
		{
			"from": [7.5, 18.75, 4.5],
			"to": [8.5, 21.75, 6.5],
			"rotation": {"angle": 0, "axis": "y", "origin": [8, 19.5, 8]},
			"faces": {
				"north": {"uv": [10, 0, 11, 3], "texture": "#3"},
				"east": {"uv": [0, 8, 2, 11], "texture": "#3"},
				"south": {"uv": [10, 3, 11, 6], "texture": "#3"},
				"west": {"uv": [8, 0, 10, 3], "texture": "#3"},
				"up": {"uv": [4, 13, 3, 11], "texture": "#3"},
				"down": {"uv": [12, 3, 11, 5], "texture": "#3"}
			}
		},
		{
			"from": [9.5, 18.75, 7.5],
			"to": [11.5, 21.75, 8.5],
			"rotation": {"angle": 0, "axis": "y", "origin": [8, 19.5, 8]},
			"faces": {
				"north": {"uv": [2, 8, 4, 11], "texture": "#3"},
				"east": {"uv": [10, 6, 11, 9], "texture": "#3"},
				"south": {"uv": [8, 3, 10, 6], "texture": "#3"},
				"west": {"uv": [10, 9, 11, 12], "texture": "#3"},
				"up": {"uv": [6, 12, 4, 11], "texture": "#3"},
				"down": {"uv": [13, 5, 11, 6], "texture": "#3"}
			}
		},
		{
			"from": [4.5, 18.75, 7.5],
			"to": [6.5, 21.75, 8.5],
			"rotation": {"angle": 0, "axis": "y", "origin": [8, 19.5, 8]},
			"faces": {
				"north": {"uv": [4, 8, 6, 11], "texture": "#3"},
				"east": {"uv": [0, 11, 1, 14], "texture": "#3"},
				"south": {"uv": [6, 8, 8, 11], "texture": "#3"},
				"west": {"uv": [11, 0, 12, 3], "texture": "#3"},
				"up": {"uv": [8, 12, 6, 11], "texture": "#3"},
				"down": {"uv": [13, 6, 11, 7], "texture": "#3"}
			}
		},
		{
			"from": [7.5, 18.75, 9.5],
			"to": [8.5, 21.75, 11.5],
			"rotation": {"angle": 0, "axis": "y", "origin": [8, 19.5, 8]},
			"faces": {
				"north": {"uv": [1, 11, 2, 14], "texture": "#3"},
				"east": {"uv": [8, 6, 10, 9], "texture": "#3"},
				"south": {"uv": [2, 11, 3, 14], "texture": "#3"},
				"west": {"uv": [8, 9, 10, 12], "texture": "#3"},
				"up": {"uv": [12, 9, 11, 7], "texture": "#3"},
				"down": {"uv": [12, 9, 11, 11], "texture": "#3"}
			}
		},
		{
			"from": [6.5, 1, 6.5],
			"to": [9.5, 2, 9.5],
			"rotation": {"angle": 0, "axis": "y", "origin": [8, 1, 8]},
			"faces": {
				"north": {"uv": [3, 3, 6, 4], "texture": "#2"},
				"east": {"uv": [0, 3, 3, 4], "texture": "#2"},
				"south": {"uv": [9, 3, 12, 4], "texture": "#2"},
				"west": {"uv": [6, 3, 9, 4], "texture": "#2"},
				"up": {"uv": [6, 3, 3, 0], "texture": "#2"},
				"down": {"uv": [9, 0, 6, 3], "texture": "#2"}
			}
		},
		{
			"from": [7, 0, 7],
			"to": [9, 1, 9],
			"rotation": {"angle": 0, "axis": "y", "origin": [8, 1, 8]},
			"faces": {
				"north": {"uv": [2, 6, 4, 7], "texture": "#2"},
				"east": {"uv": [0, 6, 2, 7], "texture": "#2"},
				"south": {"uv": [6, 6, 8, 7], "texture": "#2"},
				"west": {"uv": [4, 6, 6, 7], "texture": "#2"},
				"up": {"uv": [4, 6, 2, 4], "texture": "#2"},
				"down": {"uv": [6, 4, 4, 6], "texture": "#2"}
			}
		},
		{
			"name": "gem",
			"from": [5.5, 19.75, 5.5],
			"to": [10.5, 23.75, 10.5],
			"rotation": {"angle": 0, "axis": "y", "origin": [7.5, 21.25, 7.5]},
			"faces": {
				"north": {"uv": [0.08649, 0.08649, 5.08649, 5.08649], "texture": "#4"},
				"east": {"uv": [0.12973, 5, 5.12973, 10], "texture": "#4"},
				"south": {"uv": [5, 0.12973, 10, 5.12973], "texture": "#4"},
				"west": {"uv": [5.08649, 5, 10.08649, 10], "texture": "#4"},
				"up": {"uv": [5.12973, 15, 0.12973, 10], "texture": "#4"},
				"down": {"uv": [15, 0.12973, 10, 5.12973], "texture": "#4"}
			}
		}
	],
	"display": {
		"thirdperson_righthand": {
			"translation": [0, -1, 1],
			"scale": [0.44, 0.59, 0.44]
		},
		"thirdperson_lefthand": {
			"translation": [0, -1, 1],
			"scale": [0.44, 0.59, 0.44]
		},
		"firstperson_righthand": {
			"rotation": [-11.29, -2.2, 10.82],
			"translation": [1, 0.75, 1],
			"scale": [0.44, 0.59, 0.44]
		},
		"firstperson_lefthand": {
			"rotation": [-11.29, -2.2, 10.82],
			"translation": [1, 0.75, 1],
			"scale": [0.44, 0.59, 0.44]
		},
		"ground": {
			"translation": [0, 2.75, 0.25],
			"scale": [0.44, 0.59, 0.44]
		},
		"gui": {
			"rotation": [0, 0, -45],
			"translation": [-2.5, -2.5, 0],
			"scale": [0.69, 0.8, 0.69]
		},
		"head": {
			"translation": [0, -1, 1],
			"scale": [0.44, 0.59, 0.44]
		},
		"fixed": {
			"rotation": [0, 0, 45],
			"translation": [2.75, -2.5, 0],
			"scale": [0.78, 0.89, 0.78]
		}
	},
	"groups": [
		{
			"name": "root",
			"origin": [8, 8, 8],
			"color": 0,
			"children": [
				0,
				1,
				{
					"name": "TopDeco",
					"origin": [7.75, 8, 7.75],
					"color": 0,
					"children": [2, 3, 4, 5, 6]
				},
				{
					"name": "bottomDeco",
					"origin": [8, 3, 8],
					"color": 0,
					"children": [7, 8]
				},
				{
					"name": "gem",
					"origin": [7.5, 21.25, 7.5],
					"color": 0,
					"children": [9]
				}
			]
		}
	]
}