{
	"credit": "Made with Blockbench",
	"textures": {
		"0": "item/tier4wand",
		"1": "item/tier4wandgem",
		"particle": "item/tier4wand"
	},
	"elements": [
		{
			"from": [5, 24.5, 6.5],
			"to": [8, 27.5, 9.5],
			"rotation": {"angle": 0, "axis": "x", "origin": [6.5, 26, 8]},
			"faces": {
				"north": {"uv": [0, 0, 3, 3], "texture": "#1"},
				"east": {"uv": [0, 3, 3, 6], "texture": "#1"},
				"south": {"uv": [3, 0, 6, 3], "texture": "#1"},
				"west": {"uv": [3, 3, 6, 6], "texture": "#1"},
				"up": {"uv": [3, 9, 0, 6], "texture": "#1"},
				"down": {"uv": [9, 0, 6, 3], "texture": "#1"}
			}
		},
		{
			"from": [6.75, -16, 6.75],
			"to": [9.25, -8, 9.25],
			"rotation": {"angle": 0, "axis": "y", "origin": [7, -16, 7]},
			"faces": {
				"north": {"uv": [8.5, 8.5, 10, 12.5], "texture": "#0"},
				"east": {"uv": [9, 4, 10.5, 8], "texture": "#0"},
				"south": {"uv": [10, 0, 11.5, 4], "texture": "#0"},
				"west": {"uv": [10, 8, 11.5, 12], "texture": "#0"},
				"up": {"uv": [13.5, 5.5, 12, 4], "texture": "#0"},
				"down": {"uv": [13.5, 5.5, 12, 7], "texture": "#0"}
			}
		},
		{
			"from": [7.25, -8, 7.25],
			"to": [8.75, 20, 8.75],
			"rotation": {"angle": 0, "axis": "y", "origin": [7, 0, 7]},
			"faces": {
				"north": {"uv": [0, 0, 1, 14], "texture": "#0"},
				"east": {"uv": [1, 0, 2, 14], "texture": "#0"},
				"south": {"uv": [2, 0, 3, 14], "texture": "#0"},
				"west": {"uv": [3, 0, 4, 14], "texture": "#0"},
				"up": {"uv": [9.5, 13.5, 8.5, 12.5], "texture": "#0"},
				"down": {"uv": [14, 0.5, 13, 1.5], "texture": "#0"}
			}
		},
		{
			"from": [8.5, 21, 6.5],
			"to": [9.5, 22, 9.5],
			"rotation": {"angle": 0, "axis": "y", "origin": [8.5, 21, 7]},
			"faces": {
				"north": {"uv": [8.5, 5.5, 9, 6], "texture": "#0"},
				"east": {"uv": [13, 1.5, 14.5, 2], "texture": "#0"},
				"south": {"uv": [9, 8, 9.5, 8.5], "texture": "#0"},
				"west": {"uv": [13, 2, 14.5, 2.5], "texture": "#0"},
				"up": {"uv": [9, 5.5, 8.5, 4], "texture": "#0"},
				"down": {"uv": [10, 12.5, 9.5, 14], "texture": "#0"}
			}
		},
		{
			"from": [5.5, 20, 5.5],
			"to": [10.5, 21, 10.5],
			"rotation": {"angle": 0, "axis": "y", "origin": [7.5, 20, 7]},
			"faces": {
				"north": {"uv": [12, 7, 14.5, 7.5], "texture": "#0"},
				"east": {"uv": [12.5, 12, 15, 12.5], "texture": "#0"},
				"south": {"uv": [12.5, 12.5, 15, 13], "texture": "#0"},
				"west": {"uv": [13, 0, 15.5, 0.5], "texture": "#0"},
				"up": {"uv": [6.5, 8.5, 4, 6], "texture": "#0"},
				"down": {"uv": [9, 6, 6.5, 8.5], "texture": "#0"}
			}
		},
		{
			"from": [9.5, 22, 6.5],
			"to": [10.5, 24, 9.5],
			"rotation": {"angle": 0, "axis": "y", "origin": [9.5, 22, 7]},
			"faces": {
				"north": {"uv": [13.5, 6, 14, 7], "texture": "#0"},
				"east": {"uv": [11, 12, 12.5, 13], "texture": "#0"},
				"south": {"uv": [8, 13.5, 8.5, 14.5], "texture": "#0"},
				"west": {"uv": [4, 12.5, 5.5, 13.5], "texture": "#0"},
				"up": {"uv": [13.5, 9, 13, 7.5], "texture": "#0"},
				"down": {"uv": [13.5, 9, 13, 10.5], "texture": "#0"}
			}
		},
		{
			"from": [10.5, 24, 6.5],
			"to": [11.5, 31, 9.5],
			"rotation": {"angle": 0, "axis": "y", "origin": [10.5, 24, 7]},
			"faces": {
				"north": {"uv": [10, 12, 10.5, 15.5], "texture": "#0"},
				"east": {"uv": [10.5, 4, 12, 7.5], "texture": "#0"},
				"south": {"uv": [10.5, 12, 11, 15.5], "texture": "#0"},
				"west": {"uv": [11.5, 0, 13, 3.5], "texture": "#0"},
				"up": {"uv": [11.5, 14.5, 11, 13], "texture": "#0"},
				"down": {"uv": [12, 13, 11.5, 14.5], "texture": "#0"}
			}
		},
		{
			"from": [1.5, 30, 6.5],
			"to": [10.5, 31, 9.5],
			"rotation": {"angle": 0, "axis": "y", "origin": [9.5, 27, 7]},
			"faces": {
				"north": {"uv": [11.5, 3.5, 16, 4], "texture": "#0"},
				"east": {"uv": [13, 2.5, 14.5, 3], "texture": "#0"},
				"south": {"uv": [11.5, 10.5, 16, 11], "texture": "#0"},
				"west": {"uv": [13, 3, 14.5, 3.5], "texture": "#0"},
				"up": {"uv": [8.5, 1.5, 4, 0], "texture": "#0"},
				"down": {"uv": [8.5, 1.5, 4, 3], "texture": "#0"}
			}
		},
		{
			"from": [1.5, 29, 6.5],
			"to": [2.5, 30, 9.5],
			"rotation": {"angle": 0, "axis": "y", "origin": [9.5, 26, 7]},
			"faces": {
				"north": {"uv": [9.5, 8, 10, 8.5], "texture": "#0"},
				"east": {"uv": [12, 13, 13.5, 13.5], "texture": "#0"},
				"south": {"uv": [10.5, 7.5, 11, 8], "texture": "#0"},
				"west": {"uv": [4, 13.5, 5.5, 14], "texture": "#0"},
				"up": {"uv": [14, 5.5, 13.5, 4], "texture": "#0"},
				"down": {"uv": [6, 13.5, 5.5, 15], "texture": "#0"}
			}
		},
		{
			"from": [1.5, 31, 6.5],
			"to": [10.5, 31.5, 9.5],
			"rotation": {"angle": 0, "axis": "y", "origin": [9.5, 28, 7]},
			"faces": {
				"north": {"uv": [11.5, 11, 16, 11.5], "texture": "#0"},
				"east": {"uv": [13.5, 5.5, 15, 6], "texture": "#0"},
				"south": {"uv": [11.5, 11.5, 16, 12], "texture": "#0"},
				"west": {"uv": [6, 13.5, 7.5, 14], "texture": "#0"},
				"up": {"uv": [8.5, 4.5, 4, 3], "texture": "#0"},
				"down": {"uv": [8.5, 4.5, 4, 6], "texture": "#0"}
			}
		},
		{
			"from": [11.5, 29, 6.5],
			"to": [12.5, 31, 9.5],
			"rotation": {"angle": 0, "axis": "y", "origin": [19.5, 27, 7]},
			"faces": {
				"north": {"uv": [8.5, 13.5, 9, 14.5], "texture": "#0"},
				"east": {"uv": [5.5, 12.5, 7, 13.5], "texture": "#0"},
				"south": {"uv": [9, 13.5, 9.5, 14.5], "texture": "#0"},
				"west": {"uv": [7, 12.5, 8.5, 13.5], "texture": "#0"},
				"up": {"uv": [8, 15, 7.5, 13.5], "texture": "#0"},
				"down": {"uv": [14, 7.5, 13.5, 9], "texture": "#0"}
			}
		}
	],
	"display": {
		"thirdperson_righthand": {
			"rotation": [11, -90, 0],
			"translation": [0, 0, 1.5]
		},
		"thirdperson_lefthand": {
			"rotation": [11, 90, 0],
			"translation": [0, 0, 1.5]
		},
		"firstperson_righthand": {
			"rotation": [-23, -85, 0],
			"translation": [3.25, -1, 0]
		},
		"firstperson_lefthand": {
			"rotation": [-23, 95, 0],
			"translation": [3.25, -1, 0]
		},
		"ground": {
			"translation": [0, 8, 0],
			"scale": [0.36914, 0.36914, 0.36914]
		},
		"gui": {
			"rotation": [0, 0, -45],
			"translation": [-0.5, -0.75, 0],
			"scale": [0.40039, 0.40039, 0.40039]
		},
		"fixed": {
			"rotation": [0, 0, 41.5],
			"translation": [0.75, 0, 0],
			"scale": [0.46484, 0.46484, 0.46484]
		}
	},
	"groups": [
		{
			"name": "Staff of Abyss",
			"origin": [8, 8, 8],
			"color": 0,
			"children": [
				{
					"name": "Gem",
					"origin": [8, 8, 8],
					"color": 0,
					"children": [0]
				},
				{
					"name": "Shaft",
					"origin": [8, 8, 8],
					"color": 0,
					"children": [1, 2]
				},
				{
					"name": "Top Deco",
					"origin": [8, 8, 8],
					"color": 0,
					"children": [3, 4, 5, 6, 7, 8, 9, 10]
				}
			]
		}
	]
}