{
	"credit": "Made with Blockbench",
	"texture_size": [32, 32],
	"textures": {
		"1": "item/wand1"
	},
	"elements": [
		{
			"from": [6, -8, 6],
			"to": [10, 16, 10],
			"rotation": {"angle": 0, "axis": "y", "origin": [8, 13, 8]},
			"faces": {
				"north": {"uv": [2, 2, 4, 14], "texture": "#1"},
				"east": {"uv": [0, 2, 2, 14], "texture": "#1"},
				"south": {"uv": [6, 2, 8, 14], "texture": "#1"},
				"west": {"uv": [4, 2, 6, 14], "texture": "#1"},
				"up": {"uv": [4, 2, 2, 0], "texture": "#1"},
				"down": {"uv": [6, 0, 4, 2], "texture": "#1"}
			}
		},
		{
			"from": [8, 16, 6],
			"to": [12, 20, 10],
			"rotation": {"angle": 0, "axis": "z", "origin": [10, 13, 8]},
			"faces": {
				"north": {"uv": [6, 9, 8, 11], "texture": "#1"},
				"east": {"uv": [4, 9, 6, 11], "texture": "#1"},
				"south": {"uv": [10, 9, 12, 11], "texture": "#1"},
				"west": {"uv": [8, 9, 10, 11], "texture": "#1"},
				"up": {"uv": [8, 9, 6, 7], "texture": "#1"},
				"down": {"uv": [10, 7, 8, 9], "texture": "#1"}
			}
		},
		{
			"from": [4, 16, 8],
			"to": [8, 20, 12],
			"rotation": {"angle": 0, "axis": "z", "origin": [6, 13, 10]},
			"faces": {
				"north": {"uv": [2, 9, 4, 11], "texture": "#1"},
				"east": {"uv": [0, 9, 2, 11], "texture": "#1"},
				"south": {"uv": [6, 9, 8, 11], "texture": "#1"},
				"west": {"uv": [4, 9, 6, 11], "texture": "#1"},
				"up": {"uv": [4, 9, 2, 7], "texture": "#1"},
				"down": {"uv": [6, 7, 4, 9], "texture": "#1"}
			}
		},
		{
			"from": [2, 20, 8],
			"to": [6, 28, 12],
			"rotation": {"angle": 0, "axis": "z", "origin": [4, 17, 10]},
			"faces": {
				"north": {"uv": [6, 4, 8, 8], "texture": "#1"},
				"east": {"uv": [4, 4, 6, 8], "texture": "#1"},
				"south": {"uv": [10, 4, 12, 8], "texture": "#1"},
				"west": {"uv": [8, 4, 10, 8], "texture": "#1"},
				"up": {"uv": [8, 4, 6, 2], "texture": "#1"},
				"down": {"uv": [10, 2, 8, 4], "texture": "#1"}
			}
		},
		{
			"from": [10, 20, 8],
			"to": [18, 24, 12],
			"rotation": {"angle": 0, "axis": "z", "origin": [12, 17, 10]},
			"faces": {
				"north": {"uv": [6, 2, 10, 4], "texture": "#1"},
				"east": {"uv": [4, 2, 6, 4], "texture": "#1"},
				"south": {"uv": [12, 2, 16, 4], "texture": "#1"},
				"west": {"uv": [10, 2, 12, 4], "texture": "#1"},
				"up": {"uv": [10, 2, 6, 0], "texture": "#1"},
				"down": {"uv": [14, 0, 10, 2], "texture": "#1"}
			}
		},
		{
			"from": [10, 20, 12],
			"to": [14, 24, 16],
			"rotation": {"angle": 0, "axis": "z", "origin": [12, 17, 14]},
			"faces": {
				"north": {"uv": [6, 7, 8, 9], "texture": "#1"},
				"east": {"uv": [4, 7, 6, 9], "texture": "#1"},
				"south": {"uv": [10, 7, 12, 9], "texture": "#1"},
				"west": {"uv": [8, 7, 10, 9], "texture": "#1"},
				"up": {"uv": [8, 7, 6, 5], "texture": "#1"},
				"down": {"uv": [10, 5, 8, 7], "texture": "#1"}
			}
		}
	],
	"display": {
		"thirdperson_righthand": {
			"rotation": [8, 0, 0],
			"translation": [0, 2.25, 2],
			"scale": [0.35, 0.35, 0.35]
		},
		"thirdperson_lefthand": {
			"rotation": [8, 0, 0],
			"translation": [0, 2.25, 2],
			"scale": [0.35, 0.35, 0.35]
		},
		"firstperson_righthand": {
			"rotation": [7.9, 1.27, 9.23],
			"translation": [-1.75, 4, 2],
			"scale": [0.35, 0.35, 0.35]
		},
		"firstperson_lefthand": {
			"rotation": [7.9, 1.27, 9.23],
			"translation": [-0.5, 4, 2],
			"scale": [0.35, 0.35, 0.35]
		},
		"ground": {
			"rotation": [8, 0, 0],
			"translation": [0, 2.25, 0.75],
			"scale": [0.35, 0.35, 0.35]
		},
		"gui": {
			"rotation": [0, 0, -45],
			"scale": [0.38, 0.38, 0.38]
		},
		"head": {
			"rotation": [8, 0, 0],
			"translation": [0, 2.25, 2],
			"scale": [0.35, 0.35, 0.35]
		},
		"fixed": {
			"rotation": [0, 0, 45],
			"scale": [0.38, 0.38, 0.38]
		}
	},
	"groups": [
		{
			"name": "root",
			"origin": [8, 8, 8],
			"color": 0,
			"children": [0, 1, 2, 3, 4, 5]
		}
	]
}