{
	"credit": "Made with Blockbench",
	"texture_size": [64, 64],
	"textures": {
		"0": "item/winebottle",
		"particle": "item/winebottle"
	},
	"elements": [
		{
			"from": [5, 0, 5.5],
			"to": [11, 11.5, 10.5],
			"rotation": {"angle": 0, "axis": "y", "origin": [7.5, 0, 7.5]},
			"faces": {
				"north": {"uv": [3.5, 0, 5, 3], "texture": "#0"},
				"east": {"uv": [0, 6, 1.25, 9], "texture": "#0"},
				"south": {"uv": [3.5, 3, 5, 6], "texture": "#0"},
				"west": {"uv": [1.25, 6, 2.5, 9], "texture": "#0"},
				"up": {"uv": [8.5, 7.25, 7, 6], "texture": "#0"},
				"down": {"uv": [8.5, 7.25, 7, 8.5], "texture": "#0"}
			}
		},
		{
			"from": [5.5, 0, 5],
			"to": [10.5, 11.5, 11],
			"rotation": {"angle": 0, "axis": "y", "origin": [7.5, 0, 7.5]},
			"faces": {
				"north": {"uv": [2.5, 6, 3.75, 9], "texture": "#0"},
				"east": {"uv": [5, 0, 6.5, 3], "texture": "#0"},
				"south": {"uv": [3.75, 6, 5, 9], "texture": "#0"},
				"west": {"uv": [5, 3, 6.5, 6], "texture": "#0"},
				"up": {"uv": [8.75, 1.5, 7.5, 0], "texture": "#0"},
				"down": {"uv": [8.75, 1.5, 7.5, 3], "texture": "#0"}
			}
		},
		{
			"from": [4.75, 0, 6],
			"to": [11.25, 11.5, 10],
			"rotation": {"angle": 0, "axis": "y", "origin": [7.5, 0, 7.5]},
			"faces": {
				"north": {"uv": [0, 3, 1.75, 6], "texture": "#0"},
				"east": {"uv": [6.5, 0, 7.5, 3], "texture": "#0"},
				"south": {"uv": [1.75, 3, 3.5, 6], "texture": "#0"},
				"west": {"uv": [6.5, 3, 7.5, 6], "texture": "#0"},
				"up": {"uv": [9.25, 5.75, 7.5, 4.75], "texture": "#0"},
				"down": {"uv": [10.25, 5.75, 8.5, 6.75], "texture": "#0"}
			}
		},
		{
			"from": [6, 0, 4.75],
			"to": [10, 11.5, 11.25],
			"rotation": {"angle": 0, "axis": "y", "origin": [7.5, 0, 7.5]},
			"faces": {
				"north": {"uv": [5, 6, 6, 9], "texture": "#0"},
				"east": {"uv": [0, 0, 1.75, 3], "texture": "#0"},
				"south": {"uv": [6, 6, 7, 9], "texture": "#0"},
				"west": {"uv": [1.75, 0, 3.5, 3], "texture": "#0"},
				"up": {"uv": [8.5, 4.75, 7.5, 3], "texture": "#0"},
				"down": {"uv": [9.5, 3, 8.5, 4.75], "texture": "#0"}
			}
		},
		{
			"from": [6, 11.5, 5],
			"to": [10, 12.5, 11],
			"rotation": {"angle": 0, "axis": "y", "origin": [7.5, 12, 7.5]},
			"faces": {
				"north": {"uv": [7.5, 5.75, 8.5, 6], "texture": "#0"},
				"east": {"uv": [9.25, 5.5, 10.75, 5.75], "texture": "#0"},
				"south": {"uv": [8.5, 8.25, 9.5, 8.5], "texture": "#0"},
				"west": {"uv": [9.5, 4.5, 11, 4.75], "texture": "#0"},
				"up": {"uv": [9.5, 8.25, 8.5, 6.75], "texture": "#0"},
				"down": {"uv": [8, 8.5, 7, 10], "texture": "#0"}
			}
		},
		{
			"from": [5, 11.5, 6],
			"to": [11, 12.5, 10],
			"rotation": {"angle": 0, "axis": "y", "origin": [7.5, 12, 7.5]},
			"faces": {
				"north": {"uv": [3.5, 10, 5, 10.25], "texture": "#0"},
				"east": {"uv": [7, 10, 8, 10.25], "texture": "#0"},
				"south": {"uv": [10, 4.75, 11.5, 5], "texture": "#0"},
				"west": {"uv": [0, 10.25, 1, 10.5], "texture": "#0"},
				"up": {"uv": [9.5, 9.5, 8, 8.5], "texture": "#0"},
				"down": {"uv": [10.25, 0, 8.75, 1], "texture": "#0"}
			}
		},
		{
			"from": [6, 12.5, 5.5],
			"to": [10, 13.25, 10.5],
			"rotation": {"angle": 0, "axis": "y", "origin": [7.5, 13, 7.5]},
			"faces": {
				"north": {"uv": [10.25, 0.5, 11.25, 0.75], "texture": "#0"},
				"east": {"uv": [10, 5, 11.25, 5.25], "texture": "#0"},
				"south": {"uv": [10.25, 0.75, 11.25, 1], "texture": "#0"},
				"west": {"uv": [10, 5.25, 11.25, 5.5], "texture": "#0"},
				"up": {"uv": [9.75, 2.25, 8.75, 1], "texture": "#0"},
				"down": {"uv": [1, 9, 0, 10.25], "texture": "#0"}
			}
		},
		{
			"from": [5.5, 12.5, 6],
			"to": [10.5, 13.25, 10],
			"rotation": {"angle": 0, "axis": "y", "origin": [7.5, 13, 7.5]},
			"faces": {
				"north": {"uv": [10.25, 0, 11.5, 0.25], "texture": "#0"},
				"east": {"uv": [10.25, 2.25, 11.25, 2.5], "texture": "#0"},
				"south": {"uv": [10.25, 0.25, 11.5, 0.5], "texture": "#0"},
				"west": {"uv": [10.25, 2.5, 11.25, 2.75], "texture": "#0"},
				"up": {"uv": [2.25, 10, 1, 9], "texture": "#0"},
				"down": {"uv": [3.5, 9, 2.25, 10], "texture": "#0"}
			}
		},
		{
			"from": [6, 13.25, 6],
			"to": [10, 14, 10],
			"rotation": {"angle": 0, "axis": "y", "origin": [7.5, 13.75, 7.5]},
			"faces": {
				"north": {"uv": [9.75, 1.75, 10.75, 2.25], "texture": "#0"},
				"east": {"uv": [5.5, 9.75, 6.5, 10.25], "texture": "#0"},
				"south": {"uv": [9.5, 9.75, 10.5, 10.25], "texture": "#0"},
				"west": {"uv": [1, 10, 2, 10.5], "texture": "#0"},
				"up": {"uv": [4.5, 10, 3.5, 9], "texture": "#0"},
				"down": {"uv": [5.5, 9, 4.5, 10], "texture": "#0"}
			}
		},
		{
			"from": [6.5, 14, 6.5],
			"to": [9.5, 14.75, 9.5],
			"rotation": {"angle": 0, "axis": "y", "origin": [7.5, 14.5, 7.5]},
			"faces": {
				"north": {"uv": [9.75, 1.75, 10.75, 2.25], "texture": "#0"},
				"east": {"uv": [5.5, 9.75, 6.5, 10.25], "texture": "#0"},
				"south": {"uv": [9.5, 9.75, 10.5, 10.25], "texture": "#0"},
				"west": {"uv": [1, 10, 2, 10.5], "texture": "#0"},
				"up": {"uv": [4.5, 10, 3.5, 9], "texture": "#0"},
				"down": {"uv": [5.5, 9, 4.5, 10], "texture": "#0"}
			}
		},
		{
			"from": [6.5, 14, 6.5],
			"to": [9.5, 14.75, 9.5],
			"rotation": {"angle": 0, "axis": "y", "origin": [7.5, 14.5, 7.5]},
			"faces": {
				"north": {"uv": [9.75, 1.75, 10.75, 2.25], "texture": "#0"},
				"east": {"uv": [5.5, 9.75, 6.5, 10.25], "texture": "#0"},
				"south": {"uv": [9.5, 9.75, 10.5, 10.25], "texture": "#0"},
				"west": {"uv": [1, 10, 2, 10.5], "texture": "#0"},
				"up": {"uv": [4.5, 10, 3.5, 9], "texture": "#0"},
				"down": {"uv": [5.5, 9, 4.5, 10], "texture": "#0"}
			}
		},
		{
			"from": [7, 14.75, 7],
			"to": [9, 19.5, 9],
			"rotation": {"angle": 0, "axis": "y", "origin": [7.5, 17.5, 7.5]},
			"faces": {
				"north": {"uv": [6.5, 9.75, 7, 10.75], "texture": "#0"},
				"east": {"uv": [2, 10, 2.5, 11], "texture": "#0"},
				"south": {"uv": [2.5, 10, 3, 11], "texture": "#0"},
				"west": {"uv": [3, 10, 3.5, 11], "texture": "#0"},
				"up": {"uv": [5.5, 10.5, 5, 10], "texture": "#0"},
				"down": {"uv": [10.75, 2.75, 10.25, 3.25], "texture": "#0"}
			}
		},
		{
			"from": [6.75, 18.5, 6.75],
			"to": [9.25, 19, 9.25],
			"rotation": {"angle": 0, "axis": "y", "origin": [7.5, 19, 7.5]},
			"faces": {
				"north": {"uv": [5.5, 10.25, 6, 10.5], "texture": "#0"},
				"east": {"uv": [10.25, 5.75, 10.75, 6], "texture": "#0"},
				"south": {"uv": [6, 10.25, 6.5, 10.5], "texture": "#0"},
				"west": {"uv": [10.25, 6, 10.75, 6.25], "texture": "#0"},
				"up": {"uv": [10.75, 3.75, 10.25, 3.25], "texture": "#0"},
				"down": {"uv": [4, 10.25, 3.5, 10.75], "texture": "#0"}
			}
		},
		{
			"from": [5.5, 11.5, 10],
			"to": [6, 12.5, 10.5],
			"rotation": {"angle": 0, "axis": "y", "origin": [5.5, 11.5, 10]},
			"faces": {
				"north": {"uv": [4.75, 10.25, 5, 10.5], "texture": "#0"},
				"east": {"uv": [10.25, 6.25, 10.5, 6.5], "texture": "#0"},
				"south": {"uv": [10.25, 6.5, 10.5, 6.75], "texture": "#0"},
				"west": {"uv": [10.25, 6.75, 10.5, 7], "texture": "#0"},
				"up": {"uv": [7.25, 10.5, 7, 10.25], "texture": "#0"},
				"down": {"uv": [10.5, 7, 10.25, 7.25], "texture": "#0"}
			}
		},
		{
			"from": [10, 11.5, 10],
			"to": [10.5, 12.5, 10.5],
			"rotation": {"angle": 0, "axis": "y", "origin": [10, 11.5, 10]},
			"faces": {
				"north": {"uv": [7.25, 10.25, 7.5, 10.5], "texture": "#0"},
				"east": {"uv": [10.25, 7.25, 10.5, 7.5], "texture": "#0"},
				"south": {"uv": [7.5, 10.25, 7.75, 10.5], "texture": "#0"},
				"west": {"uv": [10.25, 7.5, 10.5, 7.75], "texture": "#0"},
				"up": {"uv": [8, 10.5, 7.75, 10.25], "texture": "#0"},
				"down": {"uv": [10.5, 7.75, 10.25, 8], "texture": "#0"}
			}
		},
		{
			"from": [10, 11.5, 5.5],
			"to": [10.5, 12.5, 6],
			"rotation": {"angle": 0, "axis": "y", "origin": [10, 11.5, 5.5]},
			"faces": {
				"north": {"uv": [8, 10.25, 8.25, 10.5], "texture": "#0"},
				"east": {"uv": [10.25, 8, 10.5, 8.25], "texture": "#0"},
				"south": {"uv": [8.25, 10.25, 8.5, 10.5], "texture": "#0"},
				"west": {"uv": [10.25, 8.25, 10.5, 8.5], "texture": "#0"},
				"up": {"uv": [8.75, 10.5, 8.5, 10.25], "texture": "#0"},
				"down": {"uv": [10.5, 8.5, 10.25, 8.75], "texture": "#0"}
			}
		},
		{
			"from": [5.5, 11.5, 5.5],
			"to": [6, 12.5, 6],
			"rotation": {"angle": 0, "axis": "y", "origin": [5.5, 11.5, 5.5]},
			"faces": {
				"north": {"uv": [8.75, 10.25, 9, 10.5], "texture": "#0"},
				"east": {"uv": [10.25, 8.75, 10.5, 9], "texture": "#0"},
				"south": {"uv": [9, 10.25, 9.25, 10.5], "texture": "#0"},
				"west": {"uv": [10.25, 9, 10.5, 9.25], "texture": "#0"},
				"up": {"uv": [9.5, 10.5, 9.25, 10.25], "texture": "#0"},
				"down": {"uv": [10.5, 9.25, 10.25, 9.5], "texture": "#0"}
			}
		}
	],
	"display": {
		"thirdperson_righthand": {
			"translation": [0, 1, 1],
			"scale": [0.45313, 0.45313, 0.45313]
		},
		"thirdperson_lefthand": {
			"translation": [0, 1, 1],
			"scale": [0.45313, 0.45313, 0.45313]
		},
		"firstperson_righthand": {
			"translation": [0, 3.25, 0.75],
			"scale": [0.57422, 0.57422, 0.57422]
		},
		"firstperson_lefthand": {
			"translation": [0, 3.25, 0.75],
			"scale": [0.57422, 0.57422, 0.57422]
		},
		"ground": {
			"translation": [0, 1.25, 0],
			"scale": [0.52148, 0.52148, 0.52148]
		},
		"gui": {
			"rotation": [-30.04, -48.76, -61.37],
			"scale": [0.72852, 0.72852, 0.72852]
		},
		"head": {
			"translation": [0, 11.5, 0],
			"scale": [0.64258, 0.64258, 0.64258]
		},
		"fixed": {
			"rotation": [-90, 0, 0],
			"translation": [0, 0, -7.25]
		}
	},
	"groups": [
		{
			"name": "Wine",
			"origin": [8, 8, 8],
			"color": 0,
			"children": [0, 1, 2, 3, 4, 5, 6, 7, 8, 9, 10, 11, 12, 13, 14, 15, 16]
		}
	]
}